2026-02-25 00:18:23,169 - Knowledge - INFO - Created shared MongoDB connection pool
2026-02-25 00:18:23,554 - Knowledge - INFO - Starting Knowledge Graph processing with 20 threads
2026-02-25 00:18:23,736 - Knowledge - INFO - Initial configuration: chunk_size=65536, max_cache_size=500
2026-02-25 00:18:23,931 - Knowledge - INFO - Knowledge Graph concurrency configuration: workers=20, max_batch_size=10, max_concurrent_llm_calls=50
2026-02-25 00:18:25,691 - Knowledge - INFO - 🔍 _load_persisted_knowledge called - checking for Redis optimization
2026-02-25 00:18:25,861 - Knowledge - WARNING - ❌ load_from_redis method not found - Redis support not attached
2026-02-25 00:18:26,030 - Knowledge - INFO - load persisted knowledge: begin
2026-02-25 00:18:26,199 - Knowledge - INFO - Loaded 0 files from persisted knowledge
2026-02-25 00:18:26,411 - Knowledge - INFO - load persisted knowledge: end
2026-02-25 00:18:26,583 - Knowledge - WARNING - No persisted knowledge found. Files will be queued during start()
2026-02-25 00:18:26,792 - Knowledge - INFO - Redis support added with prefix knowledge:b23195v:
2026-02-25 00:18:29,904 - Knowledge - INFO - Starting knowledge initialization for ID: oN2WD1-b23195v
2026-02-25 00:18:30,070 - Knowledge - INFO - 🔍 Checking Redis for build_id: b23195v
2026-02-25 00:18:30,229 - Knowledge - INFO - 🔍 Full session ID: oN2WD1-b23195v
2026-02-25 00:18:30,395 - Knowledge - INFO - 🔍 Redis prefix will be: knowledge:b23195v:
2026-02-25 00:18:30,593 - Knowledge - INFO - 🔍 Using attached load_from_redis() method
2026-02-25 00:18:30,765 - Knowledge - INFO - 🔍 Attempting to load knowledge from Redis...
2026-02-25 00:18:30,929 - Knowledge - INFO - 🔍 Using derived instance_id for Redis lookup: b23195v
2026-02-25 00:18:31,138 - Knowledge - WARNING - ❌ No Redis cache found
2026-02-25 00:18:31,331 - Knowledge - INFO - 📁 Loading knowledge from disk...
2026-02-25 00:18:31,550 - Knowledge - INFO - load persisted docinfo: begin
2026-02-25 00:18:31,747 - Knowledge - INFO - load persisted docinfo: end
2026-02-25 00:18:31,959 - Knowledge - INFO - 🔍 _load_persisted_knowledge called - checking for Redis optimization
2026-02-25 00:18:32,162 - Knowledge - INFO - ✅ load_from_redis method found - attempting Redis load
2026-02-25 00:18:32,364 - Knowledge - INFO - 🔍 Attempting to load knowledge from Redis...
2026-02-25 00:18:32,569 - Knowledge - INFO - 🔍 Using derived instance_id for Redis lookup: b23195v
2026-02-25 00:18:32,787 - Knowledge - WARNING - ❌ No Redis cache found
2026-02-25 00:18:32,944 - Knowledge - INFO - ❌ Redis load returned False - falling back to file loading
2026-02-25 00:18:33,151 - Knowledge - INFO - load persisted knowledge: begin
2026-02-25 00:18:33,361 - Knowledge - INFO - Loaded 0 files from persisted knowledge
2026-02-25 00:18:33,534 - Knowledge - INFO - load persisted knowledge: end
2026-02-25 00:18:33,733 - Knowledge - INFO - 📁 Disk load complete in 2.23s
2026-02-25 00:18:33,943 - Knowledge - INFO - Populating ingest queue with source files...
2026-02-25 00:18:38,076 - Knowledge - INFO - Added 1455 files from /app/data/newkinpogroup5515/55/b23195v/lu5-55 to ingest queue
2026-02-25 00:18:38,281 - Knowledge - INFO - [WEBSOCKET] Sent: Type=progress_update, Size: 161, Duration: 0ms
2026-02-25 00:18:38,497 - Knowledge - INFO - Worker kw1 created using shared MongoDB connection pool
2026-02-25 00:18:38,660 - Knowledge - INFO - knowledge worker kw1 start
2026-02-25 00:18:38,661 - Knowledge - INFO - Worker kw2 created using shared MongoDB connection pool
2026-02-25 00:18:38,859 - Knowledge - INFO - [kw1] Queue=1455, InProgress=0, PendingWorkers=0/1, Completed=0/1455 (0.0%)
2026-02-25 00:18:38,978 - Knowledge - INFO - knowledge worker kw2 start
2026-02-25 00:18:38,978 - Knowledge - INFO - Worker kw3 created using shared MongoDB connection pool
2026-02-25 00:18:39,066 - Knowledge - INFO - Batch sizing: calculated=10, max_allowed=10, queue=1455, active_workers=0/2
2026-02-25 00:18:39,152 - Knowledge - INFO - [kw2] Queue=1455, InProgress=0, PendingWorkers=0/2, Completed=0/1455 (0.0%)
2026-02-25 00:18:39,240 - Knowledge - INFO - knowledge worker kw3 start
2026-02-25 00:18:39,240 - Knowledge - INFO - Worker kw4 created using shared MongoDB connection pool
2026-02-25 00:18:39,351 - Knowledge - INFO - Worker kw1 processing /app/data/newkinpogroup5515/55/b23195v/lu5-55/src/lu5_types.h
2026-02-25 00:18:39,434 - Knowledge - INFO - Batch sizing: calculated=10, max_allowed=10, queue=1455, active_workers=1/3
2026-02-25 00:18:39,556 - Knowledge - INFO - [kw3] Queue=1445, InProgress=0, PendingWorkers=1/3, Completed=0/1455 (0.0%)
2026-02-25 00:18:39,637 - Knowledge - INFO - knowledge worker kw4 start
2026-02-25 00:18:39,637 - Knowledge - INFO - Worker kw5 created using shared MongoDB connection pool
2026-02-25 00:18:39,712 - Knowledge - INFO - Fast-tracked /app/data/newkinpogroup5515/55/b23195v/lu5-55/src/lu5_types.h (ext=.h, size=917)
2026-02-25 00:18:39,823 - Knowledge - INFO - Worker kw2 processing /app/data/newkinpogroup5515/55/b23195v/lu5-55/src/lu5_list.c
2026-02-25 00:18:39,921 - Knowledge - INFO - Batch sizing: calculated=10, max_allowed=10, queue=1445, active_workers=2/4
2026-02-25 00:18:40,011 - Knowledge - INFO - [kw4] Queue=1435, InProgress=0, PendingWorkers=2/4, Completed=0/1455 (0.0%)
2026-02-25 00:18:40,087 - Knowledge - INFO - knowledge worker kw5 start
2026-02-25 00:18:40,087 - Knowledge - INFO - Worker kw6 created using shared MongoDB connection pool
2026-02-25 00:18:40,173 - Knowledge - INFO - Worker kw1 processing /app/data/newkinpogroup5515/55/b23195v/lu5-55/src/static/lu5_icon.h
2026-02-25 00:18:40,264 - Knowledge - INFO - Fast-tracked /app/data/newkinpogroup5515/55/b23195v/lu5-55/src/lu5_list.c (ext=.c, size=715)
2026-02-25 00:18:40,381 - Knowledge - INFO - Worker kw3 processing /app/data/newkinpogroup5515/55/b23195v/lu5-55/src/bindings/shapes3D.c
2026-02-25 00:18:40,469 - Knowledge - INFO - Batch sizing: calculated=10, max_allowed=10, queue=1435, active_workers=3/5
2026-02-25 00:18:40,591 - Knowledge - INFO - [kw5] Queue=1425, InProgress=0, PendingWorkers=3/5, Completed=0/1455 (0.0%)
2026-02-25 00:18:40,674 - Knowledge - INFO - knowledge worker kw6 start
2026-02-25 00:18:40,674 - Knowledge - INFO - Worker kw7 created using shared MongoDB connection pool
2026-02-25 00:18:40,746 - Knowledge - INFO - Worker kw1 processing /app/data/newkinpogroup5515/55/b23195v/lu5-55/src/lu5_print.h
2026-02-25 00:18:40,839 - Knowledge - INFO - Worker kw2 processing /app/data/newkinpogroup5515/55/b23195v/lu5-55/src/lu5_font.h
2026-02-25 00:18:40,984 - Knowledge - INFO - Worker kw3 processing /app/data/newkinpogroup5515/55/b23195v/lu5-55/src/bindings/transform.h
2026-02-25 00:18:41,081 - Knowledge - INFO - Worker kw4 processing /app/data/newkinpogroup5515/55/b23195v/lu5-55/src/bindings/window.c
2026-02-25 00:18:41,194 - Knowledge - INFO - Batch sizing: calculated=10, max_allowed=10, queue=1425, active_workers=4/6
2026-02-25 00:18:41,310 - Knowledge - INFO - [kw6] Queue=1415, InProgress=0, PendingWorkers=4/6, Completed=0/1455 (0.0%)
2026-02-25 00:18:41,402 - Knowledge - INFO - knowledge worker kw7 start
2026-02-25 00:18:41,403 - Knowledge - INFO - Worker kw8 created using shared MongoDB connection pool
2026-02-25 00:18:41,498 - Knowledge - INFO - Fast-tracked /app/data/newkinpogroup5515/55/b23195v/lu5-55/src/lu5_print.h (ext=.h, size=304)
2026-02-25 00:18:41,581 - Knowledge - INFO - Fast-tracked /app/data/newkinpogroup5515/55/b23195v/lu5-55/src/lu5_font.h (ext=.h, size=1351)
2026-02-25 00:18:41,703 - Knowledge - INFO - Fast-tracked /app/data/newkinpogroup5515/55/b23195v/lu5-55/src/bindings/transform.h (ext=.h, size=849)
2026-02-25 00:18:41,794 - Knowledge - INFO - Worker kw4 processing /app/data/newkinpogroup5515/55/b23195v/lu5-55/src/bindings/lu5_vector.c
2026-02-25 00:18:41,912 - Knowledge - INFO - Worker kw5 processing /app/data/newkinpogroup5515/55/b23195v/lu5-55/src/bindings/mouse.h
2026-02-25 00:18:42,033 - Knowledge - INFO - Batch sizing: calculated=10, max_allowed=10, queue=1415, active_workers=5/7
2026-02-25 00:18:42,149 - Knowledge - INFO - [kw7] Queue=1405, InProgress=0, PendingWorkers=5/7, Completed=0/1455 (0.0%)
2026-02-25 00:18:42,265 - Knowledge - INFO - knowledge worker kw8 start
2026-02-25 00:18:42,265 - Knowledge - INFO - Worker kw9 created using shared MongoDB connection pool
2026-02-25 00:18:42,387 - Knowledge - INFO - Worker kw1 processing /app/data/newkinpogroup5515/55/b23195v/lu5-55/src/lu5_bindings.c
2026-02-25 00:18:42,480 - Knowledge - INFO - Worker kw2 processing /app/data/newkinpogroup5515/55/b23195v/lu5-55/src/lu5_color.h
2026-02-25 00:18:42,560 - Knowledge - INFO - Worker kw3 processing /app/data/newkinpogroup5515/55/b23195v/lu5-55/src/bindings/keyboard.c
2026-02-25 00:18:42,687 - Knowledge - INFO - Worker kw4 processing /app/data/newkinpogroup5515/55/b23195v/lu5-55/src/bindings/image.h
2026-02-25 00:18:42,783 - Knowledge - INFO - Worker kw5 processing /app/data/newkinpogroup5515/55/b23195v/lu5-55/src/bindings/setting.c
2026-02-25 00:18:42,887 - Knowledge - INFO - Worker kw6 processing /app/data/newkinpogroup5515/55/b23195v/lu5-55/src/lu5_color.c
2026-02-25 00:18:42,982 - Knowledge - INFO - Batch sizing: calculated=10, max_allowed=10, queue=1405, active_workers=6/8
2026-02-25 00:18:43,066 - Knowledge - INFO - [kw8] Queue=1395, InProgress=0, PendingWorkers=6/8, Completed=0/1455 (0.0%)
2026-02-25 00:18:43,187 - Knowledge - INFO - knowledge worker kw9 start
2026-02-25 00:18:43,189 - Knowledge - INFO - Worker kw10 created using shared MongoDB connection pool
2026-02-25 00:18:43,273 - Knowledge - INFO - Worker kw1 processing /app/data/newkinpogroup5515/55/b23195v/lu5-55/src/lu5_core.h
2026-02-25 00:18:43,359 - Knowledge - INFO - Fast-tracked /app/data/newkinpogroup5515/55/b23195v/lu5-55/src/lu5_color.h (ext=.h, size=832)
2026-02-25 00:18:43,444 - Knowledge - INFO - Fast-tracked /app/data/newkinpogroup5515/55/b23195v/lu5-55/src/bindings/keyboard.c (ext=.c, size=524)
2026-02-25 00:18:43,526 - Knowledge - INFO - Fast-tracked /app/data/newkinpogroup5515/55/b23195v/lu5-55/src/bindings/image.h (ext=.h, size=1562)
2026-02-25 00:18:43,616 - Knowledge - INFO - Fast-tracked /app/data/newkinpogroup5515/55/b23195v/lu5-55/src/bindings/setting.c (ext=.c, size=1586)
2026-02-25 00:18:43,737 - Knowledge - INFO - Worker kw6 processing /app/data/newkinpogroup5515/55/b23195v/lu5-55/src/platform/lu5_setting.c
2026-02-25 00:18:43,850 - Knowledge - INFO - Worker kw7 processing /app/data/newkinpogroup5515/55/b23195v/lu5-55/src/platform/geometry/3D/lu5_torus.c
2026-02-25 00:18:43,925 - Knowledge - INFO - Batch sizing: calculated=10, max_allowed=10, queue=1395, active_workers=7/9
2026-02-25 00:18:44,010 - Knowledge - INFO - [kw9] Queue=1385, InProgress=0, PendingWorkers=7/9, Completed=0/1455 (0.0%)
2026-02-25 00:18:44,095 - Knowledge - INFO - knowledge worker kw10 start
2026-02-25 00:18:44,095 - Knowledge - INFO - Worker kw11 created using shared MongoDB connection pool
2026-02-25 00:18:44,170 - Knowledge - INFO - Fast-tracked /app/data/newkinpogroup5515/55/b23195v/lu5-55/src/lu5_core.h (ext=.h, size=526)
2026-02-25 00:18:44,290 - Knowledge - INFO - Worker kw2 processing /app/data/newkinpogroup5515/55/b23195v/lu5-55/src/lu5_obj.h
2026-02-25 00:18:44,373 - Knowledge - INFO - Worker kw3 processing /app/data/newkinpogroup5515/55/b23195v/lu5-55/src/bindings/models.h
2026-02-25 00:18:44,444 - Knowledge - INFO - Worker kw4 processing /app/data/newkinpogroup5515/55/b23195v/lu5-55/src/bindings/io.c
2026-02-25 00:18:44,557 - Knowledge - INFO - Worker kw5 processing /app/data/newkinpogroup5515/55/b23195v/lu5-55/src/bindings/camera.h
2026-02-25 00:18:44,673 - Knowledge - INFO - Fast-tracked /app/data/newkinpogroup5515/55/b23195v/lu5-55/src/platform/lu5_setting.c (ext=.c, size=613)
2026-02-25 00:18:44,782 - Knowledge - INFO - Worker kw7 processing /app/data/newkinpogroup5515/55/b23195v/lu5-55/src/platform/geometry/3D/lu5_ellipsoid.c
2026-02-25 00:18:44,902 - Knowledge - INFO - Worker kw8 processing /app/data/newkinpogroup5515/55/b23195v/lu5-55/src/platform/lu5_cli_options.c
2026-02-25 00:18:44,990 - Knowledge - INFO - Batch sizing: calculated=10, max_allowed=10, queue=1385, active_workers=8/10
2026-02-25 00:18:45,107 - Knowledge - INFO - [kw10] Queue=1375, InProgress=0, PendingWorkers=8/10, Completed=0/1455 (0.0%)
2026-02-25 00:18:45,186 - Knowledge - INFO - Worker kw12 created using shared MongoDB connection pool
2026-02-25 00:18:45,185 - Knowledge - INFO - knowledge worker kw11 start
2026-02-25 00:18:45,301 - Knowledge - INFO - Worker kw1 processing /app/data/newkinpogroup5515/55/b23195v/lu5-55/src/lu5_fs.h
2026-02-25 00:18:45,376 - Knowledge - INFO - Fast-tracked /app/data/newkinpogroup5515/55/b23195v/lu5-55/src/lu5_obj.h (ext=.h, size=795)
2026-02-25 00:18:45,452 - Knowledge - INFO - Fast-tracked /app/data/newkinpogroup5515/55/b23195v/lu5-55/src/bindings/models.h (ext=.h, size=786)
2026-02-25 00:18:45,564 - Knowledge - INFO - Fast-tracked /app/data/newkinpogroup5515/55/b23195v/lu5-55/src/bindings/io.c (ext=.c, size=1451)
2026-02-25 00:18:45,644 - Knowledge - INFO - Fast-tracked /app/data/newkinpogroup5515/55/b23195v/lu5-55/src/bindings/camera.h (ext=.h, size=865)
2026-02-25 00:18:45,765 - Knowledge - INFO - Worker kw6 processing /app/data/newkinpogroup5515/55/b23195v/lu5-55/src/platform/geometry/2D/lu5_ellipse.c
2026-02-25 00:18:45,850 - Knowledge - INFO - Worker kw7 processing /app/data/newkinpogroup5515/55/b23195v/lu5-55/src/platform/geometry/3D/lu5_box.c
2026-02-25 00:18:45,930 - Knowledge - INFO - Worker kw8 processing /app/data/newkinpogroup5515/55/b23195v/lu5-55/src/platform/lu5_font.c
2026-02-25 00:18:46,041 - Knowledge - INFO - Worker kw9 processing /app/data/newkinpogroup5515/55/b23195v/lu5-55/src/lu5_event_callbacks.c
2026-02-25 00:18:46,125 - Knowledge - INFO - Batch sizing: calculated=10, max_allowed=10, queue=1375, active_workers=9/11
2026-02-25 00:18:46,216 - Knowledge - INFO - knowledge worker kw12 start
2026-02-25 00:18:46,216 - Knowledge - INFO - Worker kw13 created using shared MongoDB connection pool
2026-02-25 00:18:46,331 - Knowledge - INFO - [kw11] Queue=1365, InProgress=0, PendingWorkers=9/12, Completed=0/1455 (0.0%)
2026-02-25 00:18:46,432 - Knowledge - INFO - Fast-tracked /app/data/newkinpogroup5515/55/b23195v/lu5-55/src/lu5_fs.h (ext=.h, size=830)
2026-02-25 00:18:46,541 - Knowledge - INFO - Worker kw2 processing /app/data/newkinpogroup5515/55/b23195v/lu5-55/src/lu5_logger.c
2026-02-25 00:18:46,642 - Knowledge - INFO - Worker kw3 processing /app/data/newkinpogroup5515/55/b23195v/lu5-55/src/bindings/shapes.h
2026-02-25 00:18:46,751 - Knowledge - INFO - Worker kw4 processing /app/data/newkinpogroup5515/55/b23195v/lu5-55/src/bindings/models.c
2026-02-25 00:18:46,854 - Knowledge - INFO - Worker kw5 processing /app/data/newkinpogroup5515/55/b23195v/lu5-55/src/bindings/classes.c
2026-02-25 00:18:46,947 - Knowledge - INFO - Fast-tracked /app/data/newkinpogroup5515/55/b23195v/lu5-55/src/platform/geometry/2D/lu5_ellipse.c (ext=.c, size=1757)
2026-02-25 00:18:47,031 - Knowledge - INFO - Fast-tracked /app/data/newkinpogroup5515/55/b23195v/lu5-55/src/platform/geometry/3D/lu5_box.c (ext=.c, size=1903)
2026-02-25 00:18:47,122 - Knowledge - INFO - Worker kw8 processing /app/data/newkinpogroup5515/55/b23195v/lu5-55/src/platform/lu5_random.c
2026-02-25 00:18:47,264 - Knowledge - INFO - Worker kw9 processing /app/data/newkinpogroup5515/55/b23195v/lu5-55/src/lu5_state.c
2026-02-25 00:18:47,374 - Knowledge - INFO - Worker kw10 processing /app/data/newkinpogroup5515/55/b23195v/lu5-55/docs/v0.0.6/io/print/index.html
2026-02-25 00:18:47,460 - Knowledge - INFO - [kw12] Queue=1355, InProgress=0, PendingWorkers=10/12, Completed=0/1455 (0.0%)
2026-02-25 00:18:47,543 - Knowledge - INFO - knowledge worker kw13 start
2026-02-25 00:18:47,543 - Knowledge - INFO - Worker kw14 created using shared MongoDB connection pool
2026-02-25 00:18:47,627 - Knowledge - INFO - Batch sizing: calculated=10, max_allowed=10, queue=1365, active_workers=10/13
2026-02-25 00:18:47,703 - Knowledge - INFO - Worker kw1 processing /app/data/newkinpogroup5515/55/b23195v/lu5-55/src/lu5_random.h
2026-02-25 00:18:47,797 - Knowledge - INFO - Fast-tracked /app/data/newkinpogroup5515/55/b23195v/lu5-55/src/lu5_logger.c (ext=.c, size=1295)
2026-02-25 00:18:47,877 - Knowledge - INFO - Worker kw3 processing /app/data/newkinpogroup5515/55/b23195v/lu5-55/src/bindings/camera.c
2026-02-25 00:18:47,979 - Knowledge - INFO - Worker kw4 processing /app/data/newkinpogroup5515/55/b23195v/lu5-55/src/bindings/shapes.c
2026-02-25 00:18:48,075 - Knowledge - INFO - Worker kw5 processing /app/data/newkinpogroup5515/55/b23195v/lu5-55/src/lu5_image.h
2026-02-25 00:18:48,162 - Knowledge - INFO - Worker kw6 processing /app/data/newkinpogroup5515/55/b23195v/lu5-55/src/platform/geometry/2D/lu5_triangle.c
2026-02-25 00:18:48,281 - Knowledge - INFO - Worker kw7 processing /app/data/newkinpogroup5515/55/b23195v/lu5-55/src/platform/main.c
2026-02-25 00:18:48,357 - Knowledge - INFO - Fast-tracked /app/data/newkinpogroup5515/55/b23195v/lu5-55/src/platform/lu5_random.c (ext=.c, size=186)
2026-02-25 00:18:48,452 - Knowledge - INFO - Fast-tracked /app/data/newkinpogroup5515/55/b23195v/lu5-55/src/lu5_state.c (ext=.c, size=865)
2026-02-25 00:18:48,545 - Knowledge - INFO - Worker kw10 processing /app/data/newkinpogroup5515/55/b23195v/lu5-55/docs/v0.0.6/io/print/meta.json
2026-02-25 00:18:48,628 - Knowledge - INFO - Batch sizing: calculated=10, max_allowed=10, queue=1355, active_workers=10/13
2026-02-25 00:18:48,723 - Knowledge - INFO - [kw13] Queue=1355, InProgress=0, PendingWorkers=10/13, Completed=0/1455 (0.0%)
2026-02-25 00:18:48,796 - Knowledge - INFO - knowledge worker kw14 start
2026-02-25 00:18:48,796 - Knowledge - INFO - Worker kw15 created using shared MongoDB connection pool
2026-02-25 00:18:48,912 - Knowledge - INFO - Worker kw11 processing /app/data/newkinpogroup5515/55/b23195v/lu5-55/docs/v0.0.6/window/height/meta.json
2026-02-25 00:18:49,004 - Knowledge - INFO - Fast-tracked /app/data/newkinpogroup5515/55/b23195v/lu5-55/src/lu5_random.h (ext=.h, size=175)
2026-02-25 00:18:49,129 - Knowledge - INFO - Worker kw2 processing /app/data/newkinpogroup5515/55/b23195v/lu5-55/src/bindings/lu5_math.c
2026-02-25 00:18:49,239 - Knowledge - INFO - Worker kw3 processing /app/data/newkinpogroup5515/55/b23195v/lu5-55/src/bindings/window.h
2026-02-25 00:18:49,376 - Knowledge - INFO - Worker kw4 processing /app/data/newkinpogroup5515/55/b23195v/lu5-55/src/bindings/lu5_math.h
2026-02-25 00:18:49,481 - Knowledge - INFO - Fast-tracked /app/data/newkinpogroup5515/55/b23195v/lu5-55/src/lu5_image.h (ext=.h, size=757)
2026-02-25 00:18:49,577 - Knowledge - INFO - Worker kw6 processing /app/data/newkinpogroup5515/55/b23195v/lu5-55/src/platform/geometry/2D/lu5_arc.c
2026-02-25 00:18:49,697 - Knowledge - INFO - Fast-tracked /app/data/newkinpogroup5515/55/b23195v/lu5-55/src/platform/main.c (ext=.c, size=492)
2026-02-25 00:18:49,799 - Knowledge - INFO - Worker kw8 processing /app/data/newkinpogroup5515/55/b23195v/lu5-55/src/platform/lu5_fs.c
2026-02-25 00:18:49,913 - Knowledge - INFO - Worker kw9 processing /app/data/newkinpogroup5515/55/b23195v/lu5-55/src/lu5_geometry.h
2026-02-25 00:18:50,017 - Knowledge - INFO - Fast-tracked /app/data/newkinpogroup5515/55/b23195v/lu5-55/docs/v0.0.6/io/print/meta.json (ext=.json, size=383)
2026-02-25 00:18:50,147 - Knowledge - INFO - Worker kw12 processing /app/data/newkinpogroup5515/55/b23195v/lu5-55/docs/v0.0.6/shapes/endShape/meta.json
2026-02-25 00:18:50,248 - Knowledge - INFO - Batch sizing: calculated=10, max_allowed=10, queue=1355, active_workers=12/14
2026-02-25 00:18:50,348 - Knowledge - INFO - [kw14] Queue=1335, InProgress=0, PendingWorkers=12/14, Completed=0/1455 (0.0%)
2026-02-25 00:18:50,450 - Knowledge - INFO - knowledge worker kw15 start
2026-02-25 00:18:50,451 - Knowledge - INFO - Worker kw16 created using shared MongoDB connection pool
2026-02-25 00:18:50,547 - Knowledge - INFO - Fast-tracked /app/data/newkinpogroup5515/55/b23195v/lu5-55/docs/v0.0.6/window/height/meta.json (ext=.json, size=365)
2026-02-25 00:18:50,667 - Knowledge - INFO - Worker kw1 processing /app/data/newkinpogroup5515/55/b23195v/lu5-55/src/lu5_event_callbacks.h
2026-02-25 00:18:50,764 - Knowledge - INFO - Worker kw2 processing /app/data/newkinpogroup5515/55/b23195v/lu5-55/src/bindings/typography.c
2026-02-25 00:18:50,859 - Knowledge - INFO - Worker kw3 processing /app/data/newkinpogroup5515/55/b23195v/lu5-55/src/bindings/lu5_vector.h
2026-02-25 00:18:50,942 - Knowledge - INFO - Worker kw4 processing /app/data/newkinpogroup5515/55/b23195v/lu5-55/src/bindings/transform.c
2026-02-25 00:18:51,030 - Knowledge - INFO - Worker kw5 processing /app/data/newkinpogroup5515/55/b23195v/lu5-55/src/lu5_cli_options.h
2026-02-25 00:18:51,134 - Knowledge - INFO - Fast-tracked /app/data/newkinpogroup5515/55/b23195v/lu5-55/src/platform/geometry/2D/lu5_arc.c (ext=.c, size=1953)
2026-02-25 00:18:51,240 - Knowledge - INFO - Worker kw7 processing /app/data/newkinpogroup5515/55/b23195v/lu5-55/src/platform/lu5_window.c
2026-02-25 00:18:51,334 - Knowledge - INFO - Worker kw8 processing /app/data/newkinpogroup5515/55/b23195v/lu5-55/src/lu5_cli.h
2026-02-25 00:18:51,421 - Knowledge - INFO - Worker kw9 processing /app/data/newkinpogroup5515/55/b23195v/lu5-55/src/lu5_style.c
2026-02-25 00:18:51,522 - Knowledge - INFO - Worker kw10 processing /app/data/newkinpogroup5515/55/b23195v/lu5-55/docs/v0.0.6/io/index.html
2026-02-25 00:18:51,609 - Knowledge - INFO - Fast-tracked /app/data/newkinpogroup5515/55/b23195v/lu5-55/docs/v0.0.6/shapes/endShape/meta.json (ext=.json, size=277)
2026-02-25 00:18:51,707 - Knowledge - INFO - Worker kw13 processing /app/data/newkinpogroup5515/55/b23195v/lu5-55/docs/v0.0.6/shapes/arc/meta.json
2026-02-25 00:18:51,813 - Knowledge - INFO - Batch sizing: calculated=10, max_allowed=10, queue=1335, active_workers=13/15
2026-02-25 00:18:51,925 - Knowledge - INFO - [kw15] Queue=1325, InProgress=0, PendingWorkers=13/15, Completed=0/1455 (0.0%)
2026-02-25 00:18:52,023 - Knowledge - INFO - knowledge worker kw16 start
2026-02-25 00:18:52,023 - Knowledge - INFO - Worker kw17 created using shared MongoDB connection pool
2026-02-25 00:18:52,111 - Knowledge - INFO - Worker kw11 processing /app/data/newkinpogroup5515/55/b23195v/lu5-55/docs/v0.0.6/window/deltaTime/index.html
2026-02-25 00:18:52,193 - Knowledge - INFO - Fast-tracked /app/data/newkinpogroup5515/55/b23195v/lu5-55/src/lu5_event_callbacks.h (ext=.h, size=1265)
2026-02-25 00:18:52,279 - Knowledge - INFO - Worker kw2 processing /app/data/newkinpogroup5515/55/b23195v/lu5-55/src/bindings/classes.h
2026-02-25 00:18:52,380 - Knowledge - INFO - Worker kw3 processing /app/data/newkinpogroup5515/55/b23195v/lu5-55/src/bindings/io.h
2026-02-25 00:18:52,462 - Knowledge - INFO - Fast-tracked /app/data/newkinpogroup5515/55/b23195v/lu5-55/src/bindings/transform.c (ext=.c, size=1245)
2026-02-25 00:18:52,583 - Knowledge - INFO - Fast-tracked /app/data/newkinpogroup5515/55/b23195v/lu5-55/src/lu5_cli_options.h (ext=.h, size=845)
2026-02-25 00:18:52,689 - Knowledge - INFO - Worker kw6 processing /app/data/newkinpogroup5515/55/b23195v/lu5-55/src/platform/geometry/2D/lu5_line.c
2026-02-25 00:18:52,816 - Knowledge - INFO - Worker kw7 processing /app/data/newkinpogroup5515/55/b23195v/lu5-55/src/platform/lu5_cli.c
2026-02-25 00:18:52,915 - Knowledge - INFO - Fast-tracked /app/data/newkinpogroup5515/55/b23195v/lu5-55/src/lu5_cli.h (ext=.h, size=230)
2026-02-25 00:18:53,021 - Knowledge - INFO - Fast-tracked /app/data/newkinpogroup5515/55/b23195v/lu5-55/src/lu5_style.c (ext=.c, size=1000)
2026-02-25 00:18:53,125 - Knowledge - INFO - Worker kw10 processing /app/data/newkinpogroup5515/55/b23195v/lu5-55/docs/v0.0.6/window/width/index.html
2026-02-25 00:18:53,227 - Knowledge - INFO - Worker kw12 processing /app/data/newkinpogroup5515/55/b23195v/lu5-55/docs/v0.0.6/shapes/circle/index.html
2026-02-25 00:18:53,339 - Knowledge - INFO - Fast-tracked /app/data/newkinpogroup5515/55/b23195v/lu5-55/docs/v0.0.6/shapes/arc/meta.json (ext=.json, size=207)
2026-02-25 00:18:53,462 - Knowledge - INFO - Worker kw14 processing /app/data/newkinpogroup5515/55/b23195v/lu5-55/docs/v0.0.6/shapes/quad/meta.json
2026-02-25 00:18:53,552 - Knowledge - INFO - Batch sizing: calculated=10, max_allowed=10, queue=1325, active_workers=14/16
2026-02-25 00:18:53,631 - Knowledge - INFO - [kw16] Queue=1315, InProgress=0, PendingWorkers=14/16, Completed=0/1455 (0.0%)
2026-02-25 00:18:53,729 - Knowledge - INFO - knowledge worker kw17 start
2026-02-25 00:18:53,730 - Knowledge - INFO - Worker kw18 created using shared MongoDB connection pool
2026-02-25 00:18:53,830 - Knowledge - INFO - Worker kw11 processing /app/data/newkinpogroup5515/55/b23195v/lu5-55/docs/v0.0.6/window/deltaTime/meta.json
2026-02-25 00:18:53,955 - Knowledge - INFO - Worker kw1 processing /app/data/newkinpogroup5515/55/b23195v/lu5-55/src/lu5_state.h
2026-02-25 00:18:54,048 - Knowledge - INFO - Fast-tracked /app/data/newkinpogroup5515/55/b23195v/lu5-55/src/bindings/classes.h (ext=.h, size=765)
2026-02-25 00:18:54,130 - Knowledge - INFO - Fast-tracked /app/data/newkinpogroup5515/55/b23195v/lu5-55/src/bindings/io.h (ext=.h, size=788)
2026-02-25 00:18:54,251 - Knowledge - INFO - Worker kw4 processing /app/data/newkinpogroup5515/55/b23195v/lu5-55/src/bindings/typography.h
2026-02-25 00:18:54,352 - Knowledge - INFO - Worker kw5 processing /app/data/newkinpogroup5515/55/b23195v/lu5-55/src/lu5_decorators.h
2026-02-25 00:18:54,441 - Knowledge - INFO - Fast-tracked /app/data/newkinpogroup5515/55/b23195v/lu5-55/src/platform/geometry/2D/lu5_line.c (ext=.c, size=810)
2026-02-25 00:18:54,536 - Knowledge - INFO - Fast-tracked /app/data/newkinpogroup5515/55/b23195v/lu5-55/src/platform/lu5_cli.c (ext=.c, size=1363)
2026-02-25 00:18:54,636 - Knowledge - INFO - Worker kw8 processing /app/data/newkinpogroup5515/55/b23195v/lu5-55/src/lu5_window.h
2026-02-25 00:18:54,719 - Knowledge - INFO - Worker kw9 processing /app/data/newkinpogroup5515/55/b23195v/lu5-55/src/lu5_core.c
2026-02-25 00:18:54,848 - Knowledge - INFO - Worker kw10 processing /app/data/newkinpogroup5515/55/b23195v/lu5-55/docs/v0.0.6/window/width/meta.json
2026-02-25 00:18:54,937 - Knowledge - INFO - Worker kw12 processing /app/data/newkinpogroup5515/55/b23195v/lu5-55/docs/v0.0.6/shapes/circle/meta.json
2026-02-25 00:18:55,060 - Knowledge - INFO - Worker kw13 processing /app/data/newkinpogroup5515/55/b23195v/lu5-55/docs/v0.0.6/shapes/ellipse/index.html
2026-02-25 00:18:55,178 - Knowledge - INFO - Fast-tracked /app/data/newkinpogroup5515/55/b23195v/lu5-55/docs/v0.0.6/shapes/quad/meta.json (ext=.json, size=723)
2026-02-25 00:18:55,264 - Knowledge - INFO - Worker kw15 processing /app/data/newkinpogroup5515/55/b23195v/lu5-55/docs/v0.0.6/math/TWO_PI/meta.json
2026-02-25 00:18:55,350 - Knowledge - INFO - Batch sizing: calculated=10, max_allowed=10, queue=1315, active_workers=15/17
2026-02-25 00:18:55,466 - Knowledge - INFO - [kw17] Queue=1305, InProgress=0, PendingWorkers=15/17, Completed=0/1455 (0.0%)
2026-02-25 00:18:55,553 - Knowledge - INFO - knowledge worker kw18 start
2026-02-25 00:18:55,554 - Knowledge - INFO - Worker kw19 created using shared MongoDB connection pool
2026-02-25 00:18:55,645 - Knowledge - INFO - Fast-tracked /app/data/newkinpogroup5515/55/b23195v/lu5-55/docs/v0.0.6/window/deltaTime/meta.json (ext=.json, size=520)
2026-02-25 00:18:55,759 - Knowledge - INFO - Fast-tracked /app/data/newkinpogroup5515/55/b23195v/lu5-55/src/lu5_state.h (ext=.h, size=1629)
2026-02-25 00:18:55,842 - Knowledge - INFO - Worker kw2 processing /app/data/newkinpogroup5515/55/b23195v/lu5-55/src/bindings/setting.h
2026-02-25 00:18:55,949 - Knowledge - INFO - Worker kw3 processing /app/data/newkinpogroup5515/55/b23195v/lu5-55/src/bindings/shapes3D.h
2026-02-25 00:18:56,063 - Knowledge - INFO - Worker kw4 processing /app/data/newkinpogroup5515/55/b23195v/lu5-55/src/bindings/keyboard.h
2026-02-25 00:18:56,158 - Knowledge - INFO - Fast-tracked /app/data/newkinpogroup5515/55/b23195v/lu5-55/src/lu5_decorators.h (ext=.h, size=316)
2026-02-25 00:18:56,240 - Knowledge - INFO - Worker kw6 processing /app/data/newkinpogroup5515/55/b23195v/lu5-55/src/platform/geometry/2D/lu5_quad.c
2026-02-25 00:18:56,318 - Knowledge - INFO - Worker kw7 processing /app/data/newkinpogroup5515/55/b23195v/lu5-55/src/platform/lu5_obj.c
2026-02-25 00:18:56,396 - Knowledge - INFO - Fast-tracked /app/data/newkinpogroup5515/55/b23195v/lu5-55/src/lu5_window.h (ext=.h, size=1236)
2026-02-25 00:18:56,479 - Knowledge - INFO - Worker kw9 processing /app/data/newkinpogroup5515/55/b23195v/lu5-55/src/lu5_geometry_core.h
2026-02-25 00:18:56,591 - Knowledge - INFO - Fast-tracked /app/data/newkinpogroup5515/55/b23195v/lu5-55/docs/v0.0.6/window/width/meta.json (ext=.json, size=361)
2026-02-25 00:18:56,680 - Knowledge - INFO - Fast-tracked /app/data/newkinpogroup5515/55/b23195v/lu5-55/docs/v0.0.6/shapes/circle/meta.json (ext=.json, size=391)
2026-02-25 00:18:56,769 - Knowledge - INFO - Worker kw13 processing /app/data/newkinpogroup5515/55/b23195v/lu5-55/docs/v0.0.6/shapes/ellipse/meta.json
2026-02-25 00:18:56,869 - Knowledge - INFO - Worker kw14 processing /app/data/newkinpogroup5515/55/b23195v/lu5-55/docs/v0.0.6/shapes/index.html
2026-02-25 00:18:56,950 - Knowledge - INFO - Fast-tracked /app/data/newkinpogroup5515/55/b23195v/lu5-55/docs/v0.0.6/math/TWO_PI/meta.json (ext=.json, size=189)
2026-02-25 00:18:57,039 - Knowledge - INFO - Worker kw16 processing /app/data/newkinpogroup5515/55/b23195v/lu5-55/docs/v0.0.6/math/max/meta.json
2026-02-25 00:18:57,122 - Knowledge - INFO - Batch sizing: calculated=10, max_allowed=10, queue=1305, active_workers=16/18
2026-02-25 00:18:57,215 - Knowledge - INFO - [kw18] Queue=1295, InProgress=0, PendingWorkers=16/18, Completed=0/1455 (0.0%)
2026-02-25 00:18:57,347 - Knowledge - INFO - knowledge worker kw19 start
2026-02-25 00:18:57,350 - Knowledge - INFO - Worker kw20 created using shared MongoDB connection pool
2026-02-25 00:18:57,429 - Knowledge - INFO - Worker kw11 processing /app/data/newkinpogroup5515/55/b23195v/lu5-55/docs/v0.0.6/window/index.html
2026-02-25 00:18:57,519 - Knowledge - INFO - Worker kw1 processing /app/data/newkinpogroup5515/55/b23195v/lu5-55/src/lu5_style.h
2026-02-25 00:18:57,606 - Knowledge - INFO - Worker kw2 processing /app/data/newkinpogroup5515/55/b23195v/lu5-55/src/bindings/image.c
2026-02-25 00:18:58,097 - Knowledge - INFO - Worker kw5 processing /app/data/newkinpogroup5515/55/b23195v/lu5-55/src/lu5_bindings.h
2026-02-25 00:18:58,204 - Knowledge - INFO - Fast-tracked /app/data/newkinpogroup5515/55/b23195v/lu5-55/src/platform/geometry/2D/lu5_quad.c (ext=.c, size=1643)
2026-02-25 00:18:58,303 - Knowledge - INFO - Worker kw7 processing /app/data/newkinpogroup5515/55/b23195v/lu5-55/src/platform/lu5_image.c
2026-02-25 00:18:58,390 - Knowledge - INFO - Worker kw8 processing /app/data/newkinpogroup5515/55/b23195v/lu5-55/src/lu5_print.c
2026-02-25 00:18:58,481 - Knowledge - INFO - Worker kw9 processing /app/data/newkinpogroup5515/55/b23195v/lu5-55/docs/v0.0.6/io/loadStrings/index.html
2026-02-25 00:18:58,567 - Knowledge - INFO - Worker kw10 processing /app/data/newkinpogroup5515/55/b23195v/lu5-55/docs/v0.0.6/window/createWindow/index.html
2026-02-25 00:18:58,668 - Knowledge - INFO - Worker kw12 processing /app/data/newkinpogroup5515/55/b23195v/lu5-55/docs/v0.0.6/shapes/point/index.html
2026-02-25 00:18:58,809 - Knowledge - INFO - Fast-tracked /app/data/newkinpogroup5515/55/b23195v/lu5-55/docs/v0.0.6/shapes/ellipse/meta.json (ext=.json, size=221)
2026-02-25 00:18:58,900 - Knowledge - INFO - Worker kw14 processing /app/data/newkinpogroup5515/55/b23195v/lu5-55/docs/v0.0.6/mouse.html
2026-02-25 00:18:58,995 - Knowledge - INFO - Worker kw15 processing /app/data/newkinpogroup5515/55/b23195v/lu5-55/docs/v0.0.6/math/randomSeed/index.html
2026-02-25 00:18:59,107 - Knowledge - INFO - Fast-tracked /app/data/newkinpogroup5515/55/b23195v/lu5-55/docs/v0.0.6/math/max/meta.json (ext=.json, size=529)
2026-02-25 00:18:59,214 - Knowledge - INFO - Worker kw17 processing /app/data/newkinpogroup5515/55/b23195v/lu5-55/docs/v0.0.6/math/cos/meta.json
2026-02-25 00:18:59,315 - Knowledge - INFO - Batch sizing: calculated=10, max_allowed=10, queue=1295, active_workers=17/19
2026-02-25 00:18:59,444 - Knowledge - INFO - [kw19] Queue=1285, InProgress=0, PendingWorkers=17/19, Completed=0/1455 (0.0%)
2026-02-25 00:18:59,563 - Knowledge - INFO - knowledge worker kw20 start
2026-02-25 00:18:59,693 - Knowledge - INFO - Worker kw11 processing /app/data/newkinpogroup5515/55/b23195v/lu5-55/docs/v0.0.6/window/frameRate/index.html
2026-02-25 00:18:59,814 - Knowledge - INFO - Fast-tracked /app/data/newkinpogroup5515/55/b23195v/lu5-55/src/lu5_style.h (ext=.h, size=1126)
2026-02-25 00:19:00,018 - Knowledge - INFO - Fast-tracked /app/data/newkinpogroup5515/55/b23195v/lu5-55/src/lu5_bindings.h (ext=.h, size=1446)
2026-02-25 00:19:00,102 - Knowledge - INFO - Worker kw6 processing /app/data/newkinpogroup5515/55/b23195v/lu5-55/src/platform/geometry/3D/lu5_cylinder.c
2026-02-25 00:19:00,206 - Knowledge - INFO - Worker kw7 processing /app/data/newkinpogroup5515/55/b23195v/lu5-55/src/platform/stb/stb_image.h
2026-02-25 00:19:00,308 - Knowledge - INFO - Worker kw8 processing /app/data/newkinpogroup5515/55/b23195v/lu5-55/src/lu5_types.c
2026-02-25 00:19:00,425 - Knowledge - INFO - Worker kw9 processing /app/data/newkinpogroup5515/55/b23195v/lu5-55/docs/v0.0.6/io/loadStrings/meta.json
2026-02-25 00:19:00,515 - Knowledge - INFO - Worker kw10 processing /app/data/newkinpogroup5515/55/b23195v/lu5-55/docs/v0.0.6/window/createWindow/meta.json
2026-02-25 00:19:00,605 - Knowledge - INFO - Worker kw12 processing /app/data/newkinpogroup5515/55/b23195v/lu5-55/docs/v0.0.6/shapes/point/meta.json
2026-02-25 00:19:00,695 - Knowledge - INFO - Worker kw13 processing /app/data/newkinpogroup5515/55/b23195v/lu5-55/docs/v0.0.6/shapes/vertex/index.html
2026-02-25 00:19:00,802 - Knowledge - INFO - Worker kw14 processing /app/data/newkinpogroup5515/55/b23195v/lu5-55/docs/v0.0.6/math/round/index.html
2026-02-25 00:19:00,916 - Knowledge - INFO - Worker kw15 processing /app/data/newkinpogroup5515/55/b23195v/lu5-55/docs/v0.0.6/math/randomSeed/meta.json
2026-02-25 00:19:01,043 - Knowledge - INFO - Worker kw16 processing /app/data/newkinpogroup5515/55/b23195v/lu5-55/docs/v0.0.6/math/map/index.html
2026-02-25 00:19:01,167 - Knowledge - INFO - Fast-tracked /app/data/newkinpogroup5515/55/b23195v/lu5-55/docs/v0.0.6/math/cos/meta.json (ext=.json, size=321)
2026-02-25 00:19:01,257 - Knowledge - INFO - Worker kw18 processing /app/data/newkinpogroup5515/55/b23195v/lu5-55/docs/v0.0.6/vector.html
2026-02-25 00:19:01,365 - Knowledge - INFO - Batch sizing: calculated=10, max_allowed=10, queue=1285, active_workers=18/20
2026-02-25 00:19:01,446 - Knowledge - INFO - [kw20] Queue=1275, InProgress=0, PendingWorkers=18/20, Completed=0/1455 (0.0%)
2026-02-25 00:19:01,542 - Knowledge - INFO - Worker kw11 processing /app/data/newkinpogroup5515/55/b23195v/lu5-55/docs/v0.0.6/window/frameRate/meta.json
2026-02-25 00:19:01,721 - Knowledge - INFO - Worker kw5 processing /app/data/newkinpogroup5515/55/b23195v/lu5-55/src/lu5_setting.h
2026-02-25 00:19:01,830 - Knowledge - INFO - Worker kw6 processing /app/data/newkinpogroup5515/55/b23195v/lu5-55/src/platform/geometry/3D/lu5_plane.c
2026-02-25 00:19:01,935 - Knowledge - INFO - Fast-tracked /app/data/newkinpogroup5515/55/b23195v/lu5-55/src/platform/stb/stb_image.h (ext=.h, size=282847)
2026-02-25 00:19:02,006 - Knowledge - INFO - Fast-tracked /app/data/newkinpogroup5515/55/b23195v/lu5-55/src/lu5_types.c (ext=.c, size=1167)
2026-02-25 00:19:02,097 - Knowledge - INFO - Fast-tracked /app/data/newkinpogroup5515/55/b23195v/lu5-55/docs/v0.0.6/io/loadStrings/meta.json (ext=.json, size=370)
2026-02-25 00:19:02,199 - Knowledge - INFO - Fast-tracked /app/data/newkinpogroup5515/55/b23195v/lu5-55/docs/v0.0.6/window/createWindow/meta.json (ext=.json, size=533)
2026-02-25 00:19:02,321 - Knowledge - INFO - Fast-tracked /app/data/newkinpogroup5515/55/b23195v/lu5-55/docs/v0.0.6/shapes/point/meta.json (ext=.json, size=210)
2026-02-25 00:19:02,418 - Knowledge - INFO - Worker kw13 processing /app/data/newkinpogroup5515/55/b23195v/lu5-55/docs/v0.0.6/shapes/vertex/meta.json
2026-02-25 00:19:02,533 - Knowledge - INFO - Worker kw14 processing /app/data/newkinpogroup5515/55/b23195v/lu5-55/docs/v0.0.6/math/round/meta.json
2026-02-25 00:19:02,614 - Knowledge - INFO - Fast-tracked /app/data/newkinpogroup5515/55/b23195v/lu5-55/docs/v0.0.6/math/randomSeed/meta.json (ext=.json, size=313)
2026-02-25 00:19:02,695 - Knowledge - INFO - Worker kw16 processing /app/data/newkinpogroup5515/55/b23195v/lu5-55/docs/v0.0.6/math/map/meta.json
2026-02-25 00:19:02,780 - Knowledge - INFO - Worker kw17 processing /app/data/newkinpogroup5515/55/b23195v/lu5-55/docs/v0.0.6/math/ceil/index.html
2026-02-25 00:19:02,873 - Knowledge - INFO - Worker kw18 processing /app/data/newkinpogroup5515/55/b23195v/lu5-55/docs/v0.0.6/classes/class/index.html
2026-02-25 00:19:02,956 - Knowledge - INFO - Worker kw19 processing /app/data/newkinpogroup5515/55/b23195v/lu5-55/docs/v0.0.6/setting/stroke/index.html
2026-02-25 00:19:03,049 - Knowledge - INFO - Batch sizing: calculated=10, max_allowed=10, queue=1275, active_workers=19/20
2026-02-25 00:19:03,051 - Knowledge - INFO - Fast-tracked /app/data/newkinpogroup5515/55/b23195v/lu5-55/src/bindings/typography.c (small file (2841 bytes))
2026-02-25 00:19:03,132 - Knowledge - INFO - Fast-tracked /app/data/newkinpogroup5515/55/b23195v/lu5-55/src/bindings/models.c (small file (2307 bytes))
2026-02-25 00:19:03,158 - Knowledge - INFO - Fast-tracked /app/data/newkinpogroup5515/55/b23195v/lu5-55/docs/v0.0.6/window/frameRate/meta.json (ext=.json, size=562)
2026-02-25 00:19:03,264 - Knowledge - INFO - Fast-tracked /app/data/newkinpogroup5515/55/b23195v/lu5-55/src/bindings/camera.c (small file (2989 bytes))
2026-02-25 00:19:03,265 - Knowledge - INFO - Fast-tracked /app/data/newkinpogroup5515/55/b23195v/lu5-55/src/lu5_setting.h (ext=.h, size=557)
2026-02-25 00:19:03,342 - Knowledge - INFO - Fast-tracked /app/data/newkinpogroup5515/55/b23195v/lu5-55/src/platform/geometry/3D/lu5_plane.c (ext=.c, size=879)
2026-02-25 00:19:03,456 - Knowledge - INFO - Worker kw7 processing /app/data/newkinpogroup5515/55/b23195v/lu5-55/src/platform/stb/stb_image_write.h
2026-02-25 00:19:03,540 - Knowledge - INFO - Worker kw8 processing /app/data/newkinpogroup5515/55/b23195v/lu5-55/src/lu5_logger.h
2026-02-25 00:19:03,651 - Knowledge - INFO - Worker kw9 processing /app/data/newkinpogroup5515/55/b23195v/lu5-55/docs/v0.0.6/io/loadText/index.html
2026-02-25 00:19:03,738 - Knowledge - INFO - Worker kw10 processing /app/data/newkinpogroup5515/55/b23195v/lu5-55/docs/v0.0.6/window/windowResized/index.html
2026-02-25 00:19:03,854 - Knowledge - INFO - Worker kw12 processing /app/data/newkinpogroup5515/55/b23195v/lu5-55/docs/v0.0.6/shapes/beginShape/index.html
2026-02-25 00:19:03,930 - Knowledge - INFO - Fast-tracked /app/data/newkinpogroup5515/55/b23195v/lu5-55/docs/v0.0.6/shapes/vertex/meta.json (ext=.json, size=373)
2026-02-25 00:19:04,057 - Knowledge - INFO - Fast-tracked /app/data/newkinpogroup5515/55/b23195v/lu5-55/docs/v0.0.6/math/round/meta.json (ext=.json, size=328)
2026-02-25 00:19:04,164 - Knowledge - INFO - Worker kw15 processing /app/data/newkinpogroup5515/55/b23195v/lu5-55/docs/v0.0.6/math/floor/index.html
2026-02-25 00:19:04,267 - Knowledge - INFO - Fast-tracked /app/data/newkinpogroup5515/55/b23195v/lu5-55/docs/v0.0.6/math/map/meta.json (ext=.json, size=576)
2026-02-25 00:19:04,396 - Knowledge - INFO - Worker kw17 processing /app/data/newkinpogroup5515/55/b23195v/lu5-55/docs/v0.0.6/math/ceil/meta.json
2026-02-25 00:19:04,502 - Knowledge - INFO - Worker kw18 processing /app/data/newkinpogroup5515/55/b23195v/lu5-55/docs/v0.0.6/classes/class/meta.json
2026-02-25 00:19:04,584 - Knowledge - INFO - Worker kw19 processing /app/data/newkinpogroup5515/55/b23195v/lu5-55/docs/v0.0.6/setting/stroke/meta.json
2026-02-25 00:19:04,720 - Knowledge - INFO - Worker kw20 processing /app/data/newkinpogroup5515/55/b23195v/lu5-55/docs/v0.0.6/setting/pop/meta.json
2026-02-25 00:19:05,012 - Knowledge - INFO - Worker kw11 processing /app/data/newkinpogroup5515/55/b23195v/lu5-55/docs/v0.0.6/keyboard.html
2026-02-25 00:19:05,202 - Knowledge - INFO - Worker kw5 processing /app/data/newkinpogroup5515/55/b23195v/lu5-55/src/lu5_error.h
2026-02-25 00:19:05,293 - Knowledge - INFO - Worker kw6 processing /app/data/newkinpogroup5515/55/b23195v/lu5-55/src/platform/geometry/3D/lu5_debug.c
2026-02-25 00:19:05,519 - Knowledge - INFO - Fast-tracked /app/data/newkinpogroup5515/55/b23195v/lu5-55/src/lu5_logger.h (ext=.h, size=1223)
2026-02-25 00:19:05,619 - Knowledge - INFO - Worker kw9 processing /app/data/newkinpogroup5515/55/b23195v/lu5-55/docs/v0.0.6/io/loadText/meta.json
2026-02-25 00:19:05,734 - Knowledge - INFO - Worker kw10 processing /app/data/newkinpogroup5515/55/b23195v/lu5-55/docs/v0.0.6/window/windowResized/meta.json
2026-02-25 00:19:05,846 - Knowledge - INFO - Worker kw12 processing /app/data/newkinpogroup5515/55/b23195v/lu5-55/docs/v0.0.6/shapes/beginShape/meta.json
2026-02-25 00:19:05,957 - Knowledge - INFO - Worker kw13 processing /app/data/newkinpogroup5515/55/b23195v/lu5-55/docs/v0.0.6/shapes/rect/index.html
2026-02-25 00:19:06,071 - Knowledge - INFO - Worker kw14 processing /app/data/newkinpogroup5515/55/b23195v/lu5-55/docs/v0.0.6/math/min/index.html
2026-02-25 00:19:06,155 - Knowledge - INFO - Worker kw15 processing /app/data/newkinpogroup5515/55/b23195v/lu5-55/docs/v0.0.6/math/floor/meta.json
2026-02-25 00:19:06,251 - Knowledge - INFO - Worker kw16 processing /app/data/newkinpogroup5515/55/b23195v/lu5-55/docs/v0.0.6/math/constrain/index.html
2026-02-25 00:19:06,344 - Knowledge - INFO - Fast-tracked /app/data/newkinpogroup5515/55/b23195v/lu5-55/docs/v0.0.6/math/ceil/meta.json (ext=.json, size=475)
2026-02-25 00:19:06,433 - Knowledge - INFO - Fast-tracked /app/data/newkinpogroup5515/55/b23195v/lu5-55/docs/v0.0.6/classes/class/meta.json (ext=.json, size=849)
2026-02-25 00:19:06,600 - Knowledge - INFO - Fast-tracked /app/data/newkinpogroup5515/55/b23195v/lu5-55/docs/v0.0.6/setting/stroke/meta.json (ext=.json, size=485)
2026-02-25 00:19:06,714 - Knowledge - INFO - Fast-tracked /app/data/newkinpogroup5515/55/b23195v/lu5-55/docs/v0.0.6/setting/pop/meta.json (ext=.json, size=210)
2026-02-25 00:19:06,791 - Knowledge - INFO - Worker kw11 processing /app/data/newkinpogroup5515/55/b23195v/lu5-55/docs/v0.0.6/shapes/line/index.html
2026-02-25 00:19:06,899 - Knowledge - INFO - Fast-tracked /app/data/newkinpogroup5515/55/b23195v/lu5-55/src/lu5_error.h (ext=.h, size=160)
2026-02-25 00:19:07,010 - Knowledge - INFO - Fast-tracked /app/data/newkinpogroup5515/55/b23195v/lu5-55/src/platform/geometry/3D/lu5_debug.c (ext=.c, size=1734)
2026-02-25 00:19:07,101 - Knowledge - INFO - Worker kw8 processing /app/data/newkinpogroup5515/55/b23195v/lu5-55/src/lu5_list.h
2026-02-25 00:19:07,171 - Knowledge - INFO - [LLM_CALL] Completed: lu5_icon.h:chunk1, Duration: 5527ms, PromptTokens: 22012, CompletionTokens: 102, Cost: $0.00224
2026-02-25 00:19:07,195 - Knowledge - INFO - Fast-tracked /app/data/newkinpogroup5515/55/b23195v/lu5-55/docs/v0.0.6/io/loadText/meta.json (ext=.json, size=339)
2026-02-25 00:19:07,288 - Knowledge - INFO - Fast-tracked /app/data/newkinpogroup5515/55/b23195v/lu5-55/docs/v0.0.6/window/windowResized/meta.json (ext=.json, size=402)
2026-02-25 00:19:07,395 - Knowledge - INFO - Fast-tracked /app/data/newkinpogroup5515/55/b23195v/lu5-55/docs/v0.0.6/shapes/beginShape/meta.json (ext=.json, size=612)
2026-02-25 00:19:07,478 - Knowledge - INFO - Worker kw13 processing /app/data/newkinpogroup5515/55/b23195v/lu5-55/docs/v0.0.6/shapes/rect/meta.json
2026-02-25 00:19:07,571 - Knowledge - INFO - Worker kw14 processing /app/data/newkinpogroup5515/55/b23195v/lu5-55/docs/v0.0.6/math/min/meta.json
2026-02-25 00:19:07,673 - Knowledge - INFO - Fast-tracked /app/data/newkinpogroup5515/55/b23195v/lu5-55/docs/v0.0.6/math/floor/meta.json (ext=.json, size=498)
2026-02-25 00:19:07,788 - Knowledge - INFO - Worker kw16 processing /app/data/newkinpogroup5515/55/b23195v/lu5-55/docs/v0.0.6/math/constrain/meta.json
2026-02-25 00:19:07,835 - Knowledge - INFO - Fast-tracked /app/data/newkinpogroup5515/55/b23195v/lu5-55/src/bindings/image.c (small file (2938 bytes))
2026-02-25 00:19:07,871 - Knowledge - INFO - Worker kw17 processing /app/data/newkinpogroup5515/55/b23195v/lu5-55/docs/v0.0.6/math/HALF_PI/index.html
2026-02-25 00:19:07,999 - Knowledge - INFO - Worker kw18 processing /app/data/newkinpogroup5515/55/b23195v/lu5-55/docs/v0.0.6/classes/index.html
2026-02-25 00:19:08,113 - Knowledge - INFO - Worker kw19 processing /app/data/newkinpogroup5515/55/b23195v/lu5-55/docs/v0.0.6/setting/noFill/index.html
2026-02-25 00:19:08,225 - Knowledge - INFO - Worker kw20 processing /app/data/newkinpogroup5515/55/b23195v/lu5-55/docs/v0.0.6/setting.html
2026-02-25 00:19:08,321 - Knowledge - INFO - Worker kw11 processing /app/data/newkinpogroup5515/55/b23195v/lu5-55/docs/v0.0.6/shapes/line/meta.json
2026-02-25 00:19:08,444 - Knowledge - INFO - Fast-tracked /app/data/newkinpogroup5515/55/b23195v/lu5-55/src/bindings/mouse.h (small file (2971 bytes))
2026-02-25 00:19:08,629 - Knowledge - INFO - Fast-tracked /app/data/newkinpogroup5515/55/b23195v/lu5-55/src/lu5_list.h (ext=.h, size=424)
2026-02-25 00:19:08,729 - Knowledge - INFO - done ingest for /app/data/newkinpogroup5515/55/b23195v/lu5-55/src/static/lu5_icon.h
2026-02-25 00:19:08,925 - Knowledge - INFO - Worker kw10 processing /app/data/newkinpogroup5515/55/b23195v/lu5-55/docs/v0.0.6/window/height/index.html
2026-02-25 00:19:09,003 - Knowledge - INFO - Worker kw12 processing /app/data/newkinpogroup5515/55/b23195v/lu5-55/docs/v0.0.6/shapes/triangle/index.html
2026-02-25 00:19:09,084 - Knowledge - INFO - Fast-tracked /app/data/newkinpogroup5515/55/b23195v/lu5-55/docs/v0.0.6/shapes/rect/meta.json (ext=.json, size=423)
2026-02-25 00:19:09,160 - Knowledge - INFO - Fast-tracked /app/data/newkinpogroup5515/55/b23195v/lu5-55/docs/v0.0.6/math/min/meta.json (ext=.json, size=530)
2026-02-25 00:19:09,251 - Knowledge - INFO - Worker kw15 processing /app/data/newkinpogroup5515/55/b23195v/lu5-55/docs/v0.0.6/math/sin/index.html
2026-02-25 00:19:09,372 - Knowledge - INFO - Fast-tracked /app/data/newkinpogroup5515/55/b23195v/lu5-55/docs/v0.0.6/math/constrain/meta.json (ext=.json, size=438)
2026-02-25 00:19:09,575 - Knowledge - INFO - Worker kw17 processing /app/data/newkinpogroup5515/55/b23195v/lu5-55/docs/v0.0.6/math/HALF_PI/meta.json
2026-02-25 00:19:09,664 - Knowledge - INFO - Worker kw18 processing /app/data/newkinpogroup5515/55/b23195v/lu5-55/docs/v0.0.6/setting/strokeWeight/index.html
2026-02-25 00:19:09,783 - Knowledge - INFO - Worker kw19 processing /app/data/newkinpogroup5515/55/b23195v/lu5-55/docs/v0.0.6/setting/noFill/meta.json
2026-02-25 00:19:09,892 - Knowledge - INFO - Worker kw20 processing /app/data/newkinpogroup5515/55/b23195v/lu5-55/docs/v0.0.6/keyboard/KEY_X/index.html
2026-02-25 00:19:10,001 - Knowledge - INFO - Fast-tracked /app/data/newkinpogroup5515/55/b23195v/lu5-55/docs/v0.0.6/shapes/line/meta.json (ext=.json, size=473)
2026-02-25 00:19:10,549 - Knowledge - INFO - Worker kw12 processing /app/data/newkinpogroup5515/55/b23195v/lu5-55/docs/v0.0.6/shapes/triangle/meta.json
2026-02-25 00:19:10,655 - Knowledge - INFO - Worker kw13 processing /app/data/newkinpogroup5515/55/b23195v/lu5-55/docs/v0.0.6/shapes/square/index.html
2026-02-25 00:19:10,800 - Knowledge - INFO - Worker kw14 processing /app/data/newkinpogroup5515/55/b23195v/lu5-55/docs/v0.0.6/math/QUARTER_PI/index.html
2026-02-25 00:19:10,952 - Knowledge - INFO - Worker kw15 processing /app/data/newkinpogroup5515/55/b23195v/lu5-55/docs/v0.0.6/math/sin/meta.json
2026-02-25 00:19:11,058 - Knowledge - INFO - Worker kw16 processing /app/data/newkinpogroup5515/55/b23195v/lu5-55/docs/v0.0.6/math/random/index.html
2026-02-25 00:19:11,156 - Knowledge - INFO - Fast-tracked /app/data/newkinpogroup5515/55/b23195v/lu5-55/docs/v0.0.6/math/HALF_PI/meta.json (ext=.json, size=190)
2026-02-25 00:19:11,276 - Knowledge - INFO - Worker kw18 processing /app/data/newkinpogroup5515/55/b23195v/lu5-55/docs/v0.0.6/setting/strokeWeight/meta.json
2026-02-25 00:19:11,373 - Knowledge - INFO - Fast-tracked /app/data/newkinpogroup5515/55/b23195v/lu5-55/docs/v0.0.6/setting/noFill/meta.json (ext=.json, size=198)
2026-02-25 00:19:11,449 - Knowledge - INFO - Worker kw20 processing /app/data/newkinpogroup5515/55/b23195v/lu5-55/docs/v0.0.6/keyboard/KEY_X/meta.json
2026-02-25 00:19:11,538 - Knowledge - INFO - Worker kw11 processing /app/data/newkinpogroup5515/55/b23195v/lu5-55/docs/v0.0.6/shapes/endShape/index.html
2026-02-25 00:19:11,663 - Knowledge - INFO - Fast-tracked /app/data/newkinpogroup5515/55/b23195v/lu5-55/docs/v0.0.6/shapes/triangle/meta.json (ext=.json, size=216)
2026-02-25 00:19:11,762 - Knowledge - INFO - Worker kw13 processing /app/data/newkinpogroup5515/55/b23195v/lu5-55/docs/v0.0.6/shapes/square/meta.json
2026-02-25 00:19:11,858 - Knowledge - INFO - Worker kw14 processing /app/data/newkinpogroup5515/55/b23195v/lu5-55/docs/v0.0.6/math/QUARTER_PI/meta.json
2026-02-25 00:19:11,942 - Knowledge - INFO - Fast-tracked /app/data/newkinpogroup5515/55/b23195v/lu5-55/docs/v0.0.6/math/sin/meta.json (ext=.json, size=319)
2026-02-25 00:19:12,129 - Knowledge - INFO - Worker kw16 processing /app/data/newkinpogroup5515/55/b23195v/lu5-55/docs/v0.0.6/math/random/meta.json
2026-02-25 00:19:12,176 - Knowledge - INFO - Worker kw17 processing /app/data/newkinpogroup5515/55/b23195v/lu5-55/docs/v0.0.6/math/tan/index.html
2026-02-25 00:19:12,352 - Knowledge - INFO - Fast-tracked /app/data/newkinpogroup5515/55/b23195v/lu5-55/docs/v0.0.6/setting/strokeWeight/meta.json (ext=.json, size=323)
2026-02-25 00:19:12,489 - Knowledge - INFO - Worker kw19 processing /app/data/newkinpogroup5515/55/b23195v/lu5-55/docs/v0.0.6/setting/noStroke/index.html
2026-02-25 00:19:12,609 - Knowledge - INFO - Fast-tracked /app/data/newkinpogroup5515/55/b23195v/lu5-55/docs/v0.0.6/keyboard/KEY_X/meta.json (ext=.json, size=188)
2026-02-25 00:19:12,884 - Knowledge - INFO - Worker kw12 processing /app/data/newkinpogroup5515/55/b23195v/lu5-55/docs/v0.0.6/shapes/arc/index.html
2026-02-25 00:19:13,060 - Knowledge - INFO - [LLM_CALL] Completed: lu5_bindings.c:chunk1, Duration: 9288ms, PromptTokens: 5678, CompletionTokens: 703, Cost: $0.00085
2026-02-25 00:19:13,064 - Knowledge - INFO - Fast-tracked /app/data/newkinpogroup5515/55/b23195v/lu5-55/docs/v0.0.6/shapes/square/meta.json (ext=.json, size=387)
2026-02-25 00:19:13,183 - Knowledge - INFO - Fast-tracked /app/data/newkinpogroup5515/55/b23195v/lu5-55/docs/v0.0.6/math/QUARTER_PI/meta.json (ext=.json, size=193)
2026-02-25 00:19:13,335 - Knowledge - INFO - Worker kw15 processing /app/data/newkinpogroup5515/55/b23195v/lu5-55/docs/v0.0.6/math/abs/index.html
2026-02-25 00:19:13,451 - Knowledge - INFO - Fast-tracked /app/data/newkinpogroup5515/55/b23195v/lu5-55/docs/v0.0.6/math/random/meta.json (ext=.json, size=602)
2026-02-25 00:19:13,532 - Knowledge - INFO - Worker kw17 processing /app/data/newkinpogroup5515/55/b23195v/lu5-55/docs/v0.0.6/math/tan/meta.json
2026-02-25 00:19:13,670 - Knowledge - INFO - Worker kw18 processing /app/data/newkinpogroup5515/55/b23195v/lu5-55/docs/v0.0.6/setting/push/index.html
2026-02-25 00:19:13,768 - Knowledge - INFO - Worker kw19 processing /app/data/newkinpogroup5515/55/b23195v/lu5-55/docs/v0.0.6/setting/noStroke/meta.json
2026-02-25 00:19:13,869 - Knowledge - INFO - Worker kw20 processing /app/data/newkinpogroup5515/55/b23195v/lu5-55/docs/v0.0.6/keyboard/KEY_H/index.html
2026-02-25 00:19:14,119 - Knowledge - INFO - done ingest for /app/data/newkinpogroup5515/55/b23195v/lu5-55/src/lu5_bindings.c
2026-02-25 00:19:14,120 - Knowledge - INFO - [LLM_CALL] Completed: setting.h:chunk1, Duration: 9306ms, PromptTokens: 4208, CompletionTokens: 396, Cost: $0.00058
2026-02-25 00:19:14,230 - Knowledge - INFO - Worker kw13 processing /app/data/newkinpogroup5515/55/b23195v/lu5-55/docs/v0.0.6/shapes/quad/index.html
2026-02-25 00:19:14,313 - Knowledge - INFO - Worker kw14 processing /app/data/newkinpogroup5515/55/b23195v/lu5-55/docs/v0.0.6/math/TWO_PI/index.html
2026-02-25 00:19:14,407 - Knowledge - INFO - Worker kw15 processing /app/data/newkinpogroup5515/55/b23195v/lu5-55/docs/v0.0.6/math/abs/meta.json
2026-02-25 00:19:14,496 - Knowledge - INFO - Worker kw16 processing /app/data/newkinpogroup5515/55/b23195v/lu5-55/docs/v0.0.6/math/PI/index.html
2026-02-25 00:19:14,580 - Knowledge - INFO - Fast-tracked /app/data/newkinpogroup5515/55/b23195v/lu5-55/docs/v0.0.6/math/tan/meta.json (ext=.json, size=322)
2026-02-25 00:19:14,702 - Knowledge - INFO - Worker kw18 processing /app/data/newkinpogroup5515/55/b23195v/lu5-55/docs/v0.0.6/setting/push/meta.json
2026-02-25 00:19:14,820 - Knowledge - INFO - Fast-tracked /app/data/newkinpogroup5515/55/b23195v/lu5-55/docs/v0.0.6/setting/noStroke/meta.json (ext=.json, size=303)
2026-02-25 00:19:14,917 - Knowledge - INFO - Worker kw20 processing /app/data/newkinpogroup5515/55/b23195v/lu5-55/docs/v0.0.6/keyboard/KEY_H/meta.json
2026-02-25 00:19:15,112 - Knowledge - INFO - done ingest for /app/data/newkinpogroup5515/55/b23195v/lu5-55/src/bindings/setting.h
2026-02-25 00:19:15,149 - Knowledge - INFO - Fast-tracked /app/data/newkinpogroup5515/55/b23195v/lu5-55/src/bindings/shapes3D.h (small file (2520 bytes))
2026-02-25 00:19:15,200 - Knowledge - INFO - Processing batch of 10 files
2026-02-25 00:19:15,447 - Knowledge - INFO - Fast-tracked /app/data/newkinpogroup5515/55/b23195v/lu5-55/docs/v0.0.6/math/abs/meta.json (ext=.json, size=440)
2026-02-25 00:19:15,539 - Knowledge - INFO - Worker kw16 processing /app/data/newkinpogroup5515/55/b23195v/lu5-55/docs/v0.0.6/math/PI/meta.json
2026-02-25 00:19:15,649 - Knowledge - INFO - Worker kw17 processing /app/data/newkinpogroup5515/55/b23195v/lu5-55/docs/v0.0.6/math/index.html
2026-02-25 00:19:15,738 - Knowledge - INFO - Fast-tracked /app/data/newkinpogroup5515/55/b23195v/lu5-55/docs/v0.0.6/setting/push/meta.json (ext=.json, size=207)
2026-02-25 00:19:15,829 - Knowledge - INFO - Worker kw19 processing /app/data/newkinpogroup5515/55/b23195v/lu5-55/docs/v0.0.6/setting/index.html
2026-02-25 00:19:15,931 - Knowledge - INFO - Fast-tracked /app/data/newkinpogroup5515/55/b23195v/lu5-55/docs/v0.0.6/keyboard/KEY_H/meta.json (ext=.json, size=188)
2026-02-25 00:19:16,295 - Knowledge - INFO - process ingested knowledge for /app/data/newkinpogroup5515/55/b23195v/lu5-55/src/lu5_types.h
2026-02-25 00:19:16,471 - Knowledge - INFO - Worker kw15 processing /app/data/newkinpogroup5515/55/b23195v/lu5-55/docs/v0.0.6/math/max/index.html
2026-02-25 00:19:16,601 - Knowledge - INFO - Fast-tracked /app/data/newkinpogroup5515/55/b23195v/lu5-55/docs/v0.0.6/math/PI/meta.json (ext=.json, size=185)
2026-02-25 00:19:16,678 - Knowledge - INFO - Worker kw17 processing /app/data/newkinpogroup5515/55/b23195v/lu5-55/docs/v0.0.6/typography.html
2026-02-25 00:19:16,772 - Knowledge - INFO - Worker kw18 processing /app/data/newkinpogroup5515/55/b23195v/lu5-55/docs/v0.0.6/setting/background/index.html
2026-02-25 00:19:16,861 - Knowledge - INFO - Worker kw19 processing /app/data/newkinpogroup5515/55/b23195v/lu5-55/docs/v0.0.6/setting/fill/index.html
2026-02-25 00:19:16,913 - Knowledge - INFO - Fast-tracked /app/data/newkinpogroup5515/55/b23195v/lu5-55/src/bindings/typography.h (small file (2725 bytes))
2026-02-25 00:19:16,979 - Knowledge - INFO - Worker kw20 processing /app/data/newkinpogroup5515/55/b23195v/lu5-55/docs/v0.0.6/keyboard/KEY_P/index.html
2026-02-25 00:19:17,064 - Knowledge - INFO - process ingested knowledge for /app/data/newkinpogroup5515/55/b23195v/lu5-55/src/static/lu5_icon.h
2026-02-25 00:19:17,235 - Knowledge - INFO - Worker kw16 processing /app/data/newkinpogroup5515/55/b23195v/lu5-55/docs/v0.0.6/math/cos/index.html
2026-02-25 00:19:17,322 - Knowledge - INFO - Fast-tracked /app/data/newkinpogroup5515/55/b23195v/lu5-55/src/platform/geometry/2D/lu5_triangle.c (small file (2138 bytes))
2026-02-25 00:19:17,335 - Knowledge - INFO - Worker kw17 processing /app/data/newkinpogroup5515/55/b23195v/lu5-55/docs/v0.0.6/image.html
2026-02-25 00:19:17,465 - Knowledge - INFO - Worker kw18 processing /app/data/newkinpogroup5515/55/b23195v/lu5-55/docs/v0.0.6/setting/background/meta.json
2026-02-25 00:19:17,503 - Knowledge - INFO - [LLM_CALL] Completed: lu5_math.c:chunk1, Duration: 17580ms, PromptTokens: 4528, CompletionTokens: 807, Cost: $0.00078
2026-02-25 00:19:17,539 - Knowledge - INFO - Worker kw19 processing /app/data/newkinpogroup5515/55/b23195v/lu5-55/docs/v0.0.6/setting/fill/meta.json
2026-02-25 00:19:17,703 - Knowledge - INFO - Worker kw20 processing /app/data/newkinpogroup5515/55/b23195v/lu5-55/docs/v0.0.6/keyboard/KEY_P/meta.json
2026-02-25 00:19:17,804 - Knowledge - INFO - process ingested knowledge for /app/data/newkinpogroup5515/55/b23195v/lu5-55/src/lu5_print.h
2026-02-25 00:19:18,337 - Knowledge - INFO - Fast-tracked /app/data/newkinpogroup5515/55/b23195v/lu5-55/docs/v0.0.6/setting/background/meta.json (ext=.json, size=392)
2026-02-25 00:19:18,479 - Knowledge - INFO - done ingest for /app/data/newkinpogroup5515/55/b23195v/lu5-55/src/bindings/lu5_math.c
2026-02-25 00:19:18,594 - Knowledge - INFO - Fast-tracked /app/data/newkinpogroup5515/55/b23195v/lu5-55/docs/v0.0.6/setting/fill/meta.json (ext=.json, size=508)
2026-02-25 00:19:18,707 - Knowledge - INFO - Fast-tracked /app/data/newkinpogroup5515/55/b23195v/lu5-55/docs/v0.0.6/keyboard/KEY_P/meta.json (ext=.json, size=188)
2026-02-25 00:19:18,793 - Knowledge - INFO - process ingested knowledge for /app/data/newkinpogroup5515/55/b23195v/lu5-55/src/lu5_bindings.c
2026-02-25 00:19:19,055 - Knowledge - INFO - Processing batch of 10 files
2026-02-25 00:19:19,125 - Knowledge - INFO - Worker kw19 processing /app/data/newkinpogroup5515/55/b23195v/lu5-55/docs/v0.0.6/setting/pop/index.html
2026-02-25 00:19:19,343 - Knowledge - INFO - Worker kw20 processing /app/data/newkinpogroup5515/55/b23195v/lu5-55/docs/v0.0.6/keyboard/RIGHT_ARROW/index.html
2026-02-25 00:19:19,428 - Knowledge - INFO - process ingested knowledge for /app/data/newkinpogroup5515/55/b23195v/lu5-55/src/lu5_core.h
2026-02-25 00:19:19,532 - Knowledge - INFO - process ingested knowledge for /app/data/newkinpogroup5515/55/b23195v/lu5-55/src/lu5_list.c
2026-02-25 00:19:19,748 - Knowledge - INFO - Worker kw20 processing /app/data/newkinpogroup5515/55/b23195v/lu5-55/docs/v0.0.6/keyboard/RIGHT_ARROW/meta.json
2026-02-25 00:19:19,859 - Knowledge - INFO - process ingested knowledge for /app/data/newkinpogroup5515/55/b23195v/lu5-55/src/lu5_fs.h
2026-02-25 00:19:19,938 - Knowledge - INFO - process ingested knowledge for /app/data/newkinpogroup5515/55/b23195v/lu5-55/src/lu5_font.h
2026-02-25 00:19:20,075 - Knowledge - INFO - Fast-tracked /app/data/newkinpogroup5515/55/b23195v/lu5-55/docs/v0.0.6/keyboard/RIGHT_ARROW/meta.json (ext=.json, size=192)
2026-02-25 00:19:20,190 - Knowledge - INFO - process ingested knowledge for /app/data/newkinpogroup5515/55/b23195v/lu5-55/src/lu5_random.h
2026-02-25 00:19:20,293 - Knowledge - INFO - process ingested knowledge for /app/data/newkinpogroup5515/55/b23195v/lu5-55/src/lu5_color.h
2026-02-25 00:19:20,471 - Knowledge - INFO - process ingested knowledge for /app/data/newkinpogroup5515/55/b23195v/lu5-55/src/lu5_event_callbacks.h
2026-02-25 00:19:20,558 - Knowledge - INFO - process ingested knowledge for /app/data/newkinpogroup5515/55/b23195v/lu5-55/src/lu5_obj.h
2026-02-25 00:19:20,756 - Knowledge - INFO - process ingested knowledge for /app/data/newkinpogroup5515/55/b23195v/lu5-55/src/lu5_state.h
2026-02-25 00:19:20,924 - Knowledge - INFO - process ingested knowledge for /app/data/newkinpogroup5515/55/b23195v/lu5-55/src/lu5_logger.c
2026-02-25 00:19:21,047 - Knowledge - INFO - process ingested knowledge for /app/data/newkinpogroup5515/55/b23195v/lu5-55/src/lu5_style.h
2026-02-25 00:19:21,164 - Knowledge - INFO - process ingested knowledge for /app/data/newkinpogroup5515/55/b23195v/lu5-55/src/bindings/lu5_math.c
2026-02-25 00:19:21,482 - Knowledge - INFO - process ingested knowledge for /app/data/newkinpogroup5515/55/b23195v/lu5-55/src/bindings/typography.c
2026-02-25 00:19:21,688 - Knowledge - INFO - process ingested knowledge for /app/data/newkinpogroup5515/55/b23195v/lu5-55/src/bindings/classes.h
2026-02-25 00:19:21,886 - Knowledge - INFO - process ingested knowledge for /app/data/newkinpogroup5515/55/b23195v/lu5-55/src/bindings/setting.h
2026-02-25 00:19:22,087 - Knowledge - INFO - process ingested knowledge for /app/data/newkinpogroup5515/55/b23195v/lu5-55/src/bindings/image.c
2026-02-25 00:19:22,355 - Knowledge - INFO - [WEBSOCKET] Sent: Type=progress_update, Size: 292, Duration: 0ms
2026-02-25 00:19:22,535 - Knowledge - INFO - [WEBSOCKET] Sent: Type=unknown, Size: ?, Duration: 180ms
2026-02-25 00:19:22,728 - Knowledge - INFO - Progress: 1.4% | Files: 20/1455 | Rate: 0.34 files/sec | Queue: 1255
2026-02-25 00:19:23,071 - Knowledge - INFO - [kw1] Queue=1255, InProgress=0, PendingWorkers=20/20, Completed=20/1455 (1.4%)
2026-02-25 00:19:23,268 - Knowledge - INFO - Batch sizing: calculated=10, max_allowed=10, queue=1255, active_workers=20/20
2026-02-25 00:19:23,540 - Knowledge - INFO - Async storing batch of 10 embeddings
2026-02-25 00:19:23,793 - Knowledge - INFO - Worker kw1 processing /app/data/newkinpogroup5515/55/b23195v/lu5-55/docs/v0.0.6/keyboard/KEY_L/index.html
2026-02-25 00:19:24,072 - Knowledge - INFO - Worker kw1 processing /app/data/newkinpogroup5515/55/b23195v/lu5-55/docs/v0.0.6/keyboard/KEY_L/meta.json
2026-02-25 00:19:24,359 - Knowledge - INFO - Fast-tracked /app/data/newkinpogroup5515/55/b23195v/lu5-55/docs/v0.0.6/keyboard/KEY_L/meta.json (ext=.json, size=188)
2026-02-25 00:19:24,643 - Knowledge - INFO - Worker kw1 processing /app/data/newkinpogroup5515/55/b23195v/lu5-55/docs/v0.0.6/keyboard/KEY_D/index.html
2026-02-25 00:19:24,725 - Knowledge - INFO - [LLM_CALL] Completed: classes.c:chunk1, Duration: 14632ms, PromptTokens: 2776, CompletionTokens: 586, Cost: $0.00051
2026-02-25 00:19:24,874 - Knowledge - INFO - Worker kw1 processing /app/data/newkinpogroup5515/55/b23195v/lu5-55/docs/v0.0.6/keyboard/KEY_D/meta.json
2026-02-25 00:19:24,990 - Knowledge - INFO - done ingest for /app/data/newkinpogroup5515/55/b23195v/lu5-55/src/bindings/classes.c
2026-02-25 00:19:25,155 - Knowledge - INFO - Fast-tracked /app/data/newkinpogroup5515/55/b23195v/lu5-55/docs/v0.0.6/keyboard/KEY_D/meta.json (ext=.json, size=188)
2026-02-25 00:19:25,226 - Knowledge - INFO - [kw2] Queue=1245, InProgress=0, PendingWorkers=20/20, Completed=20/1455 (1.4%)
2026-02-25 00:19:25,395 - Knowledge - INFO - Worker kw1 processing /app/data/newkinpogroup5515/55/b23195v/lu5-55/docs/v0.0.6/keyboard/KEY_T/index.html
2026-02-25 00:19:25,544 - Knowledge - INFO - Batch sizing: calculated=10, max_allowed=10, queue=1245, active_workers=20/20
2026-02-25 00:19:25,661 - Knowledge - INFO - Worker kw1 processing /app/data/newkinpogroup5515/55/b23195v/lu5-55/docs/v0.0.6/keyboard/KEY_T/meta.json
2026-02-25 00:19:25,696 - Knowledge - INFO - [LLM_CALL] Completed: shapes3D.c:chunk1, Duration: 27978ms, PromptTokens: 3262, CompletionTokens: 458, Cost: $0.00051
2026-02-25 00:19:25,866 - Knowledge - INFO - Fast-tracked /app/data/newkinpogroup5515/55/b23195v/lu5-55/docs/v0.0.6/keyboard/KEY_T/meta.json (ext=.json, size=188)
2026-02-25 00:19:25,987 - Knowledge - INFO - done ingest for /app/data/newkinpogroup5515/55/b23195v/lu5-55/src/bindings/shapes3D.c
2026-02-25 00:19:25,989 - Knowledge - INFO - Async storing batch of 10 embeddings
2026-02-25 00:19:26,033 - Knowledge - INFO - Processing batch of 10 files
2026-02-25 00:19:26,142 - Knowledge - INFO - Worker kw1 processing /app/data/newkinpogroup5515/55/b23195v/lu5-55/docs/v0.0.6/keyboard/KEY_Z/index.html
2026-02-25 00:19:26,499 - Knowledge - INFO - Worker kw2 processing /app/data/newkinpogroup5515/55/b23195v/lu5-55/docs/v0.0.6/keyboard/DOWN_ARROW/index.html
2026-02-25 00:19:26,621 - Knowledge - INFO - process ingested knowledge for /app/data/newkinpogroup5515/55/b23195v/lu5-55/src/bindings/mouse.h
2026-02-25 00:19:26,752 - Knowledge - INFO - Worker kw1 processing /app/data/newkinpogroup5515/55/b23195v/lu5-55/docs/v0.0.6/keyboard/KEY_Z/meta.json
2026-02-25 00:19:27,183 - Knowledge - INFO - Worker kw2 processing /app/data/newkinpogroup5515/55/b23195v/lu5-55/docs/v0.0.6/keyboard/DOWN_ARROW/meta.json
2026-02-25 00:19:27,230 - Knowledge - INFO - [LLM_CALL] Completed: window.h:chunk1, Duration: 22111ms, PromptTokens: 3408, CompletionTokens: 350, Cost: $0.00048
2026-02-25 00:19:27,288 - Knowledge - INFO - process ingested knowledge for /app/data/newkinpogroup5515/55/b23195v/lu5-55/src/bindings/setting.c
2026-02-25 00:19:27,408 - Knowledge - INFO - Fast-tracked /app/data/newkinpogroup5515/55/b23195v/lu5-55/docs/v0.0.6/keyboard/KEY_Z/meta.json (ext=.json, size=188)
2026-02-25 00:19:27,487 - Knowledge - INFO - Fast-tracked /app/data/newkinpogroup5515/55/b23195v/lu5-55/docs/v0.0.6/keyboard/DOWN_ARROW/meta.json (ext=.json, size=191)
2026-02-25 00:19:27,609 - Knowledge - INFO - done ingest for /app/data/newkinpogroup5515/55/b23195v/lu5-55/src/bindings/window.h
2026-02-25 00:19:27,710 - Knowledge - INFO - process ingested knowledge for /app/data/newkinpogroup5515/55/b23195v/lu5-55/src/bindings/camera.h
2026-02-25 00:19:27,823 - Knowledge - INFO - Worker kw1 processing /app/data/newkinpogroup5515/55/b23195v/lu5-55/docs/v0.0.6/keyboard/KEY_J/index.html
2026-02-25 00:19:27,914 - Knowledge - INFO - Worker kw2 processing /app/data/newkinpogroup5515/55/b23195v/lu5-55/docs/v0.0.6/keyboard/KEY_B/index.html
2026-02-25 00:19:28,108 - Knowledge - INFO - process ingested knowledge for /app/data/newkinpogroup5515/55/b23195v/lu5-55/src/bindings/classes.c
2026-02-25 00:19:28,292 - Knowledge - INFO - Worker kw1 processing /app/data/newkinpogroup5515/55/b23195v/lu5-55/docs/v0.0.6/keyboard/KEY_J/meta.json
2026-02-25 00:19:28,492 - Knowledge - INFO - Worker kw2 processing /app/data/newkinpogroup5515/55/b23195v/lu5-55/docs/v0.0.6/keyboard/KEY_B/meta.json
2026-02-25 00:19:28,534 - Knowledge - INFO - process ingested knowledge for /app/data/newkinpogroup5515/55/b23195v/lu5-55/src/lu5_image.h
2026-02-25 00:19:28,651 - Knowledge - INFO - Fast-tracked /app/data/newkinpogroup5515/55/b23195v/lu5-55/docs/v0.0.6/keyboard/KEY_J/meta.json (ext=.json, size=188)
2026-02-25 00:19:28,737 - Knowledge - INFO - [LLM_CALL] Completed: lu5_vector.h:chunk1, Duration: 20008ms, PromptTokens: 4270, CompletionTokens: 821, Cost: $0.00076
2026-02-25 00:19:28,785 - Knowledge - INFO - Fast-tracked /app/data/newkinpogroup5515/55/b23195v/lu5-55/docs/v0.0.6/keyboard/KEY_B/meta.json (ext=.json, size=188)
2026-02-25 00:19:28,900 - Knowledge - INFO - process ingested knowledge for /app/data/newkinpogroup5515/55/b23195v/lu5-55/src/lu5_cli_options.h
2026-02-25 00:19:29,109 - Knowledge - INFO - done ingest for /app/data/newkinpogroup5515/55/b23195v/lu5-55/src/bindings/lu5_vector.h
2026-02-25 00:19:29,190 - Knowledge - INFO - Worker kw2 processing /app/data/newkinpogroup5515/55/b23195v/lu5-55/docs/v0.0.6/keyboard/KEY_R/index.html
2026-02-25 00:19:29,277 - Knowledge - INFO - process ingested knowledge for /app/data/newkinpogroup5515/55/b23195v/lu5-55/src/lu5_decorators.h
2026-02-25 00:19:29,527 - Knowledge - INFO - Worker kw2 processing /app/data/newkinpogroup5515/55/b23195v/lu5-55/docs/v0.0.6/keyboard/KEY_R/meta.json
2026-02-25 00:19:29,625 - Knowledge - INFO - [LLM_CALL] Completed: shapes.h:chunk1, Duration: 29613ms, PromptTokens: 4152, CompletionTokens: 637, Cost: $0.00067
2026-02-25 00:19:29,629 - Knowledge - INFO - process ingested knowledge for /app/data/newkinpogroup5515/55/b23195v/lu5-55/src/lu5_bindings.h
2026-02-25 00:19:29,722 - Knowledge - INFO - Fast-tracked /app/data/newkinpogroup5515/55/b23195v/lu5-55/docs/v0.0.6/keyboard/KEY_R/meta.json (ext=.json, size=188)
2026-02-25 00:19:29,814 - Knowledge - INFO - done ingest for /app/data/newkinpogroup5515/55/b23195v/lu5-55/src/bindings/shapes.h
2026-02-25 00:19:29,973 - Knowledge - INFO - process ingested knowledge for /app/data/newkinpogroup5515/55/b23195v/lu5-55/src/lu5_setting.h
2026-02-25 00:19:30,071 - Knowledge - INFO - Worker kw2 processing /app/data/newkinpogroup5515/55/b23195v/lu5-55/docs/v0.0.6/keyboard/keyHeld/index.html
2026-02-25 00:19:30,261 - Knowledge - INFO - Processing batch of 10 files
2026-02-25 00:19:30,317 - Knowledge - INFO - process ingested knowledge for /app/data/newkinpogroup5515/55/b23195v/lu5-55/src/lu5_error.h
2026-02-25 00:19:30,409 - Knowledge - INFO - Worker kw2 processing /app/data/newkinpogroup5515/55/b23195v/lu5-55/docs/v0.0.6/keyboard/keyHeld/meta.json
2026-02-25 00:19:30,479 - Knowledge - INFO - process ingested knowledge for /app/data/newkinpogroup5515/55/b23195v/lu5-55/src/bindings/shapes3D.c
2026-02-25 00:19:30,725 - Knowledge - INFO - Fast-tracked /app/data/newkinpogroup5515/55/b23195v/lu5-55/docs/v0.0.6/keyboard/keyHeld/meta.json (ext=.json, size=386)
2026-02-25 00:19:30,823 - Knowledge - INFO - process ingested knowledge for /app/data/newkinpogroup5515/55/b23195v/lu5-55/src/bindings/transform.h
2026-02-25 00:19:30,904 - Knowledge - INFO - Worker kw2 processing /app/data/newkinpogroup5515/55/b23195v/lu5-55/docs/v0.0.6/keyboard/KEY_N/index.html
2026-02-25 00:19:31,132 - Knowledge - INFO - process ingested knowledge for /app/data/newkinpogroup5515/55/b23195v/lu5-55/src/bindings/keyboard.c
2026-02-25 00:19:31,173 - Knowledge - INFO - Worker kw2 processing /app/data/newkinpogroup5515/55/b23195v/lu5-55/docs/v0.0.6/keyboard/KEY_N/meta.json
2026-02-25 00:19:31,361 - Knowledge - INFO - process ingested knowledge for /app/data/newkinpogroup5515/55/b23195v/lu5-55/src/bindings/models.h
2026-02-25 00:19:31,400 - Knowledge - INFO - Fast-tracked /app/data/newkinpogroup5515/55/b23195v/lu5-55/docs/v0.0.6/keyboard/KEY_N/meta.json (ext=.json, size=188)
2026-02-25 00:19:31,556 - Knowledge - INFO - process ingested knowledge for /app/data/newkinpogroup5515/55/b23195v/lu5-55/src/bindings/shapes.h
2026-02-25 00:19:31,687 - Knowledge - INFO - [kw5] Queue=1235, InProgress=0, PendingWorkers=20/20, Completed=40/1455 (2.7%)
2026-02-25 00:19:31,761 - Knowledge - INFO - process ingested knowledge for /app/data/newkinpogroup5515/55/b23195v/lu5-55/src/bindings/camera.c
2026-02-25 00:19:31,892 - Knowledge - INFO - Batch sizing: calculated=10, max_allowed=10, queue=1235, active_workers=20/20
2026-02-25 00:19:31,977 - Knowledge - INFO - process ingested knowledge for /app/data/newkinpogroup5515/55/b23195v/lu5-55/src/bindings/window.h
2026-02-25 00:19:32,090 - Knowledge - INFO - Async storing batch of 10 embeddings
2026-02-25 00:19:32,186 - Knowledge - INFO - process ingested knowledge for /app/data/newkinpogroup5515/55/b23195v/lu5-55/src/bindings/lu5_vector.h
2026-02-25 00:19:32,288 - Knowledge - INFO - Worker kw5 processing /app/data/newkinpogroup5515/55/b23195v/lu5-55/docs/v0.0.6/keyboard/KEY_ENTER/index.html
2026-02-25 00:19:32,402 - Knowledge - INFO - process ingested knowledge for /app/data/newkinpogroup5515/55/b23195v/lu5-55/src/bindings/io.h
2026-02-25 00:19:32,496 - Knowledge - INFO - Worker kw5 processing /app/data/newkinpogroup5515/55/b23195v/lu5-55/docs/v0.0.6/keyboard/KEY_ENTER/meta.json
2026-02-25 00:19:32,647 - Knowledge - INFO - process ingested knowledge for /app/data/newkinpogroup5515/55/b23195v/lu5-55/src/bindings/shapes3D.h
2026-02-25 00:19:32,766 - Knowledge - INFO - Fast-tracked /app/data/newkinpogroup5515/55/b23195v/lu5-55/docs/v0.0.6/keyboard/KEY_ENTER/meta.json (ext=.json, size=192)
2026-02-25 00:19:32,981 - Knowledge - INFO - Worker kw5 processing /app/data/newkinpogroup5515/55/b23195v/lu5-55/docs/v0.0.6/keyboard/KEY_F/index.html
2026-02-25 00:19:33,203 - Knowledge - INFO - Worker kw5 processing /app/data/newkinpogroup5515/55/b23195v/lu5-55/docs/v0.0.6/keyboard/KEY_F/meta.json
2026-02-25 00:19:33,404 - Knowledge - INFO - Fast-tracked /app/data/newkinpogroup5515/55/b23195v/lu5-55/docs/v0.0.6/keyboard/KEY_F/meta.json (ext=.json, size=188)
2026-02-25 00:19:33,606 - Knowledge - INFO - Worker kw5 processing /app/data/newkinpogroup5515/55/b23195v/lu5-55/docs/v0.0.6/keyboard/KEY_V/index.html
2026-02-25 00:19:33,782 - Knowledge - INFO - Worker kw5 processing /app/data/newkinpogroup5515/55/b23195v/lu5-55/docs/v0.0.6/keyboard/KEY_V/meta.json
2026-02-25 00:19:33,842 - Knowledge - INFO - [kw3] Queue=1225, InProgress=0, PendingWorkers=20/20, Completed=40/1455 (2.7%)
2026-02-25 00:19:34,009 - Knowledge - INFO - Fast-tracked /app/data/newkinpogroup5515/55/b23195v/lu5-55/docs/v0.0.6/keyboard/KEY_V/meta.json (ext=.json, size=188)
2026-02-25 00:19:34,128 - Knowledge - INFO - Batch sizing: calculated=10, max_allowed=10, queue=1225, active_workers=20/20
2026-02-25 00:19:34,222 - Knowledge - INFO - Worker kw5 processing /app/data/newkinpogroup5515/55/b23195v/lu5-55/docs/v0.0.6/keyboard/keyReleased/index.html
2026-02-25 00:19:34,355 - Knowledge - INFO - Async storing batch of 10 embeddings
2026-02-25 00:19:34,474 - Knowledge - INFO - Worker kw5 processing /app/data/newkinpogroup5515/55/b23195v/lu5-55/docs/v0.0.6/keyboard/keyReleased/meta.json
2026-02-25 00:19:34,592 - Knowledge - INFO - Worker kw3 processing /app/data/newkinpogroup5515/55/b23195v/lu5-55/docs/v0.0.6/keyboard/KEY_I/index.html
2026-02-25 00:19:34,777 - Knowledge - INFO - Fast-tracked /app/data/newkinpogroup5515/55/b23195v/lu5-55/docs/v0.0.6/keyboard/keyReleased/meta.json (ext=.json, size=397)
2026-02-25 00:19:34,870 - Knowledge - INFO - Worker kw3 processing /app/data/newkinpogroup5515/55/b23195v/lu5-55/docs/v0.0.6/keyboard/KEY_I/meta.json
2026-02-25 00:19:34,983 - Knowledge - INFO - Worker kw5 processing /app/data/newkinpogroup5515/55/b23195v/lu5-55/docs/v0.0.6/keyboard/KEY_Y/index.html
2026-02-25 00:19:35,071 - Knowledge - INFO - Fast-tracked /app/data/newkinpogroup5515/55/b23195v/lu5-55/docs/v0.0.6/keyboard/KEY_I/meta.json (ext=.json, size=188)
2026-02-25 00:19:35,198 - Knowledge - INFO - Worker kw5 processing /app/data/newkinpogroup5515/55/b23195v/lu5-55/docs/v0.0.6/keyboard/KEY_Y/meta.json
2026-02-25 00:19:35,290 - Knowledge - INFO - Worker kw3 processing /app/data/newkinpogroup5515/55/b23195v/lu5-55/docs/v0.0.6/keyboard/KEY_A/index.html
2026-02-25 00:19:35,417 - Knowledge - INFO - Fast-tracked /app/data/newkinpogroup5515/55/b23195v/lu5-55/docs/v0.0.6/keyboard/KEY_Y/meta.json (ext=.json, size=188)
2026-02-25 00:19:35,531 - Knowledge - INFO - Worker kw3 processing /app/data/newkinpogroup5515/55/b23195v/lu5-55/docs/v0.0.6/keyboard/KEY_A/meta.json
2026-02-25 00:19:35,762 - Knowledge - INFO - Fast-tracked /app/data/newkinpogroup5515/55/b23195v/lu5-55/docs/v0.0.6/keyboard/KEY_A/meta.json (ext=.json, size=188)
2026-02-25 00:19:35,947 - Knowledge - INFO - Worker kw3 processing /app/data/newkinpogroup5515/55/b23195v/lu5-55/docs/v0.0.6/keyboard/KEY_Q/index.html
2026-02-25 00:19:36,142 - Knowledge - INFO - Worker kw3 processing /app/data/newkinpogroup5515/55/b23195v/lu5-55/docs/v0.0.6/keyboard/KEY_Q/meta.json
2026-02-25 00:19:36,305 - Knowledge - INFO - Fast-tracked /app/data/newkinpogroup5515/55/b23195v/lu5-55/docs/v0.0.6/keyboard/KEY_Q/meta.json (ext=.json, size=188)
2026-02-25 00:19:36,602 - Knowledge - INFO - Worker kw3 processing /app/data/newkinpogroup5515/55/b23195v/lu5-55/docs/v0.0.6/keyboard/KEY_BACKSPACE/index.html
2026-02-25 00:19:36,824 - Knowledge - INFO - Worker kw3 processing /app/data/newkinpogroup5515/55/b23195v/lu5-55/docs/v0.0.6/keyboard/KEY_BACKSPACE/meta.json
2026-02-25 00:19:36,984 - Knowledge - INFO - Fast-tracked /app/data/newkinpogroup5515/55/b23195v/lu5-55/src/platform/lu5_fs.c (small file (2676 bytes))
2026-02-25 00:19:37,031 - Knowledge - INFO - Fast-tracked /app/data/newkinpogroup5515/55/b23195v/lu5-55/docs/v0.0.6/keyboard/KEY_BACKSPACE/meta.json (ext=.json, size=196)
2026-02-25 00:19:37,303 - Knowledge - INFO - Worker kw3 processing /app/data/newkinpogroup5515/55/b23195v/lu5-55/docs/v0.0.6/keyboard/KEY_M/index.html
2026-02-25 00:19:37,471 - Knowledge - INFO - Worker kw3 processing /app/data/newkinpogroup5515/55/b23195v/lu5-55/docs/v0.0.6/keyboard/KEY_M/meta.json
2026-02-25 00:19:37,687 - Knowledge - INFO - Fast-tracked /app/data/newkinpogroup5515/55/b23195v/lu5-55/docs/v0.0.6/keyboard/KEY_M/meta.json (ext=.json, size=188)
2026-02-25 00:19:42,853 - Knowledge - INFO - [LLM_CALL] Completed: lu5_cylinder.c:chunk1, Duration: 24371ms, PromptTokens: 4218, CompletionTokens: 278, Cost: $0.00053
2026-02-25 00:19:43,093 - Knowledge - INFO - done ingest for /app/data/newkinpogroup5515/55/b23195v/lu5-55/src/platform/geometry/3D/lu5_cylinder.c
2026-02-25 00:19:44,333 - Knowledge - INFO - [LLM_CALL] Completed: lu5_color.c:chunk1, Duration: 35604ms, PromptTokens: 4164, CompletionTokens: 464, Cost: $0.00060
2026-02-25 00:19:44,833 - Knowledge - INFO - done ingest for /app/data/newkinpogroup5515/55/b23195v/lu5-55/src/lu5_color.c
2026-02-25 00:19:45,559 - Knowledge - INFO - [LLM_CALL] Completed: shapes.c:chunk1, Duration: 40649ms, PromptTokens: 4614, CompletionTokens: 875, Cost: $0.00081
2026-02-25 00:19:45,726 - Knowledge - INFO - done ingest for /app/data/newkinpogroup5515/55/b23195v/lu5-55/src/bindings/shapes.c
2026-02-25 00:19:45,784 - Knowledge - INFO - Processing batch of 10 files
2026-02-25 00:19:46,230 - Knowledge - INFO - process ingested knowledge for /app/data/newkinpogroup5515/55/b23195v/lu5-55/src/lu5_color.c
2026-02-25 00:19:46,282 - Knowledge - INFO - [LLM_CALL] Completed: lu5_math.h:chunk1, Duration: 37553ms, PromptTokens: 3624, CompletionTokens: 297, Cost: $0.00048
2026-02-25 00:19:46,442 - Knowledge - INFO - process ingested knowledge for /app/data/newkinpogroup5515/55/b23195v/lu5-55/src/platform/lu5_setting.c
2026-02-25 00:19:46,572 - Knowledge - INFO - done ingest for /app/data/newkinpogroup5515/55/b23195v/lu5-55/src/bindings/lu5_math.h
2026-02-25 00:19:46,688 - Knowledge - INFO - process ingested knowledge for /app/data/newkinpogroup5515/55/b23195v/lu5-55/src/platform/geometry/2D/lu5_ellipse.c
2026-02-25 00:19:47,152 - Knowledge - INFO - process ingested knowledge for /app/data/newkinpogroup5515/55/b23195v/lu5-55/src/platform/geometry/2D/lu5_triangle.c
2026-02-25 00:19:47,403 - Knowledge - INFO - process ingested knowledge for /app/data/newkinpogroup5515/55/b23195v/lu5-55/src/platform/geometry/2D/lu5_arc.c
2026-02-25 00:19:47,807 - Knowledge - INFO - process ingested knowledge for /app/data/newkinpogroup5515/55/b23195v/lu5-55/src/platform/geometry/2D/lu5_line.c
2026-02-25 00:19:48,091 - Knowledge - INFO - [LLM_CALL] Completed: keyboard.h:chunk1, Duration: 29610ms, PromptTokens: 5226, CompletionTokens: 374, Cost: $0.00067
2026-02-25 00:19:48,134 - Knowledge - INFO - process ingested knowledge for /app/data/newkinpogroup5515/55/b23195v/lu5-55/src/platform/geometry/2D/lu5_quad.c
2026-02-25 00:19:48,269 - Knowledge - INFO - done ingest for /app/data/newkinpogroup5515/55/b23195v/lu5-55/src/bindings/keyboard.h
2026-02-25 00:19:48,355 - Knowledge - INFO - process ingested knowledge for /app/data/newkinpogroup5515/55/b23195v/lu5-55/src/platform/geometry/3D/lu5_cylinder.c
2026-02-25 00:19:48,916 - Knowledge - INFO - process ingested knowledge for /app/data/newkinpogroup5515/55/b23195v/lu5-55/src/platform/geometry/3D/lu5_plane.c
2026-02-25 00:19:49,240 - Knowledge - INFO - process ingested knowledge for /app/data/newkinpogroup5515/55/b23195v/lu5-55/src/platform/geometry/3D/lu5_debug.c
2026-02-25 00:19:49,701 - Knowledge - INFO - [LLM_CALL] Completed: window.c:chunk1, Duration: 51681ms, PromptTokens: 3534, CompletionTokens: 657, Cost: $0.00062
2026-02-25 00:19:49,898 - Knowledge - INFO - done ingest for /app/data/newkinpogroup5515/55/b23195v/lu5-55/src/bindings/window.c
2026-02-25 00:19:50,243 - Knowledge - INFO - [LLM_CALL] Completed: lu5_vector.c:chunk1, Duration: 50321ms, PromptTokens: 7888, CompletionTokens: 613, Cost: $0.00103
2026-02-25 00:19:50,398 - Knowledge - INFO - done ingest for /app/data/newkinpogroup5515/55/b23195v/lu5-55/src/bindings/lu5_vector.c
2026-02-25 00:19:50,629 - Knowledge - INFO - Processing batch of 10 files
2026-02-25 00:19:50,733 - Knowledge - INFO - [WEBSOCKET] Sent: Type=progress_update, Size: 289, Duration: 0ms
2026-02-25 00:19:50,784 - Knowledge - INFO - process ingested knowledge for /app/data/newkinpogroup5515/55/b23195v/lu5-55/src/bindings/window.c
2026-02-25 00:19:50,916 - Knowledge - INFO - [WEBSOCKET] Sent: Type=unknown, Size: ?, Duration: 183ms
2026-02-25 00:19:51,013 - Knowledge - INFO - process ingested knowledge for /app/data/newkinpogroup5515/55/b23195v/lu5-55/src/bindings/lu5_vector.c
2026-02-25 00:19:51,142 - Knowledge - INFO - Progress: 4.1% | Files: 60/1455 | Rate: 0.68 files/sec | Queue: 1215
2026-02-25 00:19:51,234 - Knowledge - INFO - process ingested knowledge for /app/data/newkinpogroup5515/55/b23195v/lu5-55/src/bindings/image.h
2026-02-25 00:19:51,360 - Knowledge - INFO - [kw6] Queue=1215, InProgress=0, PendingWorkers=20/20, Completed=60/1455 (4.1%)
2026-02-25 00:19:51,457 - Knowledge - INFO - process ingested knowledge for /app/data/newkinpogroup5515/55/b23195v/lu5-55/src/bindings/io.c
2026-02-25 00:19:51,557 - Knowledge - INFO - Batch sizing: calculated=10, max_allowed=10, queue=1215, active_workers=20/20
2026-02-25 00:19:51,644 - Knowledge - INFO - process ingested knowledge for /app/data/newkinpogroup5515/55/b23195v/lu5-55/src/bindings/models.c
2026-02-25 00:19:51,741 - Knowledge - INFO - Async storing batch of 10 embeddings
2026-02-25 00:19:51,852 - Knowledge - INFO - process ingested knowledge for /app/data/newkinpogroup5515/55/b23195v/lu5-55/src/bindings/shapes.c
2026-02-25 00:19:51,933 - Knowledge - INFO - Worker kw6 processing /app/data/newkinpogroup5515/55/b23195v/lu5-55/docs/v0.0.6/keyboard/LEFT_ARROW/index.html
2026-02-25 00:19:52,046 - Knowledge - INFO - process ingested knowledge for /app/data/newkinpogroup5515/55/b23195v/lu5-55/src/bindings/lu5_math.h
2026-02-25 00:19:52,129 - Knowledge - INFO - Worker kw6 processing /app/data/newkinpogroup5515/55/b23195v/lu5-55/docs/v0.0.6/keyboard/LEFT_ARROW/meta.json
2026-02-25 00:19:52,235 - Knowledge - INFO - process ingested knowledge for /app/data/newkinpogroup5515/55/b23195v/lu5-55/src/bindings/transform.c
2026-02-25 00:19:52,372 - Knowledge - INFO - Fast-tracked /app/data/newkinpogroup5515/55/b23195v/lu5-55/docs/v0.0.6/keyboard/LEFT_ARROW/meta.json (ext=.json, size=191)
2026-02-25 00:19:52,470 - Knowledge - INFO - process ingested knowledge for /app/data/newkinpogroup5515/55/b23195v/lu5-55/src/bindings/typography.h
2026-02-25 00:19:52,561 - Knowledge - INFO - Worker kw6 processing /app/data/newkinpogroup5515/55/b23195v/lu5-55/docs/v0.0.6/keyboard/KEY_E/index.html
2026-02-25 00:19:52,652 - Knowledge - INFO - process ingested knowledge for /app/data/newkinpogroup5515/55/b23195v/lu5-55/src/bindings/keyboard.h
2026-02-25 00:19:52,778 - Knowledge - INFO - Worker kw6 processing /app/data/newkinpogroup5515/55/b23195v/lu5-55/docs/v0.0.6/keyboard/KEY_E/meta.json
2026-02-25 00:19:52,978 - Knowledge - INFO - Fast-tracked /app/data/newkinpogroup5515/55/b23195v/lu5-55/docs/v0.0.6/keyboard/KEY_E/meta.json (ext=.json, size=188)
2026-02-25 00:19:53,139 - Knowledge - INFO - Worker kw6 processing /app/data/newkinpogroup5515/55/b23195v/lu5-55/docs/v0.0.6/keyboard/keyIsDown/index.html
2026-02-25 00:19:53,344 - Knowledge - INFO - Worker kw6 processing /app/data/newkinpogroup5515/55/b23195v/lu5-55/docs/v0.0.6/keyboard/keyIsDown/meta.json
2026-02-25 00:19:53,518 - Knowledge - INFO - Fast-tracked /app/data/newkinpogroup5515/55/b23195v/lu5-55/docs/v0.0.6/keyboard/keyIsDown/meta.json (ext=.json, size=677)
2026-02-25 00:19:53,687 - Knowledge - INFO - Worker kw6 processing /app/data/newkinpogroup5515/55/b23195v/lu5-55/docs/v0.0.6/keyboard/KEY_U/index.html
2026-02-25 00:19:53,854 - Knowledge - INFO - Worker kw6 processing /app/data/newkinpogroup5515/55/b23195v/lu5-55/docs/v0.0.6/keyboard/KEY_U/meta.json
2026-02-25 00:19:53,856 - Knowledge - INFO - [kw4] Queue=1205, InProgress=0, PendingWorkers=20/20, Completed=60/1455 (4.1%)
2026-02-25 00:19:54,043 - Knowledge - INFO - Fast-tracked /app/data/newkinpogroup5515/55/b23195v/lu5-55/docs/v0.0.6/keyboard/KEY_U/meta.json (ext=.json, size=188)
2026-02-25 00:19:54,111 - Knowledge - INFO - Batch sizing: calculated=10, max_allowed=10, queue=1205, active_workers=20/20
2026-02-25 00:19:54,225 - Knowledge - INFO - Worker kw6 processing /app/data/newkinpogroup5515/55/b23195v/lu5-55/docs/v0.0.6/keyboard/KEY_K/index.html
2026-02-25 00:19:54,332 - Knowledge - INFO - Async storing batch of 10 embeddings
2026-02-25 00:19:54,429 - Knowledge - INFO - Worker kw6 processing /app/data/newkinpogroup5515/55/b23195v/lu5-55/docs/v0.0.6/keyboard/KEY_K/meta.json
2026-02-25 00:19:54,545 - Knowledge - INFO - Worker kw4 processing /app/data/newkinpogroup5515/55/b23195v/lu5-55/docs/v0.0.6/keyboard/KEY_C/index.html
2026-02-25 00:19:54,648 - Knowledge - INFO - Fast-tracked /app/data/newkinpogroup5515/55/b23195v/lu5-55/docs/v0.0.6/keyboard/KEY_K/meta.json (ext=.json, size=188)
2026-02-25 00:19:54,730 - Knowledge - INFO - Worker kw4 processing /app/data/newkinpogroup5515/55/b23195v/lu5-55/docs/v0.0.6/keyboard/KEY_C/meta.json
2026-02-25 00:19:54,970 - Knowledge - INFO - Fast-tracked /app/data/newkinpogroup5515/55/b23195v/lu5-55/docs/v0.0.6/keyboard/KEY_C/meta.json (ext=.json, size=188)
2026-02-25 00:19:55,160 - Knowledge - INFO - Worker kw4 processing /app/data/newkinpogroup5515/55/b23195v/lu5-55/docs/v0.0.6/keyboard/KEY_S/index.html
2026-02-25 00:19:55,325 - Knowledge - INFO - Worker kw4 processing /app/data/newkinpogroup5515/55/b23195v/lu5-55/docs/v0.0.6/keyboard/KEY_S/meta.json
2026-02-25 00:19:55,492 - Knowledge - INFO - Fast-tracked /app/data/newkinpogroup5515/55/b23195v/lu5-55/docs/v0.0.6/keyboard/KEY_S/meta.json (ext=.json, size=188)
2026-02-25 00:19:55,499 - Knowledge - INFO - Fast-tracked /app/data/newkinpogroup5515/55/b23195v/lu5-55/src/lu5_geometry_core.h (small file (3049 bytes))
2026-02-25 00:19:55,663 - Knowledge - INFO - Worker kw4 processing /app/data/newkinpogroup5515/55/b23195v/lu5-55/docs/v0.0.6/keyboard/index.html
2026-02-25 00:19:55,909 - Knowledge - INFO - Worker kw4 processing /app/data/newkinpogroup5515/55/b23195v/lu5-55/docs/v0.0.6/keyboard/KEY_O/index.html
2026-02-25 00:19:56,085 - Knowledge - INFO - Worker kw4 processing /app/data/newkinpogroup5515/55/b23195v/lu5-55/docs/v0.0.6/keyboard/KEY_O/meta.json
2026-02-25 00:19:56,293 - Knowledge - INFO - Fast-tracked /app/data/newkinpogroup5515/55/b23195v/lu5-55/docs/v0.0.6/keyboard/KEY_O/meta.json (ext=.json, size=188)
2026-02-25 00:19:56,500 - Knowledge - INFO - Worker kw4 processing /app/data/newkinpogroup5515/55/b23195v/lu5-55/docs/v0.0.6/keyboard/KEY_G/index.html
2026-02-25 00:19:56,686 - Knowledge - INFO - Worker kw4 processing /app/data/newkinpogroup5515/55/b23195v/lu5-55/docs/v0.0.6/keyboard/KEY_G/meta.json
2026-02-25 00:19:56,839 - Knowledge - INFO - Fast-tracked /app/data/newkinpogroup5515/55/b23195v/lu5-55/docs/v0.0.6/keyboard/KEY_G/meta.json (ext=.json, size=188)
2026-02-25 00:19:57,015 - Knowledge - INFO - Worker kw4 processing /app/data/newkinpogroup5515/55/b23195v/lu5-55/docs/v0.0.6/keyboard/KEY_W/index.html
2026-02-25 00:20:01,996 - Knowledge - INFO - Split /app/data/newkinpogroup5515/55/b23195v/lu5-55/src/platform/stb/stb_image_write.h (71220 bytes) into 3 chunks of ~32KB
2026-02-25 00:20:07,507 - Knowledge - INFO - [LLM_CALL] Completed: lu5_font.c:chunk1, Duration: 48436ms, PromptTokens: 5200, CompletionTokens: 973, Cost: $0.00091
2026-02-25 00:20:07,703 - Knowledge - INFO - done ingest for /app/data/newkinpogroup5515/55/b23195v/lu5-55/src/platform/lu5_font.c
2026-02-25 00:20:08,210 - Knowledge - INFO - [LLM_CALL] Completed: lu5_print.c:chunk1, Duration: 31058ms, PromptTokens: 3350, CompletionTokens: 455, Cost: $0.00052
2026-02-25 00:20:08,379 - Knowledge - INFO - done ingest for /app/data/newkinpogroup5515/55/b23195v/lu5-55/src/lu5_print.c
2026-02-25 00:20:09,019 - Knowledge - INFO - [LLM_CALL] Completed: lu5_cli_options.c:chunk1, Duration: 58840ms, PromptTokens: 5432, CompletionTokens: 601, Cost: $0.00078
2026-02-25 00:20:09,225 - Knowledge - INFO - done ingest for /app/data/newkinpogroup5515/55/b23195v/lu5-55/src/platform/lu5_cli_options.c
2026-02-25 00:20:09,474 - Knowledge - INFO - Processing batch of 10 files
2026-02-25 00:20:09,667 - Knowledge - INFO - process ingested knowledge for /app/data/newkinpogroup5515/55/b23195v/lu5-55/src/platform/lu5_cli_options.c
2026-02-25 00:20:09,818 - Knowledge - INFO - process ingested knowledge for /app/data/newkinpogroup5515/55/b23195v/lu5-55/src/platform/lu5_font.c
2026-02-25 00:20:09,963 - Knowledge - INFO - process ingested knowledge for /app/data/newkinpogroup5515/55/b23195v/lu5-55/src/platform/lu5_random.c
2026-02-25 00:20:10,157 - Knowledge - INFO - process ingested knowledge for /app/data/newkinpogroup5515/55/b23195v/lu5-55/src/platform/lu5_fs.c
2026-02-25 00:20:10,321 - Knowledge - INFO - process ingested knowledge for /app/data/newkinpogroup5515/55/b23195v/lu5-55/src/lu5_cli.h
2026-02-25 00:20:10,500 - Knowledge - INFO - process ingested knowledge for /app/data/newkinpogroup5515/55/b23195v/lu5-55/src/lu5_window.h
2026-02-25 00:20:10,690 - Knowledge - INFO - process ingested knowledge for /app/data/newkinpogroup5515/55/b23195v/lu5-55/src/lu5_print.c
2026-02-25 00:20:10,870 - Knowledge - INFO - process ingested knowledge for /app/data/newkinpogroup5515/55/b23195v/lu5-55/src/lu5_types.c
2026-02-25 00:20:11,043 - Knowledge - INFO - process ingested knowledge for /app/data/newkinpogroup5515/55/b23195v/lu5-55/src/lu5_logger.h
2026-02-25 00:20:11,188 - Knowledge - INFO - process ingested knowledge for /app/data/newkinpogroup5515/55/b23195v/lu5-55/src/lu5_list.h
2026-02-25 00:20:12,356 - Knowledge - INFO - [kw8] Queue=1195, InProgress=0, PendingWorkers=20/20, Completed=70/1455 (4.8%)
2026-02-25 00:20:12,517 - Knowledge - INFO - Batch sizing: calculated=10, max_allowed=10, queue=1195, active_workers=20/20
2026-02-25 00:20:12,693 - Knowledge - INFO - Async storing batch of 10 embeddings
2026-02-25 00:20:12,899 - Knowledge - INFO - Worker kw8 processing /app/data/newkinpogroup5515/55/b23195v/lu5-55/docs/v0.0.6/keyboard/KEY_W/meta.json
2026-02-25 00:20:13,065 - Knowledge - INFO - Fast-tracked /app/data/newkinpogroup5515/55/b23195v/lu5-55/docs/v0.0.6/keyboard/KEY_W/meta.json (ext=.json, size=188)
2026-02-25 00:20:13,263 - Knowledge - INFO - Worker kw8 processing /app/data/newkinpogroup5515/55/b23195v/lu5-55/docs/v0.0.6/keyboard/keyPressed/index.html
2026-02-25 00:20:13,493 - Knowledge - INFO - Worker kw8 processing /app/data/newkinpogroup5515/55/b23195v/lu5-55/docs/v0.0.6/keyboard/keyPressed/meta.json
2026-02-25 00:20:13,696 - Knowledge - INFO - Fast-tracked /app/data/newkinpogroup5515/55/b23195v/lu5-55/docs/v0.0.6/keyboard/keyPressed/meta.json (ext=.json, size=578)
2026-02-25 00:20:13,884 - Knowledge - INFO - Worker kw8 processing /app/data/newkinpogroup5515/55/b23195v/lu5-55/docs/v0.0.6/keyboard/UP_ARROW/index.html
2026-02-25 00:20:14,073 - Knowledge - INFO - Worker kw8 processing /app/data/newkinpogroup5515/55/b23195v/lu5-55/docs/v0.0.6/keyboard/UP_ARROW/meta.json
2026-02-25 00:20:14,260 - Knowledge - INFO - Fast-tracked /app/data/newkinpogroup5515/55/b23195v/lu5-55/docs/v0.0.6/keyboard/UP_ARROW/meta.json (ext=.json, size=189)
2026-02-25 00:20:14,452 - Knowledge - INFO - Worker kw8 processing /app/data/newkinpogroup5515/55/b23195v/lu5-55/docs/v0.0.6/classes.html
2026-02-25 00:20:14,620 - Knowledge - INFO - Worker kw8 processing /app/data/newkinpogroup5515/55/b23195v/lu5-55/docs/v0.0.6/modules.json
2026-02-25 00:20:14,787 - Knowledge - INFO - Fast-tracked /app/data/newkinpogroup5515/55/b23195v/lu5-55/docs/v0.0.6/modules.json (ext=.json, size=3687)
2026-02-25 00:20:14,976 - Knowledge - INFO - Worker kw8 processing /app/data/newkinpogroup5515/55/b23195v/lu5-55/docs/v0.0.6/mouse/mouseY/index.html
2026-02-25 00:20:15,142 - Knowledge - INFO - Worker kw8 processing /app/data/newkinpogroup5515/55/b23195v/lu5-55/docs/v0.0.6/mouse/mouseY/meta.json
2026-02-25 00:20:15,346 - Knowledge - INFO - Fast-tracked /app/data/newkinpogroup5515/55/b23195v/lu5-55/docs/v0.0.6/mouse/mouseY/meta.json (ext=.json, size=337)
2026-02-25 00:20:15,544 - Knowledge - INFO - Worker kw8 processing /app/data/newkinpogroup5515/55/b23195v/lu5-55/docs/v0.0.6/mouse/mouseReleased/index.html
2026-02-25 00:20:24,329 - Knowledge - WARNING - Timeout processing /app/data/newkinpogroup5515/55/b23195v/lu5-55/src/platform/geometry/3D/lu5_torus.c after 90s - using fallback metadata
2026-02-25 00:20:24,483 - Knowledge - WARNING - Timeout processing /app/data/newkinpogroup5515/55/b23195v/lu5-55/src/platform/geometry/3D/lu5_ellipsoid.c after 90s - using fallback metadata
2026-02-25 00:20:24,660 - Knowledge - WARNING - Timeout processing /app/data/newkinpogroup5515/55/b23195v/lu5-55/src/platform/lu5_window.c after 90s - using fallback metadata
2026-02-25 00:20:32,940 - Knowledge - WARNING - Timeout processing /app/data/newkinpogroup5515/55/b23195v/lu5-55/src/platform/lu5_obj.c after 90s - using fallback metadata
2026-02-25 00:20:33,137 - Knowledge - WARNING - Timeout processing /app/data/newkinpogroup5515/55/b23195v/lu5-55/src/platform/lu5_image.c after 90s - using fallback metadata
2026-02-25 00:20:33,337 - Knowledge - WARNING - Timeout processing /app/data/newkinpogroup5515/55/b23195v/lu5-55/src/lu5_event_callbacks.c after 90s - using fallback metadata
2026-02-25 00:20:33,548 - Knowledge - WARNING - Timeout processing /app/data/newkinpogroup5515/55/b23195v/lu5-55/src/lu5_geometry.h after 90s - using fallback metadata
2026-02-25 00:20:33,723 - Knowledge - WARNING - Timeout processing /app/data/newkinpogroup5515/55/b23195v/lu5-55/src/lu5_core.c after 90s - using fallback metadata
2026-02-25 00:20:33,931 - Knowledge - WARNING - Timeout processing /app/data/newkinpogroup5515/55/b23195v/lu5-55/docs/v0.0.6/io/loadStrings/index.html after 90s - using fallback metadata
2026-02-25 00:20:35,073 - Knowledge - INFO - [LLM_CALL] Completed: stb_image_write.h:chunk1, Duration: 32901ms, PromptTokens: 21258, CompletionTokens: 694, Cost: $0.00240
2026-02-25 00:20:36,715 - Knowledge - INFO - [LLM_CALL] Completed: index.html:chunk1, Duration: 441ms, PromptTokens: 4684, CompletionTokens: 59, Cost: $0.00049
2026-02-25 00:20:36,880 - Knowledge - INFO - done ingest for /app/data/newkinpogroup5515/55/b23195v/lu5-55/docs/v0.0.6/io/loadText/index.html
2026-02-25 00:20:37,142 - Knowledge - INFO - Processing batch of 10 files
2026-02-25 00:20:37,299 - Knowledge - INFO - process ingested knowledge for /app/data/newkinpogroup5515/55/b23195v/lu5-55/src/lu5_event_callbacks.c
2026-02-25 00:20:37,488 - Knowledge - INFO - process ingested knowledge for /app/data/newkinpogroup5515/55/b23195v/lu5-55/src/lu5_state.c
2026-02-25 00:20:37,653 - Knowledge - INFO - process ingested knowledge for /app/data/newkinpogroup5515/55/b23195v/lu5-55/src/lu5_geometry.h
2026-02-25 00:20:37,884 - Knowledge - INFO - process ingested knowledge for /app/data/newkinpogroup5515/55/b23195v/lu5-55/src/lu5_style.c
2026-02-25 00:20:38,063 - Knowledge - INFO - process ingested knowledge for /app/data/newkinpogroup5515/55/b23195v/lu5-55/src/lu5_core.c
2026-02-25 00:20:38,293 - Knowledge - INFO - process ingested knowledge for /app/data/newkinpogroup5515/55/b23195v/lu5-55/src/lu5_geometry_core.h
2026-02-25 00:20:38,433 - Knowledge - INFO - process ingested knowledge for /app/data/newkinpogroup5515/55/b23195v/lu5-55/docs/v0.0.6/io/loadStrings/index.html
2026-02-25 00:20:38,603 - Knowledge - INFO - process ingested knowledge for /app/data/newkinpogroup5515/55/b23195v/lu5-55/docs/v0.0.6/io/loadStrings/meta.json
2026-02-25 00:20:38,819 - Knowledge - INFO - process ingested knowledge for /app/data/newkinpogroup5515/55/b23195v/lu5-55/docs/v0.0.6/io/loadText/index.html
2026-02-25 00:20:39,016 - Knowledge - INFO - process ingested knowledge for /app/data/newkinpogroup5515/55/b23195v/lu5-55/docs/v0.0.6/io/loadText/meta.json
2026-02-25 00:20:40,069 - Knowledge - INFO - [kw9] Queue=1185, InProgress=0, PendingWorkers=20/20, Completed=80/1455 (5.5%)
2026-02-25 00:20:40,269 - Knowledge - INFO - Batch sizing: calculated=10, max_allowed=10, queue=1185, active_workers=20/20
2026-02-25 00:20:40,469 - Knowledge - INFO - Async storing batch of 10 embeddings
2026-02-25 00:20:40,630 - Knowledge - INFO - Worker kw9 processing /app/data/newkinpogroup5515/55/b23195v/lu5-55/docs/v0.0.6/mouse/mouseReleased/meta.json
2026-02-25 00:20:40,796 - Knowledge - INFO - Fast-tracked /app/data/newkinpogroup5515/55/b23195v/lu5-55/docs/v0.0.6/mouse/mouseReleased/meta.json (ext=.json, size=682)
2026-02-25 00:20:40,941 - Knowledge - INFO - Worker kw9 processing /app/data/newkinpogroup5515/55/b23195v/lu5-55/docs/v0.0.6/mouse/mouseX/index.html
2026-02-25 00:20:41,131 - Knowledge - INFO - Worker kw9 processing /app/data/newkinpogroup5515/55/b23195v/lu5-55/docs/v0.0.6/mouse/mouseX/meta.json
2026-02-25 00:20:41,294 - Knowledge - INFO - Fast-tracked /app/data/newkinpogroup5515/55/b23195v/lu5-55/docs/v0.0.6/mouse/mouseX/meta.json (ext=.json, size=337)
2026-02-25 00:20:41,484 - Knowledge - INFO - Worker kw9 processing /app/data/newkinpogroup5515/55/b23195v/lu5-55/docs/v0.0.6/mouse/mouseIsPressed/index.html
2026-02-25 00:20:41,663 - Knowledge - INFO - Worker kw9 processing /app/data/newkinpogroup5515/55/b23195v/lu5-55/docs/v0.0.6/mouse/mouseIsPressed/meta.json
2026-02-25 00:20:41,861 - Knowledge - INFO - Fast-tracked /app/data/newkinpogroup5515/55/b23195v/lu5-55/docs/v0.0.6/mouse/mouseIsPressed/meta.json (ext=.json, size=309)
2026-02-25 00:20:42,061 - Knowledge - INFO - Worker kw9 processing /app/data/newkinpogroup5515/55/b23195v/lu5-55/docs/v0.0.6/mouse/index.html
2026-02-25 00:20:42,133 - Knowledge - WARNING - Timeout processing /app/data/newkinpogroup5515/55/b23195v/lu5-55/docs/v0.0.6/shapes/ellipse/index.html after 90s - using fallback metadata
2026-02-25 00:20:42,236 - Knowledge - INFO - Worker kw9 processing /app/data/newkinpogroup5515/55/b23195v/lu5-55/docs/v0.0.6/mouse/mousePressed/index.html
2026-02-25 00:20:42,377 - Knowledge - WARNING - Timeout processing /app/data/newkinpogroup5515/55/b23195v/lu5-55/docs/v0.0.6/shapes/vertex/index.html after 90s - using fallback metadata
2026-02-25 00:20:42,491 - Knowledge - INFO - Worker kw9 processing /app/data/newkinpogroup5515/55/b23195v/lu5-55/docs/v0.0.6/mouse/mousePressed/meta.json
2026-02-25 00:20:42,569 - Knowledge - WARNING - Timeout processing /app/data/newkinpogroup5515/55/b23195v/lu5-55/docs/v0.0.6/shapes/rect/index.html after 90s - using fallback metadata
2026-02-25 00:20:42,685 - Knowledge - INFO - Fast-tracked /app/data/newkinpogroup5515/55/b23195v/lu5-55/docs/v0.0.6/mouse/mousePressed/meta.json (ext=.json, size=638)
2026-02-25 00:20:42,795 - Knowledge - WARNING - Timeout processing /app/data/newkinpogroup5515/55/b23195v/lu5-55/docs/v0.0.6/shapes/square/index.html after 90s - using fallback metadata
2026-02-25 00:20:42,888 - Knowledge - INFO - Worker kw9 processing /app/data/newkinpogroup5515/55/b23195v/lu5-55/docs/v0.0.6/math.html
2026-02-25 00:20:43,069 - Knowledge - INFO - Worker kw9 processing /app/data/newkinpogroup5515/55/b23195v/lu5-55/docs/v0.0.6/image/image/index.html
2026-02-25 00:20:45,148 - Knowledge - INFO - [LLM_CALL] Completed: index.html:chunk1, Duration: 837ms, PromptTokens: 5090, CompletionTokens: 59, Cost: $0.00053
2026-02-25 00:20:45,350 - Knowledge - INFO - done ingest for /app/data/newkinpogroup5515/55/b23195v/lu5-55/docs/v0.0.6/shapes/quad/index.html
2026-02-25 00:20:45,559 - Knowledge - INFO - Processing batch of 10 files
2026-02-25 00:20:45,749 - Knowledge - INFO - process ingested knowledge for /app/data/newkinpogroup5515/55/b23195v/lu5-55/docs/v0.0.6/shapes/arc/meta.json
2026-02-25 00:20:45,965 - Knowledge - INFO - process ingested knowledge for /app/data/newkinpogroup5515/55/b23195v/lu5-55/docs/v0.0.6/shapes/ellipse/index.html
2026-02-25 00:20:46,147 - Knowledge - INFO - process ingested knowledge for /app/data/newkinpogroup5515/55/b23195v/lu5-55/docs/v0.0.6/shapes/ellipse/meta.json
2026-02-25 00:20:46,324 - Knowledge - INFO - process ingested knowledge for /app/data/newkinpogroup5515/55/b23195v/lu5-55/docs/v0.0.6/shapes/vertex/index.html
2026-02-25 00:20:46,506 - Knowledge - INFO - process ingested knowledge for /app/data/newkinpogroup5515/55/b23195v/lu5-55/docs/v0.0.6/shapes/vertex/meta.json
2026-02-25 00:20:46,704 - Knowledge - INFO - process ingested knowledge for /app/data/newkinpogroup5515/55/b23195v/lu5-55/docs/v0.0.6/shapes/rect/index.html
2026-02-25 00:20:46,902 - Knowledge - INFO - process ingested knowledge for /app/data/newkinpogroup5515/55/b23195v/lu5-55/docs/v0.0.6/shapes/rect/meta.json
2026-02-25 00:20:47,122 - Knowledge - INFO - process ingested knowledge for /app/data/newkinpogroup5515/55/b23195v/lu5-55/docs/v0.0.6/shapes/square/index.html
2026-02-25 00:20:47,292 - Knowledge - INFO - process ingested knowledge for /app/data/newkinpogroup5515/55/b23195v/lu5-55/docs/v0.0.6/shapes/square/meta.json
2026-02-25 00:20:47,496 - Knowledge - INFO - process ingested knowledge for /app/data/newkinpogroup5515/55/b23195v/lu5-55/docs/v0.0.6/shapes/quad/index.html
2026-02-25 00:20:47,539 - Knowledge - WARNING - Timeout processing /app/data/newkinpogroup5515/55/b23195v/lu5-55/docs/v0.0.6/shapes/circle/index.html after 90s - using fallback metadata
2026-02-25 00:20:47,773 - Knowledge - WARNING - Timeout processing /app/data/newkinpogroup5515/55/b23195v/lu5-55/docs/v0.0.6/shapes/point/index.html after 90s - using fallback metadata
2026-02-25 00:20:47,983 - Knowledge - WARNING - Timeout processing /app/data/newkinpogroup5515/55/b23195v/lu5-55/docs/v0.0.6/shapes/beginShape/index.html after 90s - using fallback metadata
2026-02-25 00:20:48,194 - Knowledge - WARNING - Timeout processing /app/data/newkinpogroup5515/55/b23195v/lu5-55/docs/v0.0.6/shapes/triangle/index.html after 90s - using fallback metadata
2026-02-25 00:20:48,337 - Knowledge - WARNING - Timeout processing /app/data/newkinpogroup5515/55/b23195v/lu5-55/docs/v0.0.6/shapes/arc/index.html after 90s - using fallback metadata
2026-02-25 00:20:48,541 - Knowledge - INFO - Processing batch of 10 files
2026-02-25 00:20:48,680 - Knowledge - INFO - [WEBSOCKET] Sent: Type=progress_update, Size: 293, Duration: 0ms
2026-02-25 00:20:48,756 - Knowledge - INFO - process ingested knowledge for /app/data/newkinpogroup5515/55/b23195v/lu5-55/docs/v0.0.6/shapes/endShape/meta.json
2026-02-25 00:20:48,885 - Knowledge - INFO - [WEBSOCKET] Sent: Type=unknown, Size: ?, Duration: 205ms
2026-02-25 00:20:48,985 - Knowledge - INFO - process ingested knowledge for /app/data/newkinpogroup5515/55/b23195v/lu5-55/docs/v0.0.6/shapes/circle/index.html
2026-02-25 00:20:49,092 - Knowledge - INFO - Progress: 6.9% | Files: 100/1455 | Rate: 0.69 files/sec | Queue: 1175
2026-02-25 00:20:49,170 - Knowledge - INFO - process ingested knowledge for /app/data/newkinpogroup5515/55/b23195v/lu5-55/docs/v0.0.6/shapes/circle/meta.json
2026-02-25 00:20:49,277 - Knowledge - INFO - [kw13] Queue=1175, InProgress=0, PendingWorkers=20/20, Completed=100/1455 (6.9%)
2026-02-25 00:20:49,418 - Knowledge - INFO - process ingested knowledge for /app/data/newkinpogroup5515/55/b23195v/lu5-55/docs/v0.0.6/shapes/point/index.html
2026-02-25 00:20:49,499 - Knowledge - INFO - Batch sizing: calculated=10, max_allowed=10, queue=1175, active_workers=20/20
2026-02-25 00:20:49,604 - Knowledge - INFO - process ingested knowledge for /app/data/newkinpogroup5515/55/b23195v/lu5-55/docs/v0.0.6/shapes/point/meta.json
2026-02-25 00:20:49,721 - Knowledge - INFO - Async storing batch of 10 embeddings
2026-02-25 00:20:49,832 - Knowledge - INFO - process ingested knowledge for /app/data/newkinpogroup5515/55/b23195v/lu5-55/docs/v0.0.6/shapes/beginShape/index.html
2026-02-25 00:20:49,923 - Knowledge - INFO - Worker kw13 processing /app/data/newkinpogroup5515/55/b23195v/lu5-55/docs/v0.0.6/image/image/meta.json
2026-02-25 00:20:50,036 - Knowledge - INFO - process ingested knowledge for /app/data/newkinpogroup5515/55/b23195v/lu5-55/docs/v0.0.6/shapes/beginShape/meta.json
2026-02-25 00:20:50,172 - Knowledge - INFO - Fast-tracked /app/data/newkinpogroup5515/55/b23195v/lu5-55/docs/v0.0.6/image/image/meta.json (ext=.json, size=562)
2026-02-25 00:20:50,222 - Knowledge - WARNING - Timeout processing /app/data/newkinpogroup5515/55/b23195v/lu5-55/docs/v0.0.6/math/randomSeed/index.html after 90s - using fallback metadata
2026-02-25 00:20:50,259 - Knowledge - INFO - process ingested knowledge for /app/data/newkinpogroup5515/55/b23195v/lu5-55/docs/v0.0.6/shapes/triangle/index.html
2026-02-25 00:20:50,356 - Knowledge - INFO - Worker kw13 processing /app/data/newkinpogroup5515/55/b23195v/lu5-55/docs/v0.0.6/image/loadImage/index.html
2026-02-25 00:20:50,501 - Knowledge - WARNING - Timeout processing /app/data/newkinpogroup5515/55/b23195v/lu5-55/docs/v0.0.6/math/floor/index.html after 90s - using fallback metadata
2026-02-25 00:20:50,593 - Knowledge - INFO - process ingested knowledge for /app/data/newkinpogroup5515/55/b23195v/lu5-55/docs/v0.0.6/shapes/triangle/meta.json
2026-02-25 00:20:50,691 - Knowledge - INFO - Worker kw13 processing /app/data/newkinpogroup5515/55/b23195v/lu5-55/docs/v0.0.6/image/loadImage/meta.json
2026-02-25 00:20:50,810 - Knowledge - WARNING - Timeout processing /app/data/newkinpogroup5515/55/b23195v/lu5-55/docs/v0.0.6/math/sin/index.html after 90s - using fallback metadata
2026-02-25 00:20:50,892 - Knowledge - INFO - process ingested knowledge for /app/data/newkinpogroup5515/55/b23195v/lu5-55/docs/v0.0.6/shapes/arc/index.html
2026-02-25 00:20:51,002 - Knowledge - INFO - Fast-tracked /app/data/newkinpogroup5515/55/b23195v/lu5-55/docs/v0.0.6/image/loadImage/meta.json (ext=.json, size=508)
2026-02-25 00:20:51,122 - Knowledge - WARNING - Timeout processing /app/data/newkinpogroup5515/55/b23195v/lu5-55/docs/v0.0.6/math/abs/index.html after 90s - using fallback metadata
2026-02-25 00:20:51,302 - Knowledge - INFO - Worker kw13 processing /app/data/newkinpogroup5515/55/b23195v/lu5-55/docs/v0.0.6/image/index.html
2026-02-25 00:20:51,406 - Knowledge - WARNING - Timeout processing /app/data/newkinpogroup5515/55/b23195v/lu5-55/docs/v0.0.6/math/max/index.html after 90s - using fallback metadata
2026-02-25 00:20:51,493 - Knowledge - INFO - Worker kw13 processing /app/data/newkinpogroup5515/55/b23195v/lu5-55/docs/v0.0.6/vector/Vector.add/index.html
2026-02-25 00:20:51,610 - Knowledge - INFO - Processing batch of 10 files
2026-02-25 00:20:51,701 - Knowledge - INFO - Worker kw13 processing /app/data/newkinpogroup5515/55/b23195v/lu5-55/docs/v0.0.6/vector/Vector.add/meta.json
2026-02-25 00:20:51,822 - Knowledge - INFO - process ingested knowledge for /app/data/newkinpogroup5515/55/b23195v/lu5-55/docs/v0.0.6/math/TWO_PI/meta.json
2026-02-25 00:20:51,910 - Knowledge - INFO - Fast-tracked /app/data/newkinpogroup5515/55/b23195v/lu5-55/docs/v0.0.6/vector/Vector.add/meta.json (ext=.json, size=482)
2026-02-25 00:20:52,019 - Knowledge - INFO - process ingested knowledge for /app/data/newkinpogroup5515/55/b23195v/lu5-55/docs/v0.0.6/math/randomSeed/index.html
2026-02-25 00:20:52,139 - Knowledge - INFO - Worker kw13 processing /app/data/newkinpogroup5515/55/b23195v/lu5-55/docs/v0.0.6/vector/Vector.print/index.html
2026-02-25 00:20:52,188 - Knowledge - WARNING - Timeout processing /app/data/newkinpogroup5515/55/b23195v/lu5-55/src/platform/stb/stb_image_write.h after 90s - using fallback metadata
2026-02-25 00:20:52,231 - Knowledge - INFO - process ingested knowledge for /app/data/newkinpogroup5515/55/b23195v/lu5-55/docs/v0.0.6/math/randomSeed/meta.json
2026-02-25 00:20:52,234 - Knowledge - INFO - [kw12] Queue=1165, InProgress=0, PendingWorkers=20/20, Completed=110/1455 (7.6%)
2026-02-25 00:20:52,325 - Knowledge - INFO - Worker kw13 processing /app/data/newkinpogroup5515/55/b23195v/lu5-55/docs/v0.0.6/vector/Vector.print/meta.json
2026-02-25 00:20:52,511 - Knowledge - INFO - Processing batch of 10 files
2026-02-25 00:20:52,526 - Knowledge - INFO - process ingested knowledge for /app/data/newkinpogroup5515/55/b23195v/lu5-55/docs/v0.0.6/math/floor/index.html
2026-02-25 00:20:52,637 - Knowledge - INFO - Batch sizing: calculated=10, max_allowed=10, queue=1165, active_workers=20/20
2026-02-25 00:20:52,729 - Knowledge - INFO - Fast-tracked /app/data/newkinpogroup5515/55/b23195v/lu5-55/docs/v0.0.6/vector/Vector.print/meta.json (ext=.json, size=552)
2026-02-25 00:20:52,825 - Knowledge - INFO - process ingested knowledge for /app/data/newkinpogroup5515/55/b23195v/lu5-55/src/platform/geometry/3D/lu5_torus.c
2026-02-25 00:20:52,910 - Knowledge - INFO - process ingested knowledge for /app/data/newkinpogroup5515/55/b23195v/lu5-55/docs/v0.0.6/math/floor/meta.json
2026-02-25 00:20:53,011 - Knowledge - INFO - Async storing batch of 10 embeddings
2026-02-25 00:20:53,113 - Knowledge - INFO - Worker kw13 processing /app/data/newkinpogroup5515/55/b23195v/lu5-55/docs/v0.0.6/vector/Vector.mult/index.html
2026-02-25 00:20:53,232 - Knowledge - INFO - process ingested knowledge for /app/data/newkinpogroup5515/55/b23195v/lu5-55/src/platform/geometry/3D/lu5_ellipsoid.c
2026-02-25 00:20:53,328 - Knowledge - INFO - process ingested knowledge for /app/data/newkinpogroup5515/55/b23195v/lu5-55/docs/v0.0.6/math/sin/index.html
2026-02-25 00:20:53,422 - Knowledge - INFO - Worker kw12 processing /app/data/newkinpogroup5515/55/b23195v/lu5-55/docs/v0.0.6/vector/index.html
2026-02-25 00:20:53,440 - Knowledge - WARNING - Timeout processing /app/data/newkinpogroup5515/55/b23195v/lu5-55/docs/v0.0.6/setting.html after 90s - using fallback metadata
2026-02-25 00:20:53,524 - Knowledge - INFO - Worker kw13 processing /app/data/newkinpogroup5515/55/b23195v/lu5-55/docs/v0.0.6/vector/Vector.mult/meta.json
2026-02-25 00:20:53,640 - Knowledge - INFO - process ingested knowledge for /app/data/newkinpogroup5515/55/b23195v/lu5-55/src/platform/geometry/3D/lu5_box.c
2026-02-25 00:20:53,739 - Knowledge - INFO - process ingested knowledge for /app/data/newkinpogroup5515/55/b23195v/lu5-55/docs/v0.0.6/math/sin/meta.json
2026-02-25 00:20:53,821 - Knowledge - INFO - Worker kw12 processing /app/data/newkinpogroup5515/55/b23195v/lu5-55/docs/v0.0.6/vector/createVector/index.html
2026-02-25 00:20:53,908 - Knowledge - WARNING - Timeout processing /app/data/newkinpogroup5515/55/b23195v/lu5-55/docs/v0.0.6/keyboard/KEY_X/index.html after 90s - using fallback metadata
2026-02-25 00:20:53,983 - Knowledge - INFO - Fast-tracked /app/data/newkinpogroup5515/55/b23195v/lu5-55/docs/v0.0.6/vector/Vector.mult/meta.json (ext=.json, size=480)
2026-02-25 00:20:54,094 - Knowledge - INFO - process ingested knowledge for /app/data/newkinpogroup5515/55/b23195v/lu5-55/src/platform/main.c
2026-02-25 00:20:54,175 - Knowledge - INFO - process ingested knowledge for /app/data/newkinpogroup5515/55/b23195v/lu5-55/docs/v0.0.6/math/abs/index.html
2026-02-25 00:20:54,282 - Knowledge - INFO - Worker kw12 processing /app/data/newkinpogroup5515/55/b23195v/lu5-55/docs/v0.0.6/vector/createVector/meta.json
2026-02-25 00:20:54,387 - Knowledge - WARNING - Timeout processing /app/data/newkinpogroup5515/55/b23195v/lu5-55/docs/v0.0.6/keyboard/KEY_H/index.html after 90s - using fallback metadata
2026-02-25 00:20:54,591 - Knowledge - INFO - process ingested knowledge for /app/data/newkinpogroup5515/55/b23195v/lu5-55/src/platform/lu5_window.c
2026-02-25 00:20:54,689 - Knowledge - INFO - process ingested knowledge for /app/data/newkinpogroup5515/55/b23195v/lu5-55/docs/v0.0.6/math/abs/meta.json
2026-02-25 00:20:54,792 - Knowledge - INFO - Fast-tracked /app/data/newkinpogroup5515/55/b23195v/lu5-55/docs/v0.0.6/vector/createVector/meta.json (ext=.json, size=529)
2026-02-25 00:20:54,877 - Knowledge - WARNING - Timeout processing /app/data/newkinpogroup5515/55/b23195v/lu5-55/docs/v0.0.6/keyboard/KEY_P/index.html after 90s - using fallback metadata
2026-02-25 00:20:54,997 - Knowledge - INFO - process ingested knowledge for /app/data/newkinpogroup5515/55/b23195v/lu5-55/src/platform/lu5_cli.c
2026-02-25 00:20:55,077 - Knowledge - INFO - process ingested knowledge for /app/data/newkinpogroup5515/55/b23195v/lu5-55/docs/v0.0.6/math/max/index.html
2026-02-25 00:20:55,170 - Knowledge - INFO - Worker kw12 processing /app/data/newkinpogroup5515/55/b23195v/lu5-55/docs/v0.0.6/window.html
2026-02-25 00:20:55,273 - Knowledge - WARNING - Timeout processing /app/data/newkinpogroup5515/55/b23195v/lu5-55/docs/v0.0.6/keyboard/RIGHT_ARROW/index.html after 90s - using fallback metadata
2026-02-25 00:20:55,359 - Knowledge - INFO - process ingested knowledge for /app/data/newkinpogroup5515/55/b23195v/lu5-55/src/platform/lu5_obj.c
2026-02-25 00:20:55,568 - Knowledge - INFO - Worker kw12 processing /app/data/newkinpogroup5515/55/b23195v/lu5-55/docs/v0.0.6/io.html
2026-02-25 00:20:55,676 - Knowledge - INFO - Processing batch of 10 files
2026-02-25 00:20:55,761 - Knowledge - WARNING - Timeout processing /app/data/newkinpogroup5515/55/b23195v/lu5-55/docs/v0.0.6/math/map/index.html after 90s - using fallback metadata
2026-02-25 00:20:55,810 - Knowledge - INFO - process ingested knowledge for /app/data/newkinpogroup5515/55/b23195v/lu5-55/src/platform/lu5_image.c
2026-02-25 00:20:55,893 - Knowledge - INFO - Worker kw12 processing /app/data/newkinpogroup5515/55/b23195v/lu5-55/docs/v0.0.6/index.html
2026-02-25 00:20:56,001 - Knowledge - INFO - process ingested knowledge for /app/data/newkinpogroup5515/55/b23195v/lu5-55/docs/v0.0.6/setting/pop/meta.json
2026-02-25 00:20:56,108 - Knowledge - INFO - Async storage completed for 10 embeddings
2026-02-25 00:20:56,111 - Knowledge - WARNING - Timeout processing /app/data/newkinpogroup5515/55/b23195v/lu5-55/docs/v0.0.6/math/constrain/index.html after 90s - using fallback metadata
2026-02-25 00:20:56,272 - Knowledge - INFO - process ingested knowledge for /app/data/newkinpogroup5515/55/b23195v/lu5-55/src/platform/stb/stb_image.h
2026-02-25 00:20:56,315 - Knowledge - INFO - Worker kw12 processing /app/data/newkinpogroup5515/55/b23195v/lu5-55/docs/v0.0.6/shapes.html
2026-02-25 00:20:56,425 - Knowledge - INFO - process ingested knowledge for /app/data/newkinpogroup5515/55/b23195v/lu5-55/docs/v0.0.6/setting.html
2026-02-25 00:20:56,657 - Knowledge - WARNING - Timeout processing /app/data/newkinpogroup5515/55/b23195v/lu5-55/docs/v0.0.6/math/random/index.html after 90s - using fallback metadata
2026-02-25 00:20:56,721 - Knowledge - INFO - [WEBSOCKET] Sent: Type=progress_update, Size: 294, Duration: 0ms
2026-02-25 00:20:56,764 - Knowledge - INFO - process ingested knowledge for /app/data/newkinpogroup5515/55/b23195v/lu5-55/src/platform/stb/stb_image_write.h
2026-02-25 00:20:56,876 - Knowledge - INFO - Worker kw12 processing /app/data/newkinpogroup5515/55/b23195v/lu5-55/docs/v0.0.6/typography/textSize/index.html
2026-02-25 00:20:56,960 - Knowledge - INFO - process ingested knowledge for /app/data/newkinpogroup5515/55/b23195v/lu5-55/docs/v0.0.6/keyboard/KEY_X/index.html
2026-02-25 00:20:57,075 - Knowledge - WARNING - Timeout processing /app/data/newkinpogroup5515/55/b23195v/lu5-55/docs/v0.0.6/math/PI/index.html after 90s - using fallback metadata
2026-02-25 00:20:57,202 - Knowledge - INFO - [WEBSOCKET] Sent: Type=unknown, Size: ?, Duration: 481ms
2026-02-25 00:20:57,424 - Knowledge - INFO - Worker kw12 processing /app/data/newkinpogroup5515/55/b23195v/lu5-55/docs/v0.0.6/typography/textSize/meta.json
2026-02-25 00:20:57,496 - Knowledge - INFO - process ingested knowledge for /app/data/newkinpogroup5515/55/b23195v/lu5-55/docs/v0.0.6/keyboard/KEY_X/meta.json
2026-02-25 00:20:57,621 - Knowledge - WARNING - Timeout processing /app/data/newkinpogroup5515/55/b23195v/lu5-55/docs/v0.0.6/math/cos/index.html after 90s - using fallback metadata
2026-02-25 00:20:57,716 - Knowledge - INFO - Progress: 8.9% | Files: 130/1455 | Rate: 0.85 files/sec | Queue: 1155
2026-02-25 00:20:57,796 - Knowledge - INFO - Fast-tracked /app/data/newkinpogroup5515/55/b23195v/lu5-55/docs/v0.0.6/typography/textSize/meta.json (ext=.json, size=476)
2026-02-25 00:20:57,899 - Knowledge - INFO - process ingested knowledge for /app/data/newkinpogroup5515/55/b23195v/lu5-55/docs/v0.0.6/keyboard/KEY_H/index.html
2026-02-25 00:20:58,001 - Knowledge - INFO - Processing batch of 10 files
2026-02-25 00:20:58,089 - Knowledge - INFO - [kw15] Queue=1155, InProgress=0, PendingWorkers=20/20, Completed=140/1455 (9.6%)
2026-02-25 00:20:58,166 - Knowledge - INFO - Worker kw12 processing /app/data/newkinpogroup5515/55/b23195v/lu5-55/docs/v0.0.6/typography/textFont/index.html
2026-02-25 00:20:58,369 - Knowledge - INFO - [LLM_CALL] Completed: index.html:chunk1, Duration: 2452ms, PromptTokens: 4496, CompletionTokens: 59, Cost: $0.00047
2026-02-25 00:20:58,374 - Knowledge - INFO - process ingested knowledge for /app/data/newkinpogroup5515/55/b23195v/lu5-55/docs/v0.0.6/math/max/meta.json
2026-02-25 00:20:58,374 - Knowledge - INFO - process ingested knowledge for /app/data/newkinpogroup5515/55/b23195v/lu5-55/docs/v0.0.6/keyboard/KEY_H/meta.json
2026-02-25 00:20:58,471 - Knowledge - INFO - Batch sizing: calculated=10, max_allowed=10, queue=1155, active_workers=20/20
2026-02-25 00:20:58,685 - Knowledge - INFO - done ingest for /app/data/newkinpogroup5515/55/b23195v/lu5-55/docs/v0.0.6/keyboard/KEY_F/index.html
2026-02-25 00:20:58,685 - Knowledge - INFO - [kw7] Queue=1155, InProgress=0, PendingWorkers=20/20, Completed=140/1455 (9.6%)
2026-02-25 00:20:58,787 - Knowledge - INFO - process ingested knowledge for /app/data/newkinpogroup5515/55/b23195v/lu5-55/docs/v0.0.6/math/map/index.html
2026-02-25 00:20:58,870 - Knowledge - INFO - process ingested knowledge for /app/data/newkinpogroup5515/55/b23195v/lu5-55/docs/v0.0.6/keyboard/KEY_P/index.html
2026-02-25 00:20:58,957 - Knowledge - INFO - Async storing batch of 10 embeddings
2026-02-25 00:20:59,142 - Knowledge - INFO - Batch sizing: calculated=10, max_allowed=10, queue=1155, active_workers=20/20
2026-02-25 00:20:59,216 - Knowledge - INFO - process ingested knowledge for /app/data/newkinpogroup5515/55/b23195v/lu5-55/docs/v0.0.6/math/map/meta.json
2026-02-25 00:20:59,344 - Knowledge - INFO - process ingested knowledge for /app/data/newkinpogroup5515/55/b23195v/lu5-55/docs/v0.0.6/keyboard/KEY_P/meta.json
2026-02-25 00:20:59,478 - Knowledge - INFO - Worker kw15 processing /app/data/newkinpogroup5515/55/b23195v/lu5-55/docs/v0.0.6/typography/textFont/meta.json
2026-02-25 00:20:59,575 - Knowledge - INFO - Async storing batch of 10 embeddings
2026-02-25 00:20:59,664 - Knowledge - WARNING - Timeout processing /app/data/newkinpogroup5515/55/b23195v/lu5-55/docs/v0.0.6/window/deltaTime/index.html after 90s - using fallback metadata
2026-02-25 00:20:59,698 - Knowledge - INFO - process ingested knowledge for /app/data/newkinpogroup5515/55/b23195v/lu5-55/docs/v0.0.6/math/constrain/index.html
2026-02-25 00:20:59,789 - Knowledge - INFO - process ingested knowledge for /app/data/newkinpogroup5515/55/b23195v/lu5-55/docs/v0.0.6/keyboard/RIGHT_ARROW/index.html
2026-02-25 00:20:59,912 - Knowledge - INFO - Fast-tracked /app/data/newkinpogroup5515/55/b23195v/lu5-55/docs/v0.0.6/typography/textFont/meta.json (ext=.json, size=363)
2026-02-25 00:21:00,003 - Knowledge - INFO - Worker kw7 processing /app/data/newkinpogroup5515/55/b23195v/lu5-55/docs/v0.0.2/window/background/meta.json
2026-02-25 00:21:00,110 - Knowledge - WARNING - Timeout processing /app/data/newkinpogroup5515/55/b23195v/lu5-55/docs/v0.0.6/window/index.html after 90s - using fallback metadata
2026-02-25 00:21:00,202 - Knowledge - INFO - process ingested knowledge for /app/data/newkinpogroup5515/55/b23195v/lu5-55/docs/v0.0.6/math/constrain/meta.json
2026-02-25 00:21:00,321 - Knowledge - INFO - process ingested knowledge for /app/data/newkinpogroup5515/55/b23195v/lu5-55/docs/v0.0.6/keyboard/RIGHT_ARROW/meta.json
2026-02-25 00:21:00,413 - Knowledge - INFO - Worker kw15 processing /app/data/newkinpogroup5515/55/b23195v/lu5-55/docs/v0.0.6/typography/text/index.html
2026-02-25 00:21:00,541 - Knowledge - INFO - Fast-tracked /app/data/newkinpogroup5515/55/b23195v/lu5-55/docs/v0.0.2/window/background/meta.json (ext=.json, size=392)
2026-02-25 00:21:00,622 - Knowledge - WARNING - Timeout processing /app/data/newkinpogroup5515/55/b23195v/lu5-55/docs/v0.0.6/window/frameRate/index.html after 90s - using fallback metadata
2026-02-25 00:21:00,765 - Knowledge - INFO - [LLM_CALL] Completed: index.html:chunk1, Duration: 826ms, PromptTokens: 4722, CompletionTokens: 59, Cost: $0.00050
2026-02-25 00:21:00,772 - Knowledge - INFO - process ingested knowledge for /app/data/newkinpogroup5515/55/b23195v/lu5-55/docs/v0.0.6/math/random/index.html
2026-02-25 00:21:01,027 - Knowledge - INFO - Worker kw15 processing /app/data/newkinpogroup5515/55/b23195v/lu5-55/docs/v0.0.6/typography/text/meta.json
2026-02-25 00:21:01,110 - Knowledge - INFO - Worker kw7 processing /app/data/newkinpogroup5515/55/b23195v/lu5-55/docs/v0.0.2/window/createWindow/index.html
2026-02-25 00:21:01,211 - Knowledge - WARNING - Timeout processing /app/data/newkinpogroup5515/55/b23195v/lu5-55/docs/v0.0.6/keyboard.html after 90s - using fallback metadata
2026-02-25 00:21:01,277 - Knowledge - WARNING - Timeout processing /app/data/newkinpogroup5515/55/b23195v/lu5-55/docs/v0.0.6/io/print/index.html after 90s - using fallback metadata
2026-02-25 00:21:01,305 - Knowledge - INFO - done ingest for /app/data/newkinpogroup5515/55/b23195v/lu5-55/docs/v0.0.6/keyboard/keyReleased/index.html
2026-02-25 00:21:01,470 - Knowledge - INFO - process ingested knowledge for /app/data/newkinpogroup5515/55/b23195v/lu5-55/docs/v0.0.6/math/random/meta.json
2026-02-25 00:21:01,495 - Knowledge - INFO - Fast-tracked /app/data/newkinpogroup5515/55/b23195v/lu5-55/docs/v0.0.6/typography/text/meta.json (ext=.json, size=475)
2026-02-25 00:21:01,616 - Knowledge - INFO - Worker kw7 processing /app/data/newkinpogroup5515/55/b23195v/lu5-55/docs/v0.0.2/window/createWindow/meta.json
2026-02-25 00:21:01,714 - Knowledge - WARNING - Timeout processing /app/data/newkinpogroup5515/55/b23195v/lu5-55/docs/v0.0.6/shapes/line/index.html after 90s - using fallback metadata
2026-02-25 00:21:01,801 - Knowledge - WARNING - Timeout processing /app/data/newkinpogroup5515/55/b23195v/lu5-55/docs/v0.0.6/io/index.html after 90s - using fallback metadata
2026-02-25 00:21:02,065 - Knowledge - INFO - process ingested knowledge for /app/data/newkinpogroup5515/55/b23195v/lu5-55/docs/v0.0.6/math/PI/index.html
2026-02-25 00:21:02,107 - Knowledge - INFO - Worker kw15 processing /app/data/newkinpogroup5515/55/b23195v/lu5-55/docs/v0.0.6/typography/index.html
2026-02-25 00:21:02,237 - Knowledge - WARNING - Timeout processing /app/data/newkinpogroup5515/55/b23195v/lu5-55/docs/v0.0.6/shapes/index.html after 90s - using fallback metadata
2026-02-25 00:21:02,239 - Knowledge - INFO - Fast-tracked /app/data/newkinpogroup5515/55/b23195v/lu5-55/docs/v0.0.2/window/createWindow/meta.json (ext=.json, size=517)
2026-02-25 00:21:02,350 - Knowledge - WARNING - Timeout processing /app/data/newkinpogroup5515/55/b23195v/lu5-55/docs/v0.0.6/shapes/endShape/index.html after 90s - using fallback metadata
2026-02-25 00:21:02,414 - Knowledge - INFO - [kw20] Queue=1135, InProgress=0, PendingWorkers=20/20, Completed=140/1455 (9.6%)
2026-02-25 00:21:02,470 - Knowledge - WARNING - Timeout processing /app/data/newkinpogroup5515/55/b23195v/lu5-55/docs/v0.0.6/window/width/index.html after 90s - using fallback metadata
2026-02-25 00:21:02,554 - Knowledge - INFO - process ingested knowledge for /app/data/newkinpogroup5515/55/b23195v/lu5-55/docs/v0.0.6/math/PI/meta.json
2026-02-25 00:21:02,644 - Knowledge - INFO - Worker kw15 processing /app/data/newkinpogroup5515/55/b23195v/lu5-55/docs/v0.0.6/typography/loadFont/index.html
2026-02-25 00:21:02,726 - Knowledge - WARNING - Timeout processing /app/data/newkinpogroup5515/55/b23195v/lu5-55/docs/v0.0.6/mouse.html after 90s - using fallback metadata
2026-02-25 00:21:02,814 - Knowledge - INFO - Worker kw7 processing /app/data/newkinpogroup5515/55/b23195v/lu5-55/docs/v0.0.2/window/index.html
2026-02-25 00:21:02,910 - Knowledge - INFO - Processing batch of 10 files
2026-02-25 00:21:03,038 - Knowledge - INFO - Batch sizing: calculated=10, max_allowed=10, queue=1135, active_workers=20/20
2026-02-25 00:21:03,119 - Knowledge - WARNING - Timeout processing /app/data/newkinpogroup5515/55/b23195v/lu5-55/docs/v0.0.6/window/createWindow/index.html after 90s - using fallback metadata
2026-02-25 00:21:03,216 - Knowledge - INFO - process ingested knowledge for /app/data/newkinpogroup5515/55/b23195v/lu5-55/docs/v0.0.6/math/cos/index.html
2026-02-25 00:21:03,356 - Knowledge - INFO - Worker kw15 processing /app/data/newkinpogroup5515/55/b23195v/lu5-55/docs/v0.0.6/typography/loadFont/meta.json
2026-02-25 00:21:03,454 - Knowledge - WARNING - Timeout processing /app/data/newkinpogroup5515/55/b23195v/lu5-55/docs/v0.0.6/math/round/index.html after 90s - using fallback metadata
2026-02-25 00:21:03,544 - Knowledge - INFO - [LLM_CALL] Completed: index.html:chunk1, Duration: 1146ms, PromptTokens: 4496, CompletionTokens: 59, Cost: $0.00047
2026-02-25 00:21:03,583 - Knowledge - INFO - Worker kw7 processing /app/data/newkinpogroup5515/55/b23195v/lu5-55/docs/v0.0.2/shapes/line/index.html
2026-02-25 00:21:03,696 - Knowledge - INFO - process ingested knowledge for /app/data/newkinpogroup5515/55/b23195v/lu5-55/docs/v0.0.6/window/height/meta.json
2026-02-25 00:21:03,893 - Knowledge - WARNING - Timeout processing /app/data/newkinpogroup5515/55/b23195v/lu5-55/docs/v0.0.6/window/windowResized/index.html after 90s - using fallback metadata
2026-02-25 00:21:04,073 - Knowledge - INFO - Fast-tracked /app/data/newkinpogroup5515/55/b23195v/lu5-55/docs/v0.0.6/typography/loadFont/meta.json (ext=.json, size=547)
2026-02-25 00:21:04,190 - Knowledge - WARNING - Timeout processing /app/data/newkinpogroup5515/55/b23195v/lu5-55/docs/v0.0.6/math/min/index.html after 90s - using fallback metadata
2026-02-25 00:21:04,285 - Knowledge - INFO - done ingest for /app/data/newkinpogroup5515/55/b23195v/lu5-55/docs/v0.0.6/keyboard/KEY_ENTER/index.html
2026-02-25 00:21:04,294 - Knowledge - INFO - Async storing batch of 10 embeddings
2026-02-25 00:21:04,382 - Knowledge - INFO - Worker kw7 processing /app/data/newkinpogroup5515/55/b23195v/lu5-55/docs/v0.0.2/shapes/line/meta.json
2026-02-25 00:21:04,537 - Knowledge - INFO - process ingested knowledge for /app/data/newkinpogroup5515/55/b23195v/lu5-55/docs/v0.0.6/window/deltaTime/index.html
2026-02-25 00:21:04,607 - Knowledge - INFO - Async storage completed for 10 embeddings
2026-02-25 00:21:04,610 - Knowledge - WARNING - Timeout processing /app/data/newkinpogroup5515/55/b23195v/lu5-55/docs/v0.0.6/window/height/index.html after 90s - using fallback metadata
2026-02-25 00:21:04,742 - Knowledge - INFO - Worker kw15 processing /app/data/newkinpogroup5515/55/b23195v/lu5-55/docs/v0.0.2/io/print/index.html
2026-02-25 00:21:04,883 - Knowledge - WARNING - Timeout processing /app/data/newkinpogroup5515/55/b23195v/lu5-55/docs/v0.0.6/math/QUARTER_PI/index.html after 90s - using fallback metadata
2026-02-25 00:21:04,902 - Knowledge - INFO - Async storage completed for 10 embeddings
2026-02-25 00:21:05,064 - Knowledge - INFO - Worker kw20 processing /app/data/newkinpogroup5515/55/b23195v/lu5-55/docs/v0.0.2/shapes/triangle/index.html
2026-02-25 00:21:05,163 - Knowledge - INFO - Fast-tracked /app/data/newkinpogroup5515/55/b23195v/lu5-55/docs/v0.0.2/shapes/line/meta.json (ext=.json, size=473)
2026-02-25 00:21:05,252 - Knowledge - INFO - process ingested knowledge for /app/data/newkinpogroup5515/55/b23195v/lu5-55/docs/v0.0.6/window/deltaTime/meta.json
2026-02-25 00:21:05,420 - Knowledge - WARNING - Timeout processing /app/data/newkinpogroup5515/55/b23195v/lu5-55/docs/v0.0.6/keyboard/KEY_I/index.html after 90s - using fallback metadata
2026-02-25 00:21:05,505 - Knowledge - INFO - Processing batch of 10 files
2026-02-25 00:21:05,550 - Knowledge - INFO - [WEBSOCKET] Sent: Type=progress_update, Size: 295, Duration: 0ms
2026-02-25 00:21:05,556 - Knowledge - WARNING - Timeout processing /app/data/newkinpogroup5515/55/b23195v/lu5-55/docs/v0.0.6/setting/stroke/index.html after 90s - using fallback metadata
2026-02-25 00:21:05,588 - Knowledge - INFO - Worker kw15 processing /app/data/newkinpogroup5515/55/b23195v/lu5-55/docs/v0.0.2/io/print/meta.json
2026-02-25 00:21:05,669 - Knowledge - WARNING - Timeout processing /app/data/newkinpogroup5515/55/b23195v/lu5-55/docs/v0.0.6/math/TWO_PI/index.html after 90s - using fallback metadata
2026-02-25 00:21:05,773 - Knowledge - WARNING - Timeout processing /app/data/newkinpogroup5515/55/b23195v/lu5-55/docs/v0.0.6/keyboard/KEY_J/index.html after 90s - using fallback metadata
2026-02-25 00:21:05,853 - Knowledge - INFO - Worker kw20 processing /app/data/newkinpogroup5515/55/b23195v/lu5-55/docs/v0.0.2/shapes/triangle/meta.json
2026-02-25 00:21:05,974 - Knowledge - INFO - Worker kw7 processing /app/data/newkinpogroup5515/55/b23195v/lu5-55/docs/v0.0.2/shapes/circle/index.html
2026-02-25 00:21:06,044 - Knowledge - INFO - process ingested knowledge for /app/data/newkinpogroup5515/55/b23195v/lu5-55/docs/v0.0.6/window/index.html
2026-02-25 00:21:06,287 - Knowledge - INFO - Async storage completed for 10 embeddings
2026-02-25 00:21:06,308 - Knowledge - INFO - process ingested knowledge for /app/data/newkinpogroup5515/55/b23195v/lu5-55/docs/v0.0.6/io/print/index.html
2026-02-25 00:21:06,386 - Knowledge - INFO - [LLM_CALL] Completed: index.html:chunk1, Duration: 943ms, PromptTokens: 4496, CompletionTokens: 59, Cost: $0.00047
2026-02-25 00:21:06,506 - Knowledge - WARNING - Timeout processing /app/data/newkinpogroup5515/55/b23195v/lu5-55/docs/v0.0.6/setting/noFill/index.html after 90s - using fallback metadata
2026-02-25 00:21:06,614 - Knowledge - INFO - Fast-tracked /app/data/newkinpogroup5515/55/b23195v/lu5-55/docs/v0.0.2/io/print/meta.json (ext=.json, size=297)
2026-02-25 00:21:06,822 - Knowledge - WARNING - Timeout processing /app/data/newkinpogroup5515/55/b23195v/lu5-55/docs/v0.0.6/keyboard/KEY_L/index.html after 90s - using fallback metadata
2026-02-25 00:21:06,921 - Knowledge - INFO - Fast-tracked /app/data/newkinpogroup5515/55/b23195v/lu5-55/docs/v0.0.2/shapes/triangle/meta.json (ext=.json, size=218)
2026-02-25 00:21:06,997 - Knowledge - INFO - Worker kw7 processing /app/data/newkinpogroup5515/55/b23195v/lu5-55/docs/v0.0.2/shapes/circle/meta.json
2026-02-25 00:21:07,075 - Knowledge - INFO - process ingested knowledge for /app/data/newkinpogroup5515/55/b23195v/lu5-55/docs/v0.0.6/window/frameRate/index.html
2026-02-25 00:21:07,174 - Knowledge - WARNING - Timeout processing /app/data/newkinpogroup5515/55/b23195v/lu5-55/docs/v0.0.6/keyboard/KEY_N/index.html after 90s - using fallback metadata
2026-02-25 00:21:07,277 - Knowledge - INFO - process ingested knowledge for /app/data/newkinpogroup5515/55/b23195v/lu5-55/docs/v0.0.6/io/print/meta.json
2026-02-25 00:21:07,356 - Knowledge - INFO - done ingest for /app/data/newkinpogroup5515/55/b23195v/lu5-55/docs/v0.0.6/keyboard/KEY_V/index.html
2026-02-25 00:21:07,356 - Knowledge - INFO - [WEBSOCKET] Sent: Type=unknown, Size: ?, Duration: 1806ms
2026-02-25 00:21:07,448 - Knowledge - WARNING - Timeout processing /app/data/newkinpogroup5515/55/b23195v/lu5-55/docs/v0.0.6/setting/noStroke/index.html after 90s - using fallback metadata
2026-02-25 00:21:07,539 - Knowledge - INFO - Worker kw15 processing /app/data/newkinpogroup5515/55/b23195v/lu5-55/docs/v0.0.2/io/index.html
2026-02-25 00:21:07,621 - Knowledge - WARNING - Timeout processing /app/data/newkinpogroup5515/55/b23195v/lu5-55/docs/v0.0.6/keyboard/KEY_D/index.html after 90s - using fallback metadata
2026-02-25 00:21:07,700 - Knowledge - INFO - Worker kw20 processing /app/data/newkinpogroup5515/55/b23195v/lu5-55/docs/v0.0.2/shapes/arc/index.html
2026-02-25 00:21:07,785 - Knowledge - INFO - Fast-tracked /app/data/newkinpogroup5515/55/b23195v/lu5-55/docs/v0.0.2/shapes/circle/meta.json (ext=.json, size=391)
2026-02-25 00:21:07,863 - Knowledge - INFO - process ingested knowledge for /app/data/newkinpogroup5515/55/b23195v/lu5-55/docs/v0.0.6/window/frameRate/meta.json
2026-02-25 00:21:07,945 - Knowledge - WARNING - Timeout processing /app/data/newkinpogroup5515/55/b23195v/lu5-55/docs/v0.0.6/keyboard/DOWN_ARROW/index.html after 90s - using fallback metadata
2026-02-25 00:21:08,048 - Knowledge - INFO - process ingested knowledge for /app/data/newkinpogroup5515/55/b23195v/lu5-55/docs/v0.0.6/io/index.html
2026-02-25 00:21:08,262 - Knowledge - INFO - Progress: 11.0% | Files: 170/1455 | Rate: 1.05 files/sec | Queue: 1125
2026-02-25 00:21:08,264 - Knowledge - INFO - Processing batch of 10 files
2026-02-25 00:21:08,352 - Knowledge - WARNING - Timeout processing /app/data/newkinpogroup5515/55/b23195v/lu5-55/docs/v0.0.6/math/ceil/index.html after 90s - using fallback metadata
2026-02-25 00:21:08,361 - Knowledge - WARNING - Timeout processing /app/data/newkinpogroup5515/55/b23195v/lu5-55/docs/v0.0.6/setting/index.html after 90s - using fallback metadata
2026-02-25 00:21:08,474 - Knowledge - INFO - Worker kw15 processing /app/data/newkinpogroup5515/55/b23195v/lu5-55/docs/v0.0.2/window/background/index.html
2026-02-25 00:21:08,562 - Knowledge - WARNING - Timeout processing /app/data/newkinpogroup5515/55/b23195v/lu5-55/docs/v0.0.6/keyboard/KEY_T/index.html after 90s - using fallback metadata
2026-02-25 00:21:08,643 - Knowledge - INFO - Worker kw20 processing /app/data/newkinpogroup5515/55/b23195v/lu5-55/docs/v0.0.2/shapes/arc/meta.json
2026-02-25 00:21:08,719 - Knowledge - WARNING - Timeout processing /app/data/newkinpogroup5515/55/b23195v/lu5-55/docs/v0.0.6/vector.html after 90s - using fallback metadata
2026-02-25 00:21:08,727 - Knowledge - INFO - Worker kw7 processing /app/data/newkinpogroup5515/55/b23195v/lu5-55/docs/v0.0.2/shapes/point/index.html
2026-02-25 00:21:08,837 - Knowledge - INFO - process ingested knowledge for /app/data/newkinpogroup5515/55/b23195v/lu5-55/docs/v0.0.6/keyboard.html
2026-02-25 00:21:08,957 - Knowledge - WARNING - Timeout processing /app/data/newkinpogroup5515/55/b23195v/lu5-55/docs/v0.0.6/keyboard/KEY_B/index.html after 90s - using fallback metadata
2026-02-25 00:21:09,036 - Knowledge - INFO - [LLM_CALL] Completed: index.html:chunk1, Duration: 210ms, PromptTokens: 4520, CompletionTokens: 59, Cost: $0.00048
2026-02-25 00:21:09,099 - Knowledge - INFO - process ingested knowledge for /app/data/newkinpogroup5515/55/b23195v/lu5-55/docs/v0.0.6/window/width/index.html
2026-02-25 00:21:09,240 - Knowledge - INFO - [kw16] Queue=1125, InProgress=0, PendingWorkers=20/20, Completed=170/1455 (11.7%)
2026-02-25 00:21:09,332 - Knowledge - INFO - process ingested knowledge for /app/data/newkinpogroup5515/55/b23195v/lu5-55/docs/v0.0.6/shapes/quad/meta.json
2026-02-25 00:21:09,420 - Knowledge - WARNING - Timeout processing /app/data/newkinpogroup5515/55/b23195v/lu5-55/docs/v0.0.6/math/HALF_PI/index.html after 90s - using fallback metadata
2026-02-25 00:21:09,512 - Knowledge - WARNING - Timeout processing /app/data/newkinpogroup5515/55/b23195v/lu5-55/docs/v0.0.6/setting/fill/index.html after 90s - using fallback metadata
2026-02-25 00:21:09,735 - Knowledge - WARNING - Timeout processing /app/data/newkinpogroup5515/55/b23195v/lu5-55/docs/v0.0.6/keyboard/KEY_Z/index.html after 90s - using fallback metadata
2026-02-25 00:21:09,847 - Knowledge - INFO - Fast-tracked /app/data/newkinpogroup5515/55/b23195v/lu5-55/docs/v0.0.2/shapes/arc/meta.json (ext=.json, size=207)
2026-02-25 00:21:09,941 - Knowledge - WARNING - Timeout processing /app/data/newkinpogroup5515/55/b23195v/lu5-55/docs/v0.0.6/classes/class/index.html after 90s - using fallback metadata
2026-02-25 00:21:10,040 - Knowledge - INFO - Worker kw7 processing /app/data/newkinpogroup5515/55/b23195v/lu5-55/docs/v0.0.2/shapes/point/meta.json
2026-02-25 00:21:10,120 - Knowledge - INFO - process ingested knowledge for /app/data/newkinpogroup5515/55/b23195v/lu5-55/docs/v0.0.6/shapes/line/index.html
2026-02-25 00:21:10,250 - Knowledge - WARNING - Timeout processing /app/data/newkinpogroup5515/55/b23195v/lu5-55/docs/v0.0.6/keyboard/KEY_R/index.html after 90s - using fallback metadata
2026-02-25 00:21:10,329 - Knowledge - INFO - done ingest for /app/data/newkinpogroup5515/55/b23195v/lu5-55/docs/v0.0.6/keyboard/KEY_BACKSPACE/index.html
2026-02-25 00:21:10,330 - Knowledge - INFO - done ingest for /app/data/newkinpogroup5515/55/b23195v/lu5-55/docs/v0.0.6/keyboard/KEY_Y/index.html
2026-02-25 00:21:10,415 - Knowledge - INFO - process ingested knowledge for /app/data/newkinpogroup5515/55/b23195v/lu5-55/docs/v0.0.6/window/width/meta.json
2026-02-25 00:21:10,534 - Knowledge - INFO - Batch sizing: calculated=10, max_allowed=10, queue=1125, active_workers=20/20
2026-02-25 00:21:10,651 - Knowledge - INFO - process ingested knowledge for /app/data/newkinpogroup5515/55/b23195v/lu5-55/docs/v0.0.6/shapes/index.html
2026-02-25 00:21:10,735 - Knowledge - WARNING - Timeout processing /app/data/newkinpogroup5515/55/b23195v/lu5-55/docs/v0.0.6/math/tan/index.html after 90s - using fallback metadata
2026-02-25 00:21:10,841 - Knowledge - WARNING - Timeout processing /app/data/newkinpogroup5515/55/b23195v/lu5-55/docs/v0.0.6/setting/pop/index.html after 90s - using fallback metadata
2026-02-25 00:21:10,968 - Knowledge - INFO - Processing batch of 10 files
2026-02-25 00:21:11,060 - Knowledge - INFO - Worker kw20 processing /app/data/newkinpogroup5515/55/b23195v/lu5-55/docs/v0.0.2/shapes/ellipse/index.html
2026-02-25 00:21:11,153 - Knowledge - INFO - Async storage completed for 10 embeddings
2026-02-25 00:21:11,174 - Knowledge - WARNING - Timeout processing /app/data/newkinpogroup5515/55/b23195v/lu5-55/docs/v0.0.6/classes/index.html after 90s - using fallback metadata
2026-02-25 00:21:11,259 - Knowledge - INFO - Fast-tracked /app/data/newkinpogroup5515/55/b23195v/lu5-55/docs/v0.0.2/shapes/point/meta.json (ext=.json, size=210)
2026-02-25 00:21:11,341 - Knowledge - INFO - process ingested knowledge for /app/data/newkinpogroup5515/55/b23195v/lu5-55/docs/v0.0.6/shapes/line/meta.json
2026-02-25 00:21:11,425 - Knowledge - WARNING - Timeout processing /app/data/newkinpogroup5515/55/b23195v/lu5-55/docs/v0.0.6/keyboard/keyHeld/index.html after 90s - using fallback metadata
2026-02-25 00:21:11,506 - Knowledge - WARNING - Timeout processing /app/data/newkinpogroup5515/55/b23195v/lu5-55/docs/v0.0.6/keyboard/KEY_A/index.html after 90s - using fallback metadata
2026-02-25 00:21:11,607 - Knowledge - INFO - Processing batch of 10 files
2026-02-25 00:21:11,702 - Knowledge - INFO - process ingested knowledge for /app/data/newkinpogroup5515/55/b23195v/lu5-55/docs/v0.0.6/window/createWindow/index.html
2026-02-25 00:21:11,784 - Knowledge - INFO - Async storing batch of 10 embeddings
2026-02-25 00:21:11,916 - Knowledge - INFO - process ingested knowledge for /app/data/newkinpogroup5515/55/b23195v/lu5-55/docs/v0.0.6/mouse.html
2026-02-25 00:21:12,015 - Knowledge - WARNING - Timeout processing /app/data/newkinpogroup5515/55/b23195v/lu5-55/docs/v0.0.6/math/index.html after 90s - using fallback metadata
2026-02-25 00:21:12,098 - Knowledge - INFO - Processing batch of 10 files
2026-02-25 00:21:12,218 - Knowledge - INFO - process ingested knowledge for /app/data/newkinpogroup5515/55/b23195v/lu5-55/docs/v0.0.6/keyboard/KEY_L/index.html
2026-02-25 00:21:12,308 - Knowledge - INFO - Worker kw20 processing /app/data/newkinpogroup5515/55/b23195v/lu5-55/docs/v0.0.2/shapes/ellipse/meta.json
2026-02-25 00:21:12,562 - Knowledge - WARNING - Timeout processing /app/data/newkinpogroup5515/55/b23195v/lu5-55/docs/v0.0.6/setting/strokeWeight/index.html after 90s - using fallback metadata
2026-02-25 00:21:12,784 - Knowledge - INFO - process ingested knowledge for /app/data/newkinpogroup5515/55/b23195v/lu5-55/docs/v0.0.6/shapes/endShape/index.html
2026-02-25 00:21:12,891 - Knowledge - INFO - Processing batch of 10 files
2026-02-25 00:21:13,017 - Knowledge - WARNING - Timeout processing /app/data/newkinpogroup5515/55/b23195v/lu5-55/docs/v0.0.6/keyboard/KEY_Q/index.html after 90s - using fallback metadata
2026-02-25 00:21:13,125 - Knowledge - INFO - process ingested knowledge for /app/data/newkinpogroup5515/55/b23195v/lu5-55/docs/v0.0.6/keyboard/KEY_ENTER/index.html
2026-02-25 00:21:13,220 - Knowledge - INFO - process ingested knowledge for /app/data/newkinpogroup5515/55/b23195v/lu5-55/docs/v0.0.6/window/createWindow/meta.json
2026-02-25 00:21:13,332 - Knowledge - INFO - Worker kw16 processing /app/data/newkinpogroup5515/55/b23195v/lu5-55/docs/v0.0.2/shapes/text/index.html
2026-02-25 00:21:13,464 - Knowledge - INFO - process ingested knowledge for /app/data/newkinpogroup5515/55/b23195v/lu5-55/docs/v0.0.6/math/round/index.html
2026-02-25 00:21:13,483 - Knowledge - INFO - [LLM_CALL] Completed: index.html:chunk1, Duration: 801ms, PromptTokens: 4496, CompletionTokens: 59, Cost: $0.00047
2026-02-25 00:21:13,560 - Knowledge - WARNING - Timeout processing /app/data/newkinpogroup5515/55/b23195v/lu5-55/docs/v0.0.6/typography.html after 90s - using fallback metadata
2026-02-25 00:21:13,676 - Knowledge - INFO - process ingested knowledge for /app/data/newkinpogroup5515/55/b23195v/lu5-55/docs/v0.0.6/setting/stroke/index.html
2026-02-25 00:21:13,785 - Knowledge - INFO - process ingested knowledge for /app/data/newkinpogroup5515/55/b23195v/lu5-55/docs/v0.0.6/keyboard/KEY_L/meta.json
2026-02-25 00:21:13,872 - Knowledge - INFO - Fast-tracked /app/data/newkinpogroup5515/55/b23195v/lu5-55/docs/v0.0.2/shapes/ellipse/meta.json (ext=.json, size=223)
2026-02-25 00:21:13,991 - Knowledge - WARNING - Timeout processing /app/data/newkinpogroup5515/55/b23195v/lu5-55/docs/v0.0.6/setting/push/index.html after 90s - using fallback metadata
2026-02-25 00:21:14,160 - Knowledge - INFO - process ingested knowledge for /app/data/newkinpogroup5515/55/b23195v/lu5-55/docs/v0.0.6/keyboard/DOWN_ARROW/index.html
2026-02-25 00:21:14,247 - Knowledge - WARNING - Timeout processing /app/data/newkinpogroup5515/55/b23195v/lu5-55/docs/v0.0.6/keyboard/KEY_M/index.html after 90s - using fallback metadata
2026-02-25 00:21:14,387 - Knowledge - INFO - process ingested knowledge for /app/data/newkinpogroup5515/55/b23195v/lu5-55/docs/v0.0.6/keyboard/KEY_ENTER/meta.json
2026-02-25 00:21:14,503 - Knowledge - INFO - process ingested knowledge for /app/data/newkinpogroup5515/55/b23195v/lu5-55/docs/v0.0.6/window/windowResized/index.html
2026-02-25 00:21:14,557 - Knowledge - INFO - Worker kw16 processing /app/data/newkinpogroup5515/55/b23195v/lu5-55/docs/v0.0.2/shapes/text/meta.json
2026-02-25 00:21:14,733 - Knowledge - INFO - process ingested knowledge for /app/data/newkinpogroup5515/55/b23195v/lu5-55/docs/v0.0.6/math/round/meta.json
2026-02-25 00:21:14,777 - Knowledge - INFO - done ingest for /app/data/newkinpogroup5515/55/b23195v/lu5-55/docs/v0.0.6/keyboard/KEY_E/index.html
2026-02-25 00:21:14,920 - Knowledge - WARNING - Timeout processing /app/data/newkinpogroup5515/55/b23195v/lu5-55/docs/v0.0.6/image.html after 90s - using fallback metadata
2026-02-25 00:21:15,040 - Knowledge - INFO - process ingested knowledge for /app/data/newkinpogroup5515/55/b23195v/lu5-55/docs/v0.0.6/setting/stroke/meta.json
2026-02-25 00:21:15,138 - Knowledge - INFO - process ingested knowledge for /app/data/newkinpogroup5515/55/b23195v/lu5-55/docs/v0.0.6/keyboard/KEY_D/index.html
2026-02-25 00:21:15,264 - Knowledge - INFO - Worker kw20 processing /app/data/newkinpogroup5515/55/b23195v/lu5-55/docs/v0.0.2/shapes/rect/index.html
2026-02-25 00:21:15,269 - Knowledge - INFO - [WEBSOCKET] Sent: Type=progress_update, Size: 295, Duration: 0ms
2026-02-25 00:21:15,350 - Knowledge - WARNING - Timeout processing /app/data/newkinpogroup5515/55/b23195v/lu5-55/docs/v0.0.6/setting/background/index.html after 90s - using fallback metadata
2026-02-25 00:21:15,467 - Knowledge - INFO - process ingested knowledge for /app/data/newkinpogroup5515/55/b23195v/lu5-55/docs/v0.0.6/keyboard/DOWN_ARROW/meta.json
2026-02-25 00:21:15,657 - Knowledge - INFO - process ingested knowledge for /app/data/newkinpogroup5515/55/b23195v/lu5-55/docs/v0.0.6/keyboard/KEY_F/index.html
2026-02-25 00:21:15,729 - Knowledge - INFO - process ingested knowledge for /app/data/newkinpogroup5515/55/b23195v/lu5-55/docs/v0.0.6/window/windowResized/meta.json
2026-02-25 00:21:15,818 - Knowledge - INFO - Fast-tracked /app/data/newkinpogroup5515/55/b23195v/lu5-55/docs/v0.0.2/shapes/text/meta.json (ext=.json, size=492)
2026-02-25 00:21:15,898 - Knowledge - INFO - process ingested knowledge for /app/data/newkinpogroup5515/55/b23195v/lu5-55/docs/v0.0.6/math/min/index.html
2026-02-25 00:21:16,215 - Knowledge - INFO - process ingested knowledge for /app/data/newkinpogroup5515/55/b23195v/lu5-55/docs/v0.0.6/setting/noFill/index.html
2026-02-25 00:21:16,331 - Knowledge - INFO - process ingested knowledge for /app/data/newkinpogroup5515/55/b23195v/lu5-55/docs/v0.0.6/keyboard/KEY_D/meta.json
2026-02-25 00:21:16,446 - Knowledge - INFO - Worker kw20 processing /app/data/newkinpogroup5515/55/b23195v/lu5-55/docs/v0.0.2/shapes/rect/meta.json
2026-02-25 00:21:16,533 - Knowledge - INFO - Processing batch of 10 files
2026-02-25 00:21:16,534 - Knowledge - INFO - Processing batch of 10 files
2026-02-25 00:21:16,534 - Knowledge - INFO - [WEBSOCKET] Sent: Type=unknown, Size: ?, Duration: 1265ms
2026-02-25 00:21:16,778 - Knowledge - INFO - process ingested knowledge for /app/data/newkinpogroup5515/55/b23195v/lu5-55/docs/v0.0.6/keyboard/KEY_B/index.html
2026-02-25 00:21:16,857 - Knowledge - INFO - process ingested knowledge for /app/data/newkinpogroup5515/55/b23195v/lu5-55/docs/v0.0.6/keyboard/KEY_F/meta.json
2026-02-25 00:21:16,934 - Knowledge - INFO - process ingested knowledge for /app/data/newkinpogroup5515/55/b23195v/lu5-55/docs/v0.0.6/window/height/index.html
2026-02-25 00:21:17,026 - Knowledge - INFO - Worker kw16 processing /app/data/newkinpogroup5515/55/b23195v/lu5-55/docs/v0.0.2/shapes/quad/index.html
2026-02-25 00:21:17,101 - Knowledge - INFO - process ingested knowledge for /app/data/newkinpogroup5515/55/b23195v/lu5-55/docs/v0.0.6/math/min/meta.json
2026-02-25 00:21:17,186 - Knowledge - INFO - process ingested knowledge for /app/data/newkinpogroup5515/55/b23195v/lu5-55/docs/v0.0.6/setting/noFill/meta.json
2026-02-25 00:21:17,277 - Knowledge - INFO - process ingested knowledge for /app/data/newkinpogroup5515/55/b23195v/lu5-55/docs/v0.0.6/keyboard/KEY_T/index.html
2026-02-25 00:21:17,356 - Knowledge - INFO - Fast-tracked /app/data/newkinpogroup5515/55/b23195v/lu5-55/docs/v0.0.2/shapes/rect/meta.json (ext=.json, size=423)
2026-02-25 00:21:17,455 - Knowledge - INFO - process ingested knowledge for /app/data/newkinpogroup5515/55/b23195v/lu5-55/docs/v0.0.6/keyboard/KEY_I/index.html
2026-02-25 00:21:17,536 - Knowledge - INFO - process ingested knowledge for /app/data/newkinpogroup5515/55/b23195v/lu5-55/docs/v0.0.6/math/cos/meta.json
2026-02-25 00:21:17,653 - Knowledge - INFO - Progress: 14.4% | Files: 240/1455 | Rate: 1.39 files/sec | Queue: 1115
2026-02-25 00:21:17,653 - Knowledge - INFO - [LLM_CALL] Completed: index.html:chunk1, Duration: 1119ms, PromptTokens: 4496, CompletionTokens: 59, Cost: $0.00047
2026-02-25 00:21:17,748 - Knowledge - INFO - process ingested knowledge for /app/data/newkinpogroup5515/55/b23195v/lu5-55/docs/v0.0.6/keyboard/KEY_B/meta.json
2026-02-25 00:21:17,872 - Knowledge - INFO - process ingested knowledge for /app/data/newkinpogroup5515/55/b23195v/lu5-55/docs/v0.0.6/keyboard/KEY_V/index.html
2026-02-25 00:21:18,088 - Knowledge - INFO - Worker kw16 processing /app/data/newkinpogroup5515/55/b23195v/lu5-55/docs/v0.0.2/shapes/quad/meta.json
2026-02-25 00:21:18,184 - Knowledge - INFO - process ingested knowledge for /app/data/newkinpogroup5515/55/b23195v/lu5-55/docs/v0.0.6/math/QUARTER_PI/index.html
2026-02-25 00:21:18,221 - Knowledge - INFO - Async storage completed for 10 embeddings
2026-02-25 00:21:18,317 - Knowledge - INFO - process ingested knowledge for /app/data/newkinpogroup5515/55/b23195v/lu5-55/docs/v0.0.6/setting/noStroke/index.html
2026-02-25 00:21:18,347 - Knowledge - INFO - process ingested knowledge for /app/data/newkinpogroup5515/55/b23195v/lu5-55/docs/v0.0.6/keyboard/KEY_T/meta.json
2026-02-25 00:21:18,476 - Knowledge - INFO - Worker kw20 processing /app/data/newkinpogroup5515/55/b23195v/lu5-55/docs/v0.0.2/shapes/square/index.html
2026-02-25 00:21:18,620 - Knowledge - INFO - process ingested knowledge for /app/data/newkinpogroup5515/55/b23195v/lu5-55/docs/v0.0.6/keyboard/KEY_I/meta.json
2026-02-25 00:21:18,716 - Knowledge - INFO - process ingested knowledge for /app/data/newkinpogroup5515/55/b23195v/lu5-55/docs/v0.0.6/math/ceil/index.html
2026-02-25 00:21:18,827 - Knowledge - INFO - [kw11] Queue=1115, InProgress=0, PendingWorkers=20/20, Completed=240/1455 (16.5%)
2026-02-25 00:21:18,879 - Knowledge - INFO - done ingest for /app/data/newkinpogroup5515/55/b23195v/lu5-55/docs/v0.0.6/keyboard/KEY_K/index.html
2026-02-25 00:21:18,880 - Knowledge - INFO - Processing batch of 10 files
2026-02-25 00:21:18,975 - Knowledge - INFO - process ingested knowledge for /app/data/newkinpogroup5515/55/b23195v/lu5-55/docs/v0.0.6/keyboard/KEY_R/index.html
2026-02-25 00:21:19,112 - Knowledge - INFO - process ingested knowledge for /app/data/newkinpogroup5515/55/b23195v/lu5-55/docs/v0.0.6/keyboard/KEY_V/meta.json
2026-02-25 00:21:19,166 - Knowledge - INFO - [WEBSOCKET] Sent: Type=progress_update, Size: 296, Duration: 0ms
2026-02-25 00:21:19,181 - Knowledge - INFO - Fast-tracked /app/data/newkinpogroup5515/55/b23195v/lu5-55/docs/v0.0.2/shapes/quad/meta.json (ext=.json, size=723)
2026-02-25 00:21:19,275 - Knowledge - INFO - process ingested knowledge for /app/data/newkinpogroup5515/55/b23195v/lu5-55/docs/v0.0.6/math/QUARTER_PI/meta.json
2026-02-25 00:21:19,491 - Knowledge - INFO - process ingested knowledge for /app/data/newkinpogroup5515/55/b23195v/lu5-55/docs/v0.0.6/setting/noStroke/meta.json
2026-02-25 00:21:19,584 - Knowledge - INFO - process ingested knowledge for /app/data/newkinpogroup5515/55/b23195v/lu5-55/docs/v0.0.6/keyboard/KEY_Z/index.html
2026-02-25 00:21:19,670 - Knowledge - INFO - Worker kw20 processing /app/data/newkinpogroup5515/55/b23195v/lu5-55/docs/v0.0.2/shapes/square/meta.json
2026-02-25 00:21:19,759 - Knowledge - INFO - process ingested knowledge for /app/data/newkinpogroup5515/55/b23195v/lu5-55/docs/v0.0.6/keyboard/KEY_A/index.html
2026-02-25 00:21:19,853 - Knowledge - INFO - process ingested knowledge for /app/data/newkinpogroup5515/55/b23195v/lu5-55/docs/v0.0.6/math/ceil/meta.json
2026-02-25 00:21:19,931 - Knowledge - INFO - Batch sizing: calculated=10, max_allowed=10, queue=1115, active_workers=20/20
2026-02-25 00:21:20,159 - Knowledge - INFO - process ingested knowledge for /app/data/newkinpogroup5515/55/b23195v/lu5-55/docs/v0.0.6/vector.html
2026-02-25 00:21:20,329 - Knowledge - INFO - process ingested knowledge for /app/data/newkinpogroup5515/55/b23195v/lu5-55/docs/v0.0.6/keyboard/KEY_R/meta.json
2026-02-25 00:21:20,417 - Knowledge - INFO - process ingested knowledge for /app/data/newkinpogroup5515/55/b23195v/lu5-55/docs/v0.0.6/keyboard/keyReleased/index.html
2026-02-25 00:21:20,540 - Knowledge - INFO - [WEBSOCKET] Sent: Type=unknown, Size: ?, Duration: 1374ms
2026-02-25 00:21:20,619 - Knowledge - INFO - Worker kw16 processing /app/data/newkinpogroup5515/55/b23195v/lu5-55/docs/v0.0.2/shapes/index.html
2026-02-25 00:21:20,727 - Knowledge - INFO - process ingested knowledge for /app/data/newkinpogroup5515/55/b23195v/lu5-55/docs/v0.0.6/math/TWO_PI/index.html
2026-02-25 00:21:20,821 - Knowledge - INFO - process ingested knowledge for /app/data/newkinpogroup5515/55/b23195v/lu5-55/docs/v0.0.6/setting/index.html
2026-02-25 00:21:20,916 - Knowledge - INFO - process ingested knowledge for /app/data/newkinpogroup5515/55/b23195v/lu5-55/docs/v0.0.6/keyboard/KEY_Z/meta.json
2026-02-25 00:21:21,029 - Knowledge - INFO - Fast-tracked /app/data/newkinpogroup5515/55/b23195v/lu5-55/docs/v0.0.2/shapes/square/meta.json (ext=.json, size=387)
2026-02-25 00:21:21,168 - Knowledge - INFO - process ingested knowledge for /app/data/newkinpogroup5515/55/b23195v/lu5-55/docs/v0.0.6/keyboard/KEY_A/meta.json
2026-02-25 00:21:21,271 - Knowledge - INFO - process ingested knowledge for /app/data/newkinpogroup5515/55/b23195v/lu5-55/docs/v0.0.6/math/HALF_PI/index.html
2026-02-25 00:21:21,491 - Knowledge - INFO - process ingested knowledge for /app/data/newkinpogroup5515/55/b23195v/lu5-55/docs/v0.0.6/classes/class/index.html
2026-02-25 00:21:21,629 - Knowledge - INFO - process ingested knowledge for /app/data/newkinpogroup5515/55/b23195v/lu5-55/docs/v0.0.6/keyboard/keyHeld/index.html
2026-02-25 00:21:21,718 - Knowledge - INFO - process ingested knowledge for /app/data/newkinpogroup5515/55/b23195v/lu5-55/docs/v0.0.6/keyboard/keyReleased/meta.json
2026-02-25 00:21:21,811 - Knowledge - INFO - Progress: 16.5% | Files: 240/1455 | Rate: 1.36 files/sec | Queue: 1105
2026-02-25 00:21:21,813 - Knowledge - INFO - [LLM_CALL] Completed: index.html:chunk1, Duration: 1280ms, PromptTokens: 4496, CompletionTokens: 59, Cost: $0.00047
2026-02-25 00:21:21,894 - Knowledge - INFO - Async storage completed for 10 embeddings
2026-02-25 00:21:21,952 - Knowledge - INFO - Worker kw16 processing /app/data/newkinpogroup5515/55/b23195v/lu5-55/docs/v0.0.2/loaders/index.html
2026-02-25 00:21:22,139 - Knowledge - INFO - process ingested knowledge for /app/data/newkinpogroup5515/55/b23195v/lu5-55/docs/v0.0.6/setting/fill/index.html
2026-02-25 00:21:22,252 - Knowledge - INFO - process ingested knowledge for /app/data/newkinpogroup5515/55/b23195v/lu5-55/docs/v0.0.6/keyboard/KEY_J/index.html
2026-02-25 00:21:22,461 - Knowledge - INFO - process ingested knowledge for /app/data/newkinpogroup5515/55/b23195v/lu5-55/docs/v0.0.6/keyboard/KEY_Q/index.html
2026-02-25 00:21:22,648 - Knowledge - INFO - process ingested knowledge for /app/data/newkinpogroup5515/55/b23195v/lu5-55/docs/v0.0.6/math/HALF_PI/meta.json
2026-02-25 00:21:22,649 - Knowledge - INFO - process ingested knowledge for /app/data/newkinpogroup5515/55/b23195v/lu5-55/docs/v0.0.6/classes/class/meta.json
2026-02-25 00:21:22,781 - Knowledge - INFO - process ingested knowledge for /app/data/newkinpogroup5515/55/b23195v/lu5-55/docs/v0.0.6/keyboard/keyHeld/meta.json
2026-02-25 00:21:22,890 - Knowledge - INFO - process ingested knowledge for /app/data/newkinpogroup5515/55/b23195v/lu5-55/docs/v0.0.6/keyboard/KEY_Y/index.html
2026-02-25 00:21:22,998 - Knowledge - INFO - [kw10] Queue=1105, InProgress=0, PendingWorkers=20/20, Completed=240/1455 (16.5%)
2026-02-25 00:21:23,018 - Knowledge - INFO - done ingest for /app/data/newkinpogroup5515/55/b23195v/lu5-55/docs/v0.0.6/keyboard/KEY_U/index.html
2026-02-25 00:21:23,018 - Knowledge - INFO - Async storing batch of 10 embeddings
2026-02-25 00:21:23,202 - Knowledge - INFO - Worker kw16 processing /app/data/newkinpogroup5515/55/b23195v/lu5-55/docs/v0.0.2/loaders/loadFont/index.html
2026-02-25 00:21:23,209 - Knowledge - INFO - [LLM_CALL] Completed: index.html:chunk1, Duration: 191ms, PromptTokens: 4652, CompletionTokens: 59, Cost: $0.00049
2026-02-25 00:21:23,288 - Knowledge - INFO - process ingested knowledge for /app/data/newkinpogroup5515/55/b23195v/lu5-55/docs/v0.0.6/setting/fill/meta.json
2026-02-25 00:21:23,410 - Knowledge - INFO - process ingested knowledge for /app/data/newkinpogroup5515/55/b23195v/lu5-55/docs/v0.0.6/keyboard/KEY_J/meta.json
2026-02-25 00:21:23,501 - Knowledge - INFO - process ingested knowledge for /app/data/newkinpogroup5515/55/b23195v/lu5-55/docs/v0.0.6/keyboard/KEY_Q/meta.json
2026-02-25 00:21:23,603 - Knowledge - INFO - process ingested knowledge for /app/data/newkinpogroup5515/55/b23195v/lu5-55/docs/v0.0.6/math/tan/index.html
2026-02-25 00:21:23,685 - Knowledge - INFO - process ingested knowledge for /app/data/newkinpogroup5515/55/b23195v/lu5-55/docs/v0.0.6/classes/index.html
2026-02-25 00:21:23,774 - Knowledge - INFO - process ingested knowledge for /app/data/newkinpogroup5515/55/b23195v/lu5-55/docs/v0.0.6/keyboard/KEY_N/index.html
2026-02-25 00:21:23,885 - Knowledge - INFO - process ingested knowledge for /app/data/newkinpogroup5515/55/b23195v/lu5-55/docs/v0.0.6/keyboard/KEY_Y/meta.json
2026-02-25 00:21:23,969 - Knowledge - INFO - Batch sizing: calculated=10, max_allowed=10, queue=1105, active_workers=20/20
2026-02-25 00:21:24,171 - Knowledge - INFO - Worker kw11 processing /app/data/newkinpogroup5515/55/b23195v/lu5-55/docs/v0.0.2/math/index.html
2026-02-25 00:21:24,253 - Knowledge - INFO - Worker kw16 processing /app/data/newkinpogroup5515/55/b23195v/lu5-55/docs/v0.0.2/loaders/loadFont/meta.json
2026-02-25 00:21:24,334 - Knowledge - INFO - done ingest for /app/data/newkinpogroup5515/55/b23195v/lu5-55/docs/v0.0.6/mouse/mouseY/index.html
2026-02-25 00:21:24,336 - Knowledge - INFO - [kw14] Queue=1105, InProgress=0, PendingWorkers=20/20, Completed=240/1455 (16.5%)
2026-02-25 00:21:24,411 - Knowledge - INFO - process ingested knowledge for /app/data/newkinpogroup5515/55/b23195v/lu5-55/docs/v0.0.6/setting/pop/index.html
2026-02-25 00:21:24,605 - Knowledge - INFO - process ingested knowledge for /app/data/newkinpogroup5515/55/b23195v/lu5-55/docs/v0.0.6/keyboard/KEY_BACKSPACE/index.html
2026-02-25 00:21:24,700 - Knowledge - INFO - process ingested knowledge for /app/data/newkinpogroup5515/55/b23195v/lu5-55/docs/v0.0.6/math/tan/meta.json
2026-02-25 00:21:24,898 - Knowledge - INFO - [LLM_CALL] Completed: index.html:chunk1, Duration: 564ms, PromptTokens: 5032, CompletionTokens: 59, Cost: $0.00053
2026-02-25 00:21:25,046 - Knowledge - INFO - process ingested knowledge for /app/data/newkinpogroup5515/55/b23195v/lu5-55/docs/v0.0.6/setting/strokeWeight/index.html
2026-02-25 00:21:25,048 - Knowledge - INFO - process ingested knowledge for /app/data/newkinpogroup5515/55/b23195v/lu5-55/docs/v0.0.6/keyboard/KEY_N/meta.json
2026-02-25 00:21:25,253 - Knowledge - INFO - Worker kw11 processing /app/data/newkinpogroup5515/55/b23195v/lu5-55/docs/v0.0.2/setting/strokeWeight/index.html
2026-02-25 00:21:25,329 - Knowledge - INFO - Fast-tracked /app/data/newkinpogroup5515/55/b23195v/lu5-55/docs/v0.0.2/loaders/loadFont/meta.json (ext=.json, size=492)
2026-02-25 00:21:25,552 - Knowledge - INFO - Batch sizing: calculated=10, max_allowed=10, queue=1105, active_workers=20/20
2026-02-25 00:21:25,841 - Knowledge - INFO - process ingested knowledge for /app/data/newkinpogroup5515/55/b23195v/lu5-55/docs/v0.0.6/keyboard/KEY_BACKSPACE/meta.json
2026-02-25 00:21:25,968 - Knowledge - INFO - done ingest for /app/data/newkinpogroup5515/55/b23195v/lu5-55/docs/v0.0.6/keyboard/keyIsDown/index.html
2026-02-25 00:21:25,970 - Knowledge - INFO - Async storing batch of 10 embeddings
2026-02-25 00:21:25,970 - Knowledge - INFO - [LLM_CALL] Completed: classes.html:chunk1, Duration: 32448ms, PromptTokens: 3004, CompletionTokens: 59, Cost: $0.00032
2026-02-25 00:21:26,060 - Knowledge - INFO - process ingested knowledge for /app/data/newkinpogroup5515/55/b23195v/lu5-55/docs/v0.0.6/math/index.html
2026-02-25 00:21:26,277 - Knowledge - INFO - Worker kw11 processing /app/data/newkinpogroup5515/55/b23195v/lu5-55/docs/v0.0.2/setting/strokeWeight/meta.json
2026-02-25 00:21:26,281 - Knowledge - INFO - process ingested knowledge for /app/data/newkinpogroup5515/55/b23195v/lu5-55/docs/v0.0.6/setting/strokeWeight/meta.json
2026-02-25 00:21:26,364 - Knowledge - INFO - Worker kw16 processing /app/data/newkinpogroup5515/55/b23195v/lu5-55/docs/v0.0.2/math/round/index.html
2026-02-25 00:21:26,781 - Knowledge - INFO - process ingested knowledge for /app/data/newkinpogroup5515/55/b23195v/lu5-55/docs/v0.0.6/keyboard/KEY_M/index.html
2026-02-25 00:21:26,786 - Knowledge - INFO - Worker kw10 processing /app/data/newkinpogroup5515/55/b23195v/lu5-55/docs/v0.0.2/setting/textFont/meta.json
2026-02-25 00:21:26,895 - Knowledge - INFO - done ingest for /app/data/newkinpogroup5515/55/b23195v/lu5-55/docs/v0.0.6/classes.html
2026-02-25 00:21:26,899 - Knowledge - INFO - Async storing batch of 10 embeddings
2026-02-25 00:21:26,899 - Knowledge - INFO - [LLM_CALL] Completed: index.html:chunk1, Duration: 2ms, PromptTokens: 4496, CompletionTokens: 59, Cost: $0.00047
2026-02-25 00:21:27,111 - Knowledge - INFO - Fast-tracked /app/data/newkinpogroup5515/55/b23195v/lu5-55/docs/v0.0.2/setting/strokeWeight/meta.json (ext=.json, size=323)
2026-02-25 00:21:27,180 - Knowledge - INFO - process ingested knowledge for /app/data/newkinpogroup5515/55/b23195v/lu5-55/docs/v0.0.6/typography.html
2026-02-25 00:21:27,250 - Knowledge - INFO - process ingested knowledge for /app/data/newkinpogroup5515/55/b23195v/lu5-55/docs/v0.0.6/setting/push/index.html
2026-02-25 00:21:27,281 - Knowledge - INFO - Worker kw16 processing /app/data/newkinpogroup5515/55/b23195v/lu5-55/docs/v0.0.2/math/round/meta.json
2026-02-25 00:21:27,521 - Knowledge - INFO - process ingested knowledge for /app/data/newkinpogroup5515/55/b23195v/lu5-55/docs/v0.0.6/keyboard/KEY_M/meta.json
2026-02-25 00:21:27,524 - Knowledge - INFO - Fast-tracked /app/data/newkinpogroup5515/55/b23195v/lu5-55/docs/v0.0.2/setting/textFont/meta.json (ext=.json, size=503)
2026-02-25 00:21:27,747 - Knowledge - INFO - Worker kw14 processing /app/data/newkinpogroup5515/55/b23195v/lu5-55/docs/v0.0.2/index.html
2026-02-25 00:21:27,872 - Knowledge - INFO - done ingest for /app/data/newkinpogroup5515/55/b23195v/lu5-55/docs/v0.0.6/keyboard/LEFT_ARROW/index.html
2026-02-25 00:21:27,875 - Knowledge - INFO - [LLM_CALL] Completed: index.html:chunk1, Duration: 0ms, PromptTokens: 4496, CompletionTokens: 59, Cost: $0.00047
2026-02-25 00:21:27,960 - Knowledge - INFO - [kw1] Queue=1085, InProgress=0, PendingWorkers=20/20, Completed=240/1455 (16.5%)
2026-02-25 00:21:27,970 - Knowledge - INFO - Worker kw11 processing /app/data/newkinpogroup5515/55/b23195v/lu5-55/docs/v0.0.2/setting/textSize/index.html
2026-02-25 00:21:28,172 - Knowledge - INFO - process ingested knowledge for /app/data/newkinpogroup5515/55/b23195v/lu5-55/docs/v0.0.6/image.html
2026-02-25 00:21:28,276 - Knowledge - INFO - process ingested knowledge for /app/data/newkinpogroup5515/55/b23195v/lu5-55/docs/v0.0.6/setting/push/meta.json
2026-02-25 00:21:28,292 - Knowledge - INFO - Fast-tracked /app/data/newkinpogroup5515/55/b23195v/lu5-55/docs/v0.0.2/math/round/meta.json (ext=.json, size=305)
2026-02-25 00:21:28,453 - Knowledge - INFO - Worker kw10 processing /app/data/newkinpogroup5515/55/b23195v/lu5-55/docs/v0.0.2/setting/noStroke/index.html
2026-02-25 00:21:28,569 - Knowledge - INFO - Worker kw14 processing /app/data/newkinpogroup5515/55/b23195v/lu5-55/docs/v0.1.7/io/loadStrings/index.html
2026-02-25 00:21:28,773 - Knowledge - INFO - done ingest for /app/data/newkinpogroup5515/55/b23195v/lu5-55/docs/v0.0.6/keyboard/KEY_C/index.html
2026-02-25 00:21:28,774 - Knowledge - INFO - done ingest for /app/data/newkinpogroup5515/55/b23195v/lu5-55/docs/v0.0.6/mouse/mouseReleased/index.html
2026-02-25 00:21:28,780 - Knowledge - INFO - Processing batch of 10 files
2026-02-25 00:21:28,851 - Knowledge - INFO - [kw5] Queue=1085, InProgress=0, PendingWorkers=20/20, Completed=250/1455 (17.2%)
2026-02-25 00:21:28,851 - Knowledge - INFO - [kw2] Queue=1085, InProgress=0, PendingWorkers=20/20, Completed=250/1455 (17.2%)
2026-02-25 00:21:28,851 - Knowledge - INFO - [kw19] Queue=1085, InProgress=0, PendingWorkers=20/20, Completed=250/1455 (17.2%)
2026-02-25 00:21:28,867 - Knowledge - INFO - Batch sizing: calculated=10, max_allowed=10, queue=1085, active_workers=20/20
2026-02-25 00:21:28,951 - Knowledge - INFO - Worker kw11 processing /app/data/newkinpogroup5515/55/b23195v/lu5-55/docs/v0.0.2/setting/textSize/meta.json
2026-02-25 00:21:29,287 - Knowledge - INFO - process ingested knowledge for /app/data/newkinpogroup5515/55/b23195v/lu5-55/docs/v0.0.6/setting/background/index.html
2026-02-25 00:21:29,367 - Knowledge - INFO - Worker kw10 processing /app/data/newkinpogroup5515/55/b23195v/lu5-55/docs/v0.0.2/setting/noStroke/meta.json
2026-02-25 00:21:29,454 - Knowledge - INFO - Worker kw14 processing /app/data/newkinpogroup5515/55/b23195v/lu5-55/docs/v0.1.7/io/loadStrings/meta.json
2026-02-25 00:21:29,627 - Knowledge - INFO - [LLM_CALL] Completed: index.html:chunk1, Duration: 237ms, PromptTokens: 13546, CompletionTokens: 59, Cost: $0.00138
2026-02-25 00:21:29,872 - Knowledge - INFO - process ingested knowledge for /app/data/newkinpogroup5515/55/b23195v/lu5-55/docs/v0.0.6/keyboard/LEFT_ARROW/index.html
2026-02-25 00:21:29,958 - Knowledge - INFO - Batch sizing: calculated=10, max_allowed=10, queue=1085, active_workers=20/20
2026-02-25 00:21:30,077 - Knowledge - INFO - Batch sizing: calculated=10, max_allowed=10, queue=1085, active_workers=20/20
2026-02-25 00:21:30,176 - Knowledge - INFO - Batch sizing: calculated=10, max_allowed=10, queue=1085, active_workers=20/20
2026-02-25 00:21:30,376 - Knowledge - INFO - Fast-tracked /app/data/newkinpogroup5515/55/b23195v/lu5-55/docs/v0.0.2/setting/textSize/meta.json (ext=.json, size=407)
2026-02-25 00:21:30,590 - Knowledge - INFO - Fast-tracked /app/data/newkinpogroup5515/55/b23195v/lu5-55/docs/v0.0.2/setting/noStroke/meta.json (ext=.json, size=303)
2026-02-25 00:21:30,593 - Knowledge - INFO - process ingested knowledge for /app/data/newkinpogroup5515/55/b23195v/lu5-55/docs/v0.0.6/setting/background/meta.json
2026-02-25 00:21:30,690 - Knowledge - INFO - Fast-tracked /app/data/newkinpogroup5515/55/b23195v/lu5-55/docs/v0.1.7/io/loadStrings/meta.json (ext=.json, size=371)
2026-02-25 00:21:30,791 - Knowledge - INFO - done ingest for /app/data/newkinpogroup5515/55/b23195v/lu5-55/docs/v0.0.6/keyboard/index.html
2026-02-25 00:21:30,792 - Knowledge - INFO - done ingest for /app/data/newkinpogroup5515/55/b23195v/lu5-55/docs/v0.0.6/keyboard/keyPressed/index.html
2026-02-25 00:21:30,793 - Knowledge - INFO - Async storing batch of 10 embeddings
2026-02-25 00:21:30,793 - Knowledge - INFO - [kw17] Queue=1075, InProgress=0, PendingWorkers=20/20, Completed=250/1455 (17.2%)
2026-02-25 00:21:30,793 - Knowledge - INFO - [kw3] Queue=1075, InProgress=0, PendingWorkers=20/20, Completed=250/1455 (17.2%)
2026-02-25 00:21:30,896 - Knowledge - INFO - process ingested knowledge for /app/data/newkinpogroup5515/55/b23195v/lu5-55/docs/v0.0.6/keyboard/LEFT_ARROW/meta.json
2026-02-25 00:21:31,025 - Knowledge - INFO - Async storing batch of 10 embeddings
2026-02-25 00:21:31,158 - Knowledge - INFO - Async storing batch of 10 embeddings
2026-02-25 00:21:31,277 - Knowledge - INFO - Async storing batch of 10 embeddings
2026-02-25 00:21:31,360 - Knowledge - INFO - Worker kw11 processing /app/data/newkinpogroup5515/55/b23195v/lu5-55/docs/v0.0.2/setting/stroke/index.html
2026-02-25 00:21:31,441 - Knowledge - INFO - Worker kw10 processing /app/data/newkinpogroup5515/55/b23195v/lu5-55/docs/v0.0.2/setting/index.html
2026-02-25 00:21:31,622 - Knowledge - INFO - Worker kw14 processing /app/data/newkinpogroup5515/55/b23195v/lu5-55/docs/v0.1.7/io/loadText/index.html
2026-02-25 00:21:31,805 - Knowledge - INFO - [LLM_CALL] Completed: index.html:chunk1, Duration: 1013ms, PromptTokens: 4496, CompletionTokens: 59, Cost: $0.00047
2026-02-25 00:21:31,931 - Knowledge - INFO - Worker kw1 processing /app/data/newkinpogroup5515/55/b23195v/lu5-55/docs/v0.1.7/window/createWindow/index.html
2026-02-25 00:21:32,035 - Knowledge - INFO - Batch sizing: calculated=10, max_allowed=10, queue=1075, active_workers=20/20
2026-02-25 00:21:32,136 - Knowledge - INFO - Batch sizing: calculated=10, max_allowed=10, queue=1075, active_workers=20/20
2026-02-25 00:21:32,219 - Knowledge - INFO - process ingested knowledge for /app/data/newkinpogroup5515/55/b23195v/lu5-55/docs/v0.0.6/keyboard/KEY_E/index.html
2026-02-25 00:21:32,330 - Knowledge - INFO - Worker kw5 processing /app/data/newkinpogroup5515/55/b23195v/lu5-55/docs/v0.1.7/window/index.html
2026-02-25 00:21:32,433 - Knowledge - INFO - Worker kw2 processing /app/data/newkinpogroup5515/55/b23195v/lu5-55/docs/v0.1.7/models/model/meta.json
2026-02-25 00:21:32,533 - Knowledge - INFO - Worker kw19 processing /app/data/newkinpogroup5515/55/b23195v/lu5-55/docs/v0.1.7/shapes/beginShape/index.html
2026-02-25 00:21:32,614 - Knowledge - INFO - Worker kw11 processing /app/data/newkinpogroup5515/55/b23195v/lu5-55/docs/v0.0.2/setting/stroke/meta.json
2026-02-25 00:21:32,705 - Knowledge - INFO - Worker kw10 processing /app/data/newkinpogroup5515/55/b23195v/lu5-55/docs/v0.0.2/setting/fill/index.html
2026-02-25 00:21:32,803 - Knowledge - INFO - Worker kw14 processing /app/data/newkinpogroup5515/55/b23195v/lu5-55/docs/v0.1.7/io/loadText/meta.json
2026-02-25 00:21:32,894 - Knowledge - INFO - done ingest for /app/data/newkinpogroup5515/55/b23195v/lu5-55/docs/v0.0.6/keyboard/KEY_W/index.html
2026-02-25 00:21:32,894 - Knowledge - INFO - done ingest for /app/data/newkinpogroup5515/55/b23195v/lu5-55/docs/v0.0.6/keyboard/UP_ARROW/index.html
2026-02-25 00:21:32,895 - Knowledge - INFO - [kw18] Queue=1045, InProgress=0, PendingWorkers=20/20, Completed=250/1455 (17.2%)
2026-02-25 00:21:32,969 - Knowledge - INFO - Worker kw1 processing /app/data/newkinpogroup5515/55/b23195v/lu5-55/docs/v0.1.7/window/createWindow/meta.json
2026-02-25 00:21:33,064 - Knowledge - INFO - Async storing batch of 10 embeddings
2026-02-25 00:21:33,126 - Knowledge - INFO - Async storage completed for 10 embeddings
2026-02-25 00:21:33,180 - Knowledge - INFO - Async storing batch of 10 embeddings
2026-02-25 00:21:33,266 - Knowledge - INFO - process ingested knowledge for /app/data/newkinpogroup5515/55/b23195v/lu5-55/docs/v0.0.6/keyboard/KEY_E/meta.json
2026-02-25 00:21:33,355 - Knowledge - INFO - Worker kw5 processing /app/data/newkinpogroup5515/55/b23195v/lu5-55/docs/v0.1.7/window/noLoop/index.html
2026-02-25 00:21:33,456 - Knowledge - INFO - Fast-tracked /app/data/newkinpogroup5515/55/b23195v/lu5-55/docs/v0.1.7/models/model/meta.json (ext=.json, size=441)
2026-02-25 00:21:33,545 - Knowledge - INFO - Worker kw19 processing /app/data/newkinpogroup5515/55/b23195v/lu5-55/docs/v0.1.7/shapes/beginShape/meta.json
2026-02-25 00:21:33,625 - Knowledge - INFO - Fast-tracked /app/data/newkinpogroup5515/55/b23195v/lu5-55/docs/v0.0.2/setting/stroke/meta.json (ext=.json, size=485)
2026-02-25 00:21:33,744 - Knowledge - INFO - Worker kw10 processing /app/data/newkinpogroup5515/55/b23195v/lu5-55/docs/v0.0.2/setting/fill/meta.json
2026-02-25 00:21:33,826 - Knowledge - INFO - Fast-tracked /app/data/newkinpogroup5515/55/b23195v/lu5-55/docs/v0.1.7/io/loadText/meta.json (ext=.json, size=340)
2026-02-25 00:21:33,978 - Knowledge - INFO - [LLM_CALL] Completed: index.html:chunk1, Duration: 1084ms, PromptTokens: 4496, CompletionTokens: 59, Cost: $0.00047
2026-02-25 00:21:34,164 - Knowledge - INFO - Batch sizing: calculated=10, max_allowed=10, queue=1045, active_workers=20/20
2026-02-25 00:21:34,242 - Knowledge - INFO - Fast-tracked /app/data/newkinpogroup5515/55/b23195v/lu5-55/docs/v0.1.7/window/createWindow/meta.json (ext=.json, size=539)
2026-02-25 00:21:34,348 - Knowledge - INFO - Worker kw17 processing /app/data/newkinpogroup5515/55/b23195v/lu5-55/docs/v0.1.7/shapes/rect/index.html
2026-02-25 00:21:34,564 - Knowledge - INFO - Worker kw3 processing /app/data/newkinpogroup5515/55/b23195v/lu5-55/docs/v0.1.7/transform/scale/meta.json
2026-02-25 00:21:34,654 - Knowledge - INFO - process ingested knowledge for /app/data/newkinpogroup5515/55/b23195v/lu5-55/docs/v0.0.6/keyboard/keyIsDown/index.html
2026-02-25 00:21:34,754 - Knowledge - INFO - Worker kw5 processing /app/data/newkinpogroup5515/55/b23195v/lu5-55/docs/v0.1.7/window/noLoop/meta.json
2026-02-25 00:21:34,787 - Knowledge - INFO - Async storage completed for 10 embeddings
2026-02-25 00:21:34,836 - Knowledge - INFO - Worker kw2 processing /app/data/newkinpogroup5515/55/b23195v/lu5-55/docs/v0.1.7/models/index.html
2026-02-25 00:21:34,923 - Knowledge - INFO - Fast-tracked /app/data/newkinpogroup5515/55/b23195v/lu5-55/docs/v0.1.7/shapes/beginShape/meta.json (ext=.json, size=805)
2026-02-25 00:21:35,008 - Knowledge - INFO - Worker kw11 processing /app/data/newkinpogroup5515/55/b23195v/lu5-55/docs/v0.0.2/setting/noFill/index.html
2026-02-25 00:21:35,102 - Knowledge - INFO - Fast-tracked /app/data/newkinpogroup5515/55/b23195v/lu5-55/docs/v0.0.2/setting/fill/meta.json (ext=.json, size=507)
2026-02-25 00:21:35,200 - Knowledge - INFO - Worker kw14 processing /app/data/newkinpogroup5515/55/b23195v/lu5-55/docs/v0.1.7/io/print/index.html
2026-02-25 00:21:35,304 - Knowledge - INFO - done ingest for /app/data/newkinpogroup5515/55/b23195v/lu5-55/docs/v0.0.6/keyboard/KEY_G/index.html
2026-02-25 00:21:35,305 - Knowledge - INFO - Processing batch of 10 files
2026-02-25 00:21:35,443 - Knowledge - INFO - Async storing batch of 10 embeddings
2026-02-25 00:21:35,453 - Knowledge - INFO - [LLM_CALL] Completed: index.html:chunk1, Duration: 148ms, PromptTokens: 4864, CompletionTokens: 59, Cost: $0.00051
2026-02-25 00:21:35,540 - Knowledge - INFO - Worker kw1 processing /app/data/newkinpogroup5515/55/b23195v/lu5-55/docs/v0.1.7/window/loop/index.html
2026-02-25 00:21:35,630 - Knowledge - INFO - Worker kw17 processing /app/data/newkinpogroup5515/55/b23195v/lu5-55/docs/v0.1.7/shapes/rect/meta.json
2026-02-25 00:21:35,752 - Knowledge - INFO - Fast-tracked /app/data/newkinpogroup5515/55/b23195v/lu5-55/docs/v0.1.7/transform/scale/meta.json (ext=.json, size=332)
2026-02-25 00:21:35,871 - Knowledge - INFO - process ingested knowledge for /app/data/newkinpogroup5515/55/b23195v/lu5-55/docs/v0.0.6/keyboard/keyIsDown/meta.json
2026-02-25 00:21:35,959 - Knowledge - INFO - Fast-tracked /app/data/newkinpogroup5515/55/b23195v/lu5-55/docs/v0.1.7/window/noLoop/meta.json (ext=.json, size=836)
2026-02-25 00:21:36,169 - Knowledge - INFO - Worker kw2 processing /app/data/newkinpogroup5515/55/b23195v/lu5-55/docs/v0.1.7/shapes/line/index.html
2026-02-25 00:21:36,256 - Knowledge - INFO - Worker kw19 processing /app/data/newkinpogroup5515/55/b23195v/lu5-55/docs/v0.1.7/shapes/triangle/index.html
2026-02-25 00:21:36,364 - Knowledge - INFO - Worker kw11 processing /app/data/newkinpogroup5515/55/b23195v/lu5-55/docs/v0.0.2/setting/noFill/meta.json
2026-02-25 00:21:36,511 - Knowledge - INFO - Worker kw10 processing /app/data/newkinpogroup5515/55/b23195v/lu5-55/docs/v0.0.2/modules.json
2026-02-25 00:21:36,612 - Knowledge - INFO - Worker kw14 processing /app/data/newkinpogroup5515/55/b23195v/lu5-55/docs/v0.1.7/io/print/meta.json
2026-02-25 00:21:36,787 - Knowledge - INFO - process ingested knowledge for /app/data/newkinpogroup5515/55/b23195v/lu5-55/docs/v0.0.6/keyboard/KEY_W/meta.json
2026-02-25 00:21:36,901 - Knowledge - INFO - Worker kw18 processing /app/data/newkinpogroup5515/55/b23195v/lu5-55/docs/v0.1.7/math/round/index.html
2026-02-25 00:21:37,002 - Knowledge - INFO - done ingest for /app/data/newkinpogroup5515/55/b23195v/lu5-55/docs/v0.0.6/image/image/index.html
2026-02-25 00:21:37,096 - Knowledge - INFO - Worker kw1 processing /app/data/newkinpogroup5515/55/b23195v/lu5-55/docs/v0.1.7/window/loop/meta.json
2026-02-25 00:21:37,274 - Knowledge - INFO - Fast-tracked /app/data/newkinpogroup5515/55/b23195v/lu5-55/docs/v0.1.7/shapes/rect/meta.json (ext=.json, size=605)
2026-02-25 00:21:37,282 - Knowledge - INFO - [LLM_CALL] Completed: index.html:chunk1, Duration: 278ms, PromptTokens: 4496, CompletionTokens: 59, Cost: $0.00047
2026-02-25 00:21:37,370 - Knowledge - INFO - Worker kw3 processing /app/data/newkinpogroup5515/55/b23195v/lu5-55/docs/v0.1.7/transform/translate/index.html
2026-02-25 00:21:37,461 - Knowledge - INFO - process ingested knowledge for /app/data/newkinpogroup5515/55/b23195v/lu5-55/docs/v0.0.6/keyboard/KEY_U/index.html
2026-02-25 00:21:37,580 - Knowledge - INFO - Worker kw5 processing /app/data/newkinpogroup5515/55/b23195v/lu5-55/docs/v0.1.7/window/frameRate/index.html
2026-02-25 00:21:37,691 - Knowledge - INFO - Worker kw2 processing /app/data/newkinpogroup5515/55/b23195v/lu5-55/docs/v0.1.7/shapes/line/meta.json
2026-02-25 00:21:37,784 - Knowledge - INFO - Worker kw19 processing /app/data/newkinpogroup5515/55/b23195v/lu5-55/docs/v0.1.7/shapes/triangle/meta.json
2026-02-25 00:21:37,860 - Knowledge - INFO - Fast-tracked /app/data/newkinpogroup5515/55/b23195v/lu5-55/docs/v0.0.2/setting/noFill/meta.json (ext=.json, size=198)
2026-02-25 00:21:37,970 - Knowledge - INFO - Fast-tracked /app/data/newkinpogroup5515/55/b23195v/lu5-55/docs/v0.0.2/modules.json (ext=.json, size=857)
2026-02-25 00:21:38,082 - Knowledge - INFO - Fast-tracked /app/data/newkinpogroup5515/55/b23195v/lu5-55/docs/v0.1.7/io/print/meta.json (ext=.json, size=382)
2026-02-25 00:21:38,161 - Knowledge - INFO - process ingested knowledge for /app/data/newkinpogroup5515/55/b23195v/lu5-55/docs/v0.0.6/keyboard/keyPressed/index.html
2026-02-25 00:21:38,265 - Knowledge - INFO - Worker kw18 processing /app/data/newkinpogroup5515/55/b23195v/lu5-55/docs/v0.1.7/math/round/meta.json
2026-02-25 00:21:38,466 - Knowledge - INFO - Fast-tracked /app/data/newkinpogroup5515/55/b23195v/lu5-55/docs/v0.1.7/window/loop/meta.json (ext=.json, size=721)
2026-02-25 00:21:38,545 - Knowledge - INFO - Worker kw17 processing /app/data/newkinpogroup5515/55/b23195v/lu5-55/docs/v0.1.7/shapes/square/index.html
2026-02-25 00:21:38,675 - Knowledge - INFO - done ingest for /app/data/newkinpogroup5515/55/b23195v/lu5-55/docs/v0.0.6/keyboard/KEY_S/index.html
2026-02-25 00:21:38,788 - Knowledge - INFO - Worker kw3 processing /app/data/newkinpogroup5515/55/b23195v/lu5-55/docs/v0.1.7/transform/translate/meta.json
2026-02-25 00:21:38,878 - Knowledge - INFO - process ingested knowledge for /app/data/newkinpogroup5515/55/b23195v/lu5-55/docs/v0.0.6/keyboard/KEY_U/meta.json
2026-02-25 00:21:38,967 - Knowledge - INFO - Worker kw5 processing /app/data/newkinpogroup5515/55/b23195v/lu5-55/docs/v0.1.7/window/frameRate/meta.json
2026-02-25 00:21:39,054 - Knowledge - INFO - Fast-tracked /app/data/newkinpogroup5515/55/b23195v/lu5-55/docs/v0.1.7/shapes/line/meta.json (ext=.json, size=694)
2026-02-25 00:21:39,133 - Knowledge - INFO - Fast-tracked /app/data/newkinpogroup5515/55/b23195v/lu5-55/docs/v0.1.7/shapes/triangle/meta.json (ext=.json, size=775)
2026-02-25 00:21:39,214 - Knowledge - INFO - Worker kw11 processing /app/data/newkinpogroup5515/55/b23195v/lu5-55/docs/v0.0.2/setting/textFont/index.html
2026-02-25 00:21:39,273 - Knowledge - INFO - [LLM_CALL] Completed: index.html:chunk1, Duration: 594ms, PromptTokens: 4828, CompletionTokens: 59, Cost: $0.00051
2026-02-25 00:21:39,294 - Knowledge - INFO - Worker kw10 processing /app/data/newkinpogroup5515/55/b23195v/lu5-55/docs/v0.0.2/events/isKeyDown/index.html
2026-02-25 00:21:39,380 - Knowledge - INFO - Worker kw14 processing /app/data/newkinpogroup5515/55/b23195v/lu5-55/docs/v0.1.7/io/index.html
2026-02-25 00:21:39,477 - Knowledge - INFO - process ingested knowledge for /app/data/newkinpogroup5515/55/b23195v/lu5-55/docs/v0.0.6/keyboard/keyPressed/meta.json
2026-02-25 00:21:39,597 - Knowledge - INFO - Fast-tracked /app/data/newkinpogroup5515/55/b23195v/lu5-55/docs/v0.1.7/math/round/meta.json (ext=.json, size=329)
2026-02-25 00:21:39,708 - Knowledge - INFO - Worker kw1 processing /app/data/newkinpogroup5515/55/b23195v/lu5-55/docs/v0.1.7/window/windowResized/index.html
2026-02-25 00:21:39,809 - Knowledge - INFO - Worker kw17 processing /app/data/newkinpogroup5515/55/b23195v/lu5-55/docs/v0.1.7/shapes/square/meta.json
2026-02-25 00:21:39,985 - Knowledge - INFO - Fast-tracked /app/data/newkinpogroup5515/55/b23195v/lu5-55/docs/v0.1.7/transform/translate/meta.json (ext=.json, size=352)
2026-02-25 00:21:40,098 - Knowledge - INFO - process ingested knowledge for /app/data/newkinpogroup5515/55/b23195v/lu5-55/docs/v0.0.6/keyboard/KEY_K/index.html
2026-02-25 00:21:40,216 - Knowledge - INFO - Fast-tracked /app/data/newkinpogroup5515/55/b23195v/lu5-55/docs/v0.1.7/window/frameRate/meta.json (ext=.json, size=1030)
2026-02-25 00:21:40,294 - Knowledge - INFO - Worker kw2 processing /app/data/newkinpogroup5515/55/b23195v/lu5-55/docs/v0.1.7/shapes/endShape/index.html
2026-02-25 00:21:40,413 - Knowledge - INFO - Worker kw19 processing /app/data/newkinpogroup5515/55/b23195v/lu5-55/docs/v0.1.7/shapes/arc/index.html
2026-02-25 00:21:40,642 - Knowledge - INFO - done ingest for /app/data/newkinpogroup5515/55/b23195v/lu5-55/docs/v0.0.6/image/loadImage/index.html
2026-02-25 00:21:40,675 - Knowledge - INFO - [LLM_CALL] Completed: index.html:chunk1, Duration: 14ms, PromptTokens: 4496, CompletionTokens: 59, Cost: $0.00047
2026-02-25 00:21:40,768 - Knowledge - INFO - Worker kw10 processing /app/data/newkinpogroup5515/55/b23195v/lu5-55/docs/v0.0.2/events/isKeyDown/meta.json
2026-02-25 00:21:40,885 - Knowledge - INFO - Worker kw14 processing /app/data/newkinpogroup5515/55/b23195v/lu5-55/docs/v0.1.7/window/width/index.html
2026-02-25 00:21:41,001 - Knowledge - INFO - process ingested knowledge for /app/data/newkinpogroup5515/55/b23195v/lu5-55/docs/v0.0.6/keyboard/UP_ARROW/index.html
2026-02-25 00:21:41,082 - Knowledge - INFO - Worker kw18 processing /app/data/newkinpogroup5515/55/b23195v/lu5-55/docs/v0.1.7/math/min/index.html
2026-02-25 00:21:41,180 - Knowledge - INFO - Worker kw1 processing /app/data/newkinpogroup5515/55/b23195v/lu5-55/docs/v0.1.7/window/windowResized/meta.json
2026-02-25 00:21:41,286 - Knowledge - INFO - Fast-tracked /app/data/newkinpogroup5515/55/b23195v/lu5-55/docs/v0.1.7/shapes/square/meta.json (ext=.json, size=564)
2026-02-25 00:21:41,361 - Knowledge - INFO - Worker kw3 processing /app/data/newkinpogroup5515/55/b23195v/lu5-55/docs/v0.1.7/transform/rotateZ/index.html
2026-02-25 00:21:41,476 - Knowledge - INFO - process ingested knowledge for /app/data/newkinpogroup5515/55/b23195v/lu5-55/docs/v0.0.6/keyboard/KEY_K/meta.json
2026-02-25 00:21:41,585 - Knowledge - INFO - Worker kw5 processing /app/data/newkinpogroup5515/55/b23195v/lu5-55/docs/v0.1.7/window/saveWindow/index.html
2026-02-25 00:21:41,686 - Knowledge - INFO - Worker kw2 processing /app/data/newkinpogroup5515/55/b23195v/lu5-55/docs/v0.1.7/shapes/endShape/meta.json
2026-02-25 00:21:41,806 - Knowledge - INFO - Worker kw19 processing /app/data/newkinpogroup5515/55/b23195v/lu5-55/docs/v0.1.7/shapes/arc/meta.json
2026-02-25 00:21:42,001 - Knowledge - INFO - done ingest for /app/data/newkinpogroup5515/55/b23195v/lu5-55/docs/v0.0.6/keyboard/KEY_O/index.html
2026-02-25 00:21:42,010 - Knowledge - INFO - [LLM_CALL] Completed: index.html:chunk1, Duration: 1ms, PromptTokens: 4658, CompletionTokens: 59, Cost: $0.00049
2026-02-25 00:21:42,129 - Knowledge - INFO - Fast-tracked /app/data/newkinpogroup5515/55/b23195v/lu5-55/docs/v0.0.2/events/isKeyDown/meta.json (ext=.json, size=469)
2026-02-25 00:21:42,203 - Knowledge - INFO - Worker kw14 processing /app/data/newkinpogroup5515/55/b23195v/lu5-55/docs/v0.1.7/window/width/meta.json
2026-02-25 00:21:42,292 - Knowledge - INFO - process ingested knowledge for /app/data/newkinpogroup5515/55/b23195v/lu5-55/docs/v0.0.6/keyboard/UP_ARROW/meta.json
2026-02-25 00:21:42,410 - Knowledge - INFO - Worker kw18 processing /app/data/newkinpogroup5515/55/b23195v/lu5-55/docs/v0.1.7/math/min/meta.json
2026-02-25 00:21:42,511 - Knowledge - INFO - Fast-tracked /app/data/newkinpogroup5515/55/b23195v/lu5-55/docs/v0.1.7/window/windowResized/meta.json (ext=.json, size=411)
2026-02-25 00:21:42,634 - Knowledge - INFO - Worker kw17 processing /app/data/newkinpogroup5515/55/b23195v/lu5-55/docs/v0.1.7/shapes/quad/index.html
2026-02-25 00:21:42,753 - Knowledge - INFO - Worker kw3 processing /app/data/newkinpogroup5515/55/b23195v/lu5-55/docs/v0.1.7/transform/rotateZ/meta.json
2026-02-25 00:21:42,923 - Knowledge - INFO - Worker kw5 processing /app/data/newkinpogroup5515/55/b23195v/lu5-55/docs/v0.1.7/window/saveWindow/meta.json
2026-02-25 00:21:43,003 - Knowledge - INFO - Fast-tracked /app/data/newkinpogroup5515/55/b23195v/lu5-55/docs/v0.1.7/shapes/endShape/meta.json (ext=.json, size=279)
2026-02-25 00:21:43,089 - Knowledge - INFO - Fast-tracked /app/data/newkinpogroup5515/55/b23195v/lu5-55/docs/v0.1.7/shapes/arc/meta.json (ext=.json, size=762)
2026-02-25 00:21:43,315 - Knowledge - INFO - done ingest for /app/data/newkinpogroup5515/55/b23195v/lu5-55/docs/v0.0.6/mouse/mouseIsPressed/index.html
2026-02-25 00:21:43,316 - Knowledge - INFO - done ingest for /app/data/newkinpogroup5515/55/b23195v/lu5-55/docs/v0.0.6/image/index.html
2026-02-25 00:21:43,317 - Knowledge - INFO - Processing batch of 10 files
2026-02-25 00:21:43,433 - Knowledge - INFO - Worker kw10 processing /app/data/newkinpogroup5515/55/b23195v/lu5-55/docs/v0.0.2/events/index.html
2026-02-25 00:21:43,533 - Knowledge - INFO - Fast-tracked /app/data/newkinpogroup5515/55/b23195v/lu5-55/docs/v0.1.7/window/width/meta.json (ext=.json, size=290)
2026-02-25 00:21:43,665 - Knowledge - INFO - process ingested knowledge for /app/data/newkinpogroup5515/55/b23195v/lu5-55/docs/v0.0.6/classes.html
2026-02-25 00:21:43,740 - Knowledge - INFO - Fast-tracked /app/data/newkinpogroup5515/55/b23195v/lu5-55/docs/v0.1.7/math/min/meta.json (ext=.json, size=530)
2026-02-25 00:21:43,843 - Knowledge - INFO - Worker kw1 processing /app/data/newkinpogroup5515/55/b23195v/lu5-55/docs/v0.1.7/window/height/index.html
2026-02-25 00:21:43,965 - Knowledge - INFO - Worker kw17 processing /app/data/newkinpogroup5515/55/b23195v/lu5-55/docs/v0.1.7/shapes/quad/meta.json
2026-02-25 00:21:44,052 - Knowledge - INFO - [WEBSOCKET] Sent: Type=progress_update, Size: 295, Duration: 0ms
2026-02-25 00:21:44,071 - Knowledge - INFO - Fast-tracked /app/data/newkinpogroup5515/55/b23195v/lu5-55/docs/v0.1.7/transform/rotateZ/meta.json (ext=.json, size=277)
2026-02-25 00:21:44,188 - Knowledge - INFO - Fast-tracked /app/data/newkinpogroup5515/55/b23195v/lu5-55/docs/v0.1.7/window/saveWindow/meta.json (ext=.json, size=619)
2026-02-25 00:21:44,255 - Knowledge - INFO - Worker kw2 processing /app/data/newkinpogroup5515/55/b23195v/lu5-55/docs/v0.1.7/shapes/circle/index.html
2026-02-25 00:21:44,369 - Knowledge - INFO - Worker kw19 processing /app/data/newkinpogroup5515/55/b23195v/lu5-55/docs/v0.1.7/shapes/ellipse/index.html
2026-02-25 00:21:44,422 - Knowledge - INFO - Async storage completed for 10 embeddings
2026-02-25 00:21:44,657 - Knowledge - INFO - process ingested knowledge for /app/data/newkinpogroup5515/55/b23195v/lu5-55/docs/v0.0.6/keyboard/KEY_C/index.html
2026-02-25 00:21:44,965 - Knowledge - INFO - process ingested knowledge for /app/data/newkinpogroup5515/55/b23195v/lu5-55/docs/v0.0.6/modules.json
2026-02-25 00:21:45,077 - Knowledge - INFO - Worker kw18 processing /app/data/newkinpogroup5515/55/b23195v/lu5-55/docs/v0.1.7/math/randomSeed/index.html
2026-02-25 00:21:45,157 - Knowledge - INFO - Worker kw1 processing /app/data/newkinpogroup5515/55/b23195v/lu5-55/docs/v0.1.7/window/height/meta.json
2026-02-25 00:21:45,242 - Knowledge - INFO - Fast-tracked /app/data/newkinpogroup5515/55/b23195v/lu5-55/docs/v0.1.7/shapes/quad/meta.json (ext=.json, size=895)
2026-02-25 00:21:45,293 - Knowledge - INFO - Async storage completed for 10 embeddings
2026-02-25 00:21:45,329 - Knowledge - INFO - [LLM_CALL] Completed: index.html:chunk1, Duration: 2012ms, PromptTokens: 6216, CompletionTokens: 59, Cost: $0.00065
2026-02-25 00:21:45,431 - Knowledge - INFO - Worker kw3 processing /app/data/newkinpogroup5515/55/b23195v/lu5-55/docs/v0.1.7/transform/index.html
2026-02-25 00:21:45,519 - Knowledge - INFO - Worker kw5 processing /app/data/newkinpogroup5515/55/b23195v/lu5-55/docs/v0.1.7/models/loadModel/index.html
2026-02-25 00:21:45,611 - Knowledge - INFO - Worker kw2 processing /app/data/newkinpogroup5515/55/b23195v/lu5-55/docs/v0.1.7/shapes/circle/meta.json
2026-02-25 00:21:45,701 - Knowledge - INFO - Worker kw19 processing /app/data/newkinpogroup5515/55/b23195v/lu5-55/docs/v0.1.7/shapes/ellipse/meta.json
2026-02-25 00:21:45,922 - Knowledge - INFO - process ingested knowledge for /app/data/newkinpogroup5515/55/b23195v/lu5-55/docs/v0.0.6/keyboard/KEY_C/meta.json
2026-02-25 00:21:46,023 - Knowledge - INFO - process ingested knowledge for /app/data/newkinpogroup5515/55/b23195v/lu5-55/docs/v0.0.6/mouse/mouseY/index.html
2026-02-25 00:21:46,106 - Knowledge - INFO - Worker kw18 processing /app/data/newkinpogroup5515/55/b23195v/lu5-55/docs/v0.1.7/math/randomSeed/meta.json
2026-02-25 00:21:46,202 - Knowledge - INFO - Fast-tracked /app/data/newkinpogroup5515/55/b23195v/lu5-55/docs/v0.1.7/window/height/meta.json (ext=.json, size=292)
2026-02-25 00:21:46,316 - Knowledge - INFO - Worker kw17 processing /app/data/newkinpogroup5515/55/b23195v/lu5-55/docs/v0.1.7/shapes/index.html
2026-02-25 00:21:46,534 - Knowledge - INFO - done ingest for /app/data/newkinpogroup5515/55/b23195v/lu5-55/docs/v0.0.6/mouse/index.html
2026-02-25 00:21:46,536 - Knowledge - INFO - done ingest for /app/data/newkinpogroup5515/55/b23195v/lu5-55/docs/v0.0.6/vector/Vector.add/index.html
2026-02-25 00:21:46,543 - Knowledge - INFO - [WEBSOCKET] Sent: Type=unknown, Size: ?, Duration: 2491ms
2026-02-25 00:21:46,656 - Knowledge - INFO - Worker kw3 processing /app/data/newkinpogroup5515/55/b23195v/lu5-55/docs/v0.1.7/transform/rotateX/index.html
2026-02-25 00:21:46,762 - Knowledge - INFO - Worker kw5 processing /app/data/newkinpogroup5515/55/b23195v/lu5-55/docs/v0.1.7/models/loadModel/meta.json
2026-02-25 00:21:46,847 - Knowledge - INFO - Fast-tracked /app/data/newkinpogroup5515/55/b23195v/lu5-55/docs/v0.1.7/shapes/circle/meta.json (ext=.json, size=535)
2026-02-25 00:21:46,946 - Knowledge - INFO - Fast-tracked /app/data/newkinpogroup5515/55/b23195v/lu5-55/docs/v0.1.7/shapes/ellipse/meta.json (ext=.json, size=615)
2026-02-25 00:21:47,075 - Knowledge - INFO - process ingested knowledge for /app/data/newkinpogroup5515/55/b23195v/lu5-55/docs/v0.0.6/keyboard/KEY_S/index.html
2026-02-25 00:21:47,249 - Knowledge - INFO - process ingested knowledge for /app/data/newkinpogroup5515/55/b23195v/lu5-55/docs/v0.0.6/mouse/mouseY/meta.json
2026-02-25 00:21:47,379 - Knowledge - INFO - Fast-tracked /app/data/newkinpogroup5515/55/b23195v/lu5-55/docs/v0.1.7/math/randomSeed/meta.json (ext=.json, size=314)
2026-02-25 00:21:47,452 - Knowledge - INFO - Worker kw1 processing /app/data/newkinpogroup5515/55/b23195v/lu5-55/docs/v0.1.7/window/deltaTime/index.html
2026-02-25 00:21:47,541 - Knowledge - INFO - Worker kw17 processing /app/data/newkinpogroup5515/55/b23195v/lu5-55/docs/v0.1.7/transform/rotateY/index.html
2026-02-25 00:21:47,932 - Knowledge - INFO - Progress: 18.6% | Files: 270/1455 | Rate: 1.34 files/sec | Queue: 1015
2026-02-25 00:21:47,943 - Knowledge - INFO - [LLM_CALL] Completed: index.html:chunk1, Duration: 1ms, PromptTokens: 4652, CompletionTokens: 59, Cost: $0.00049
2026-02-25 00:21:48,081 - Knowledge - INFO - Worker kw3 processing /app/data/newkinpogroup5515/55/b23195v/lu5-55/docs/v0.1.7/transform/rotateX/meta.json
2026-02-25 00:21:48,163 - Knowledge - INFO - Fast-tracked /app/data/newkinpogroup5515/55/b23195v/lu5-55/docs/v0.1.7/models/loadModel/meta.json (ext=.json, size=444)
2026-02-25 00:21:48,271 - Knowledge - INFO - Worker kw2 processing /app/data/newkinpogroup5515/55/b23195v/lu5-55/docs/v0.1.7/shapes/point/index.html
2026-02-25 00:21:48,352 - Knowledge - INFO - Worker kw19 processing /app/data/newkinpogroup5515/55/b23195v/lu5-55/docs/v0.1.7/shapes/vertex/index.html
2026-02-25 00:21:48,441 - Knowledge - INFO - process ingested knowledge for /app/data/newkinpogroup5515/55/b23195v/lu5-55/docs/v0.0.6/keyboard/KEY_S/meta.json
2026-02-25 00:21:48,554 - Knowledge - INFO - process ingested knowledge for /app/data/newkinpogroup5515/55/b23195v/lu5-55/docs/v0.0.6/mouse/mouseReleased/index.html
2026-02-25 00:21:48,673 - Knowledge - INFO - Worker kw18 processing /app/data/newkinpogroup5515/55/b23195v/lu5-55/docs/v0.1.7/math/floor/index.html
2026-02-25 00:21:48,793 - Knowledge - INFO - Worker kw1 processing /app/data/newkinpogroup5515/55/b23195v/lu5-55/docs/v0.1.7/window/deltaTime/meta.json
2026-02-25 00:21:48,893 - Knowledge - INFO - Worker kw17 processing /app/data/newkinpogroup5515/55/b23195v/lu5-55/docs/v0.1.7/transform/rotateY/meta.json
2026-02-25 00:21:49,017 - Knowledge - INFO - [kw6] Queue=1015, InProgress=0, PendingWorkers=20/20, Completed=270/1455 (18.6%)
2026-02-25 00:21:49,139 - Knowledge - INFO - done ingest for /app/data/newkinpogroup5515/55/b23195v/lu5-55/docs/v0.0.6/mouse/mouseX/index.html
2026-02-25 00:21:49,141 - Knowledge - INFO - done ingest for /app/data/newkinpogroup5515/55/b23195v/lu5-55/docs/v0.0.6/vector/Vector.mult/index.html
2026-02-25 00:21:49,142 - Knowledge - INFO - done ingest for /app/data/newkinpogroup5515/55/b23195v/lu5-55/docs/v0.0.2/window/index.html
2026-02-25 00:21:49,238 - Knowledge - INFO - done ingest for /app/data/newkinpogroup5515/55/b23195v/lu5-55/docs/v0.0.6/typography/loadFont/index.html
2026-02-25 00:21:49,246 - Knowledge - INFO - Fast-tracked /app/data/newkinpogroup5515/55/b23195v/lu5-55/docs/v0.1.7/transform/rotateX/meta.json (ext=.json, size=276)
2026-02-25 00:21:49,379 - Knowledge - INFO - Worker kw5 processing /app/data/newkinpogroup5515/55/b23195v/lu5-55/docs/v0.1.7/models/model/index.html
2026-02-25 00:21:49,462 - Knowledge - INFO - Worker kw2 processing /app/data/newkinpogroup5515/55/b23195v/lu5-55/docs/v0.1.7/shapes/point/meta.json
2026-02-25 00:21:49,558 - Knowledge - INFO - Worker kw19 processing /app/data/newkinpogroup5515/55/b23195v/lu5-55/docs/v0.1.7/shapes/vertex/meta.json
2026-02-25 00:21:49,637 - Knowledge - INFO - process ingested knowledge for /app/data/newkinpogroup5515/55/b23195v/lu5-55/docs/v0.0.6/keyboard/index.html
2026-02-25 00:21:49,800 - Knowledge - INFO - Worker kw18 processing /app/data/newkinpogroup5515/55/b23195v/lu5-55/docs/v0.1.7/math/floor/meta.json
2026-02-25 00:21:49,919 - Knowledge - INFO - Fast-tracked /app/data/newkinpogroup5515/55/b23195v/lu5-55/docs/v0.1.7/window/deltaTime/meta.json (ext=.json, size=529)
2026-02-25 00:21:50,003 - Knowledge - INFO - Fast-tracked /app/data/newkinpogroup5515/55/b23195v/lu5-55/docs/v0.1.7/transform/rotateY/meta.json (ext=.json, size=277)
2026-02-25 00:21:50,080 - Knowledge - INFO - Batch sizing: calculated=10, max_allowed=10, queue=1015, active_workers=20/20
2026-02-25 00:21:50,246 - Knowledge - INFO - [LLM_CALL] Completed: math.html:chunk1, Duration: 29713ms, PromptTokens: 7838, CompletionTokens: 59, Cost: $0.00081
2026-02-25 00:21:50,777 - Knowledge - INFO - Worker kw3 processing /app/data/newkinpogroup5515/55/b23195v/lu5-55/docs/v0.1.7/transform/rotate/index.html
2026-02-25 00:21:50,990 - Knowledge - INFO - Fast-tracked /app/data/newkinpogroup5515/55/b23195v/lu5-55/docs/v0.1.7/shapes/point/meta.json (ext=.json, size=762)
2026-02-25 00:21:51,109 - Knowledge - INFO - Fast-tracked /app/data/newkinpogroup5515/55/b23195v/lu5-55/docs/v0.1.7/shapes/vertex/meta.json (ext=.json, size=367)
2026-02-25 00:21:51,228 - Knowledge - INFO - process ingested knowledge for /app/data/newkinpogroup5515/55/b23195v/lu5-55/docs/v0.0.6/keyboard/KEY_O/index.html
2026-02-25 00:21:51,349 - Knowledge - INFO - Fast-tracked /app/data/newkinpogroup5515/55/b23195v/lu5-55/docs/v0.1.7/math/floor/meta.json (ext=.json, size=411)
2026-02-25 00:21:51,540 - Knowledge - INFO - Worker kw17 processing /app/data/newkinpogroup5515/55/b23195v/lu5-55/docs/v0.1.7/transform/scale/index.html
2026-02-25 00:21:51,778 - Knowledge - INFO - done ingest for /app/data/newkinpogroup5515/55/b23195v/lu5-55/docs/v0.0.6/math.html
2026-02-25 00:21:51,782 - Knowledge - INFO - done ingest for /app/data/newkinpogroup5515/55/b23195v/lu5-55/docs/v0.0.6/vector/Vector.print/index.html
2026-02-25 00:21:51,782 - Knowledge - INFO - done ingest for /app/data/newkinpogroup5515/55/b23195v/lu5-55/docs/v0.0.2/shapes/point/index.html
2026-02-25 00:21:51,782 - Knowledge - INFO - done ingest for /app/data/newkinpogroup5515/55/b23195v/lu5-55/docs/v0.0.6/typography/index.html
2026-02-25 00:21:51,783 - Knowledge - INFO - [kw8] Queue=1005, InProgress=0, PendingWorkers=20/20, Completed=270/1455 (18.6%)
2026-02-25 00:21:51,784 - Knowledge - INFO - Async storing batch of 10 embeddings
2026-02-25 00:21:51,874 - Knowledge - INFO - Worker kw3 processing /app/data/newkinpogroup5515/55/b23195v/lu5-55/docs/v0.1.7/transform/rotate/meta.json
2026-02-25 00:21:52,167 - Knowledge - INFO - process ingested knowledge for /app/data/newkinpogroup5515/55/b23195v/lu5-55/docs/v0.0.6/keyboard/KEY_O/meta.json
2026-02-25 00:21:52,274 - Knowledge - INFO - Worker kw18 processing /app/data/newkinpogroup5515/55/b23195v/lu5-55/docs/v0.1.7/math/sin/index.html
2026-02-25 00:21:52,507 - Knowledge - INFO - [LLM_CALL] Completed: index.html:chunk1, Duration: 126ms, PromptTokens: 4858, CompletionTokens: 59, Cost: $0.00051
2026-02-25 00:21:52,858 - Knowledge - INFO - Batch sizing: calculated=10, max_allowed=10, queue=1005, active_workers=20/20
2026-02-25 00:21:52,961 - Knowledge - INFO - Worker kw6 processing /app/data/newkinpogroup5515/55/b23195v/lu5-55/docs/v0.1.7/math/abs/index.html
2026-02-25 00:21:53,038 - Knowledge - INFO - Fast-tracked /app/data/newkinpogroup5515/55/b23195v/lu5-55/docs/v0.1.7/transform/rotate/meta.json (ext=.json, size=264)
2026-02-25 00:21:53,143 - Knowledge - INFO - process ingested knowledge for /app/data/newkinpogroup5515/55/b23195v/lu5-55/docs/v0.0.6/keyboard/KEY_G/index.html
2026-02-25 00:21:53,237 - Knowledge - INFO - Worker kw18 processing /app/data/newkinpogroup5515/55/b23195v/lu5-55/docs/v0.1.7/math/sin/meta.json
2026-02-25 00:21:53,332 - Knowledge - INFO - done ingest for /app/data/newkinpogroup5515/55/b23195v/lu5-55/docs/v0.0.6/mouse/mousePressed/index.html
2026-02-25 00:21:53,332 - Knowledge - INFO - Processing batch of 10 files
2026-02-25 00:21:53,333 - Knowledge - INFO - done ingest for /app/data/newkinpogroup5515/55/b23195v/lu5-55/docs/v0.0.2/shapes/circle/index.html
2026-02-25 00:21:53,439 - Knowledge - INFO - Async storing batch of 10 embeddings
2026-02-25 00:21:53,533 - Knowledge - INFO - Worker kw6 processing /app/data/newkinpogroup5515/55/b23195v/lu5-55/docs/v0.1.7/math/abs/meta.json
2026-02-25 00:21:53,697 - Knowledge - INFO - process ingested knowledge for /app/data/newkinpogroup5515/55/b23195v/lu5-55/docs/v0.0.6/keyboard/KEY_G/meta.json
2026-02-25 00:21:53,773 - Knowledge - INFO - Fast-tracked /app/data/newkinpogroup5515/55/b23195v/lu5-55/docs/v0.1.7/math/sin/meta.json (ext=.json, size=319)
2026-02-25 00:21:54,020 - Knowledge - INFO - process ingested knowledge for /app/data/newkinpogroup5515/55/b23195v/lu5-55/docs/v0.0.6/image/image/meta.json
2026-02-25 00:21:54,052 - Knowledge - INFO - [LLM_CALL] Completed: index.html:chunk1, Duration: 274ms, PromptTokens: 4520, CompletionTokens: 59, Cost: $0.00048
2026-02-25 00:21:54,525 - Knowledge - INFO - Worker kw8 processing /app/data/newkinpogroup5515/55/b23195v/lu5-55/docs/v0.1.7/math/cos/index.html
2026-02-25 00:21:54,617 - Knowledge - INFO - Fast-tracked /app/data/newkinpogroup5515/55/b23195v/lu5-55/docs/v0.1.7/math/abs/meta.json (ext=.json, size=337)
2026-02-25 00:21:54,630 - Knowledge - INFO - Async storage completed for 10 embeddings
2026-02-25 00:21:54,687 - Knowledge - INFO - process ingested knowledge for /app/data/newkinpogroup5515/55/b23195v/lu5-55/docs/v0.0.6/keyboard/KEY_W/index.html
2026-02-25 00:21:54,879 - Knowledge - INFO - process ingested knowledge for /app/data/newkinpogroup5515/55/b23195v/lu5-55/docs/v0.0.6/image/loadImage/index.html
2026-02-25 00:21:54,972 - Knowledge - INFO - done ingest for /app/data/newkinpogroup5515/55/b23195v/lu5-55/docs/v0.0.2/window/background/index.html
2026-02-25 00:21:54,973 - Knowledge - INFO - Processing batch of 10 files
2026-02-25 00:21:54,973 - Knowledge - INFO - done ingest for /app/data/newkinpogroup5515/55/b23195v/lu5-55/docs/v0.0.2/shapes/line/index.html
2026-02-25 00:21:55,062 - Knowledge - INFO - Worker kw8 processing /app/data/newkinpogroup5515/55/b23195v/lu5-55/docs/v0.1.7/math/cos/meta.json
2026-02-25 00:21:55,173 - Knowledge - INFO - Worker kw6 processing /app/data/newkinpogroup5515/55/b23195v/lu5-55/docs/v0.1.7/math/max/index.html
2026-02-25 00:21:55,480 - Knowledge - INFO - process ingested knowledge for /app/data/newkinpogroup5515/55/b23195v/lu5-55/docs/v0.0.6/image/loadImage/meta.json
2026-02-25 00:21:55,651 - Knowledge - INFO - Async storage completed for 10 embeddings
2026-02-25 00:21:55,659 - Knowledge - INFO - process ingested knowledge for /app/data/newkinpogroup5515/55/b23195v/lu5-55/docs/v0.0.6/mouse/mouseReleased/meta.json
2026-02-25 00:21:55,805 - Knowledge - INFO - [LLM_CALL] Completed: index.html:chunk1, Duration: 831ms, PromptTokens: 4560, CompletionTokens: 59, Cost: $0.00048
2026-02-25 00:21:55,868 - Knowledge - INFO - Fast-tracked /app/data/newkinpogroup5515/55/b23195v/lu5-55/docs/v0.1.7/math/cos/meta.json (ext=.json, size=321)
2026-02-25 00:21:55,992 - Knowledge - INFO - Worker kw6 processing /app/data/newkinpogroup5515/55/b23195v/lu5-55/docs/v0.1.7/math/max/meta.json
2026-02-25 00:21:56,124 - Knowledge - INFO - process ingested knowledge for /app/data/newkinpogroup5515/55/b23195v/lu5-55/docs/v0.0.6/image/index.html
2026-02-25 00:21:56,318 - Knowledge - INFO - process ingested knowledge for /app/data/newkinpogroup5515/55/b23195v/lu5-55/docs/v0.0.6/mouse/mouseX/index.html
2026-02-25 00:21:56,419 - Knowledge - INFO - done ingest for /app/data/newkinpogroup5515/55/b23195v/lu5-55/docs/v0.0.2/window/createWindow/index.html
2026-02-25 00:21:56,507 - Knowledge - INFO - Worker kw8 processing /app/data/newkinpogroup5515/55/b23195v/lu5-55/docs/v0.1.7/math/ceil/index.html
2026-02-25 00:21:56,605 - Knowledge - INFO - Fast-tracked /app/data/newkinpogroup5515/55/b23195v/lu5-55/docs/v0.1.7/math/max/meta.json (ext=.json, size=529)
2026-02-25 00:21:56,739 - Knowledge - INFO - process ingested knowledge for /app/data/newkinpogroup5515/55/b23195v/lu5-55/docs/v0.0.6/vector/Vector.add/index.html
2026-02-25 00:21:56,768 - Knowledge - INFO - process ingested knowledge for /app/data/newkinpogroup5515/55/b23195v/lu5-55/docs/v0.0.6/mouse/mouseX/meta.json
2026-02-25 00:21:56,778 - Knowledge - INFO - [kw4] Queue=995, InProgress=0, PendingWorkers=20/20, Completed=290/1455 (19.9%)
2026-02-25 00:21:56,865 - Knowledge - INFO - Processing batch of 10 files
2026-02-25 00:21:56,998 - Knowledge - INFO - done ingest for /app/data/newkinpogroup5515/55/b23195v/lu5-55/docs/v0.0.2/shapes/rect/index.html
2026-02-25 00:21:56,999 - Knowledge - INFO - Worker kw8 processing /app/data/newkinpogroup5515/55/b23195v/lu5-55/docs/v0.1.7/math/ceil/meta.json
2026-02-25 00:21:57,068 - Knowledge - INFO - Worker kw6 processing /app/data/newkinpogroup5515/55/b23195v/lu5-55/docs/v0.1.7/math/map/index.html
2026-02-25 00:21:57,104 - Knowledge - INFO - done ingest for /app/data/newkinpogroup5515/55/b23195v/lu5-55/docs/v0.0.2/io/index.html
2026-02-25 00:21:57,150 - Knowledge - INFO - process ingested knowledge for /app/data/newkinpogroup5515/55/b23195v/lu5-55/docs/v0.0.6/vector/Vector.add/meta.json
2026-02-25 00:21:57,239 - Knowledge - INFO - process ingested knowledge for /app/data/newkinpogroup5515/55/b23195v/lu5-55/docs/v0.0.6/mouse/mouseIsPressed/index.html
2026-02-25 00:21:57,329 - Knowledge - INFO - Batch sizing: calculated=8, max_allowed=10, queue=995, active_workers=20/20
2026-02-25 00:21:57,418 - Knowledge - INFO - process ingested knowledge for /app/data/newkinpogroup5515/55/b23195v/lu5-55/docs/v0.0.2/window/background/meta.json
2026-02-25 00:21:57,590 - Knowledge - INFO - Fast-tracked /app/data/newkinpogroup5515/55/b23195v/lu5-55/docs/v0.1.7/math/ceil/meta.json (ext=.json, size=388)
2026-02-25 00:21:57,672 - Knowledge - INFO - Worker kw6 processing /app/data/newkinpogroup5515/55/b23195v/lu5-55/docs/v0.1.7/math/map/meta.json
2026-02-25 00:21:57,925 - Knowledge - INFO - process ingested knowledge for /app/data/newkinpogroup5515/55/b23195v/lu5-55/docs/v0.0.6/vector/Vector.print/index.html
2026-02-25 00:21:57,936 - Knowledge - INFO - [LLM_CALL] Completed: index.html:chunk1, Duration: 726ms, PromptTokens: 4854, CompletionTokens: 59, Cost: $0.00051
2026-02-25 00:21:58,023 - Knowledge - INFO - process ingested knowledge for /app/data/newkinpogroup5515/55/b23195v/lu5-55/docs/v0.0.6/mouse/mouseIsPressed/meta.json
2026-02-25 00:21:58,249 - Knowledge - INFO - process ingested knowledge for /app/data/newkinpogroup5515/55/b23195v/lu5-55/docs/v0.0.2/window/createWindow/index.html
2026-02-25 00:21:58,335 - Knowledge - INFO - Worker kw8 processing /app/data/newkinpogroup5515/55/b23195v/lu5-55/docs/v0.1.7/math/tan/index.html
2026-02-25 00:21:58,418 - Knowledge - INFO - Fast-tracked /app/data/newkinpogroup5515/55/b23195v/lu5-55/docs/v0.1.7/math/map/meta.json (ext=.json, size=717)
2026-02-25 00:21:58,524 - Knowledge - INFO - process ingested knowledge for /app/data/newkinpogroup5515/55/b23195v/lu5-55/docs/v0.0.6/vector/Vector.print/meta.json
2026-02-25 00:21:58,611 - Knowledge - INFO - done ingest for /app/data/newkinpogroup5515/55/b23195v/lu5-55/docs/v0.0.6/vector/createVector/index.html
2026-02-25 00:21:58,612 - Knowledge - INFO - Async storing batch of 10 embeddings
2026-02-25 00:21:58,710 - Knowledge - INFO - process ingested knowledge for /app/data/newkinpogroup5515/55/b23195v/lu5-55/docs/v0.0.6/mouse/index.html
2026-02-25 00:21:58,824 - Knowledge - INFO - done ingest for /app/data/newkinpogroup5515/55/b23195v/lu5-55/docs/v0.0.2/shapes/square/index.html
2026-02-25 00:21:58,831 - Knowledge - INFO - process ingested knowledge for /app/data/newkinpogroup5515/55/b23195v/lu5-55/docs/v0.0.2/window/createWindow/meta.json
2026-02-25 00:21:58,919 - Knowledge - INFO - Worker kw8 processing /app/data/newkinpogroup5515/55/b23195v/lu5-55/docs/v0.1.7/math/tan/meta.json
2026-02-25 00:21:58,997 - Knowledge - INFO - Worker kw6 processing /app/data/newkinpogroup5515/55/b23195v/lu5-55/docs/v0.1.7/math/constrain/index.html
2026-02-25 00:21:59,074 - Knowledge - INFO - process ingested knowledge for /app/data/newkinpogroup5515/55/b23195v/lu5-55/docs/v0.0.6/vector/Vector.mult/index.html
2026-02-25 00:21:59,290 - Knowledge - INFO - Worker kw4 processing /app/data/newkinpogroup5515/55/b23195v/lu5-55/docs/v0.1.7/setting/strokeWeight/index.html
2026-02-25 00:21:59,397 - Knowledge - INFO - process ingested knowledge for /app/data/newkinpogroup5515/55/b23195v/lu5-55/docs/v0.0.6/mouse/mousePressed/index.html
2026-02-25 00:21:59,600 - Knowledge - INFO - process ingested knowledge for /app/data/newkinpogroup5515/55/b23195v/lu5-55/docs/v0.0.2/window/index.html
2026-02-25 00:21:59,699 - Knowledge - INFO - Fast-tracked /app/data/newkinpogroup5515/55/b23195v/lu5-55/docs/v0.1.7/math/tan/meta.json (ext=.json, size=322)
2026-02-25 00:21:59,787 - Knowledge - INFO - Worker kw6 processing /app/data/newkinpogroup5515/55/b23195v/lu5-55/docs/v0.1.7/math/constrain/meta.json
2026-02-25 00:21:59,889 - Knowledge - INFO - process ingested knowledge for /app/data/newkinpogroup5515/55/b23195v/lu5-55/docs/v0.0.6/vector/Vector.mult/meta.json
2026-02-25 00:22:00,016 - Knowledge - INFO - Worker kw4 processing /app/data/newkinpogroup5515/55/b23195v/lu5-55/docs/v0.1.7/setting/strokeWeight/meta.json
2026-02-25 00:22:00,089 - Knowledge - INFO - process ingested knowledge for /app/data/newkinpogroup5515/55/b23195v/lu5-55/docs/v0.0.6/mouse/mousePressed/meta.json
2026-02-25 00:22:00,220 - Knowledge - INFO - process ingested knowledge for /app/data/newkinpogroup5515/55/b23195v/lu5-55/docs/v0.0.2/shapes/line/index.html
2026-02-25 00:22:00,340 - Knowledge - INFO - Worker kw8 processing /app/data/newkinpogroup5515/55/b23195v/lu5-55/docs/v0.1.7/math/index.html
2026-02-25 00:22:00,397 - Knowledge - INFO - done ingest for /app/data/newkinpogroup5515/55/b23195v/lu5-55/docs/v0.0.2/io/print/index.html
2026-02-25 00:22:00,454 - Knowledge - INFO - Fast-tracked /app/data/newkinpogroup5515/55/b23195v/lu5-55/docs/v0.1.7/math/constrain/meta.json (ext=.json, size=439)
2026-02-25 00:22:00,593 - Knowledge - INFO - [LLM_CALL] Completed: io.html:chunk1, Duration: 36257ms, PromptTokens: 3236, CompletionTokens: 59, Cost: $0.00035
2026-02-25 00:22:00,715 - Knowledge - INFO - Fast-tracked /app/data/newkinpogroup5515/55/b23195v/lu5-55/docs/v0.1.7/setting/strokeWeight/meta.json (ext=.json, size=346)
2026-02-25 00:22:00,837 - Knowledge - INFO - process ingested knowledge for /app/data/newkinpogroup5515/55/b23195v/lu5-55/docs/v0.0.6/math.html
2026-02-25 00:22:01,023 - Knowledge - INFO - process ingested knowledge for /app/data/newkinpogroup5515/55/b23195v/lu5-55/docs/v0.0.2/shapes/line/meta.json
2026-02-25 00:22:01,035 - Knowledge - INFO - Worker kw8 processing /app/data/newkinpogroup5515/55/b23195v/lu5-55/docs/v0.1.7/classes/class/index.html
2026-02-25 00:22:01,207 - Knowledge - INFO - Worker kw6 processing /app/data/newkinpogroup5515/55/b23195v/lu5-55/docs/v0.1.7/math/random/index.html
2026-02-25 00:22:01,284 - Knowledge - INFO - done ingest for /app/data/newkinpogroup5515/55/b23195v/lu5-55/docs/v0.0.6/io.html
2026-02-25 00:22:01,372 - Knowledge - INFO - Worker kw4 processing /app/data/newkinpogroup5515/55/b23195v/lu5-55/docs/v0.1.7/setting/push/index.html
2026-02-25 00:22:01,472 - Knowledge - INFO - process ingested knowledge for /app/data/newkinpogroup5515/55/b23195v/lu5-55/docs/v0.0.6/image/image/index.html
2026-02-25 00:22:01,630 - Knowledge - INFO - process ingested knowledge for /app/data/newkinpogroup5515/55/b23195v/lu5-55/docs/v0.0.2/shapes/circle/index.html
2026-02-25 00:22:01,654 - Knowledge - INFO - Worker kw8 processing /app/data/newkinpogroup5515/55/b23195v/lu5-55/docs/v0.1.7/classes/class/meta.json
2026-02-25 00:22:01,749 - Knowledge - INFO - Worker kw6 processing /app/data/newkinpogroup5515/55/b23195v/lu5-55/docs/v0.1.7/math/random/meta.json
2026-02-25 00:22:01,964 - Knowledge - INFO - Worker kw4 processing /app/data/newkinpogroup5515/55/b23195v/lu5-55/docs/v0.1.7/setting/push/meta.json
2026-02-25 00:22:02,162 - Knowledge - INFO - [LLM_CALL] Completed: index.html:chunk1, Duration: 591ms, PromptTokens: 4276, CompletionTokens: 59, Cost: $0.00045
2026-02-25 00:22:02,166 - Knowledge - INFO - process ingested knowledge for /app/data/newkinpogroup5515/55/b23195v/lu5-55/docs/v0.0.2/shapes/circle/meta.json
2026-02-25 00:22:02,276 - Knowledge - INFO - Fast-tracked /app/data/newkinpogroup5515/55/b23195v/lu5-55/docs/v0.1.7/classes/class/meta.json (ext=.json, size=856)
2026-02-25 00:22:02,380 - Knowledge - INFO - Fast-tracked /app/data/newkinpogroup5515/55/b23195v/lu5-55/docs/v0.1.7/math/random/meta.json (ext=.json, size=843)
2026-02-25 00:22:02,536 - Knowledge - INFO - Fast-tracked /app/data/newkinpogroup5515/55/b23195v/lu5-55/docs/v0.1.7/setting/push/meta.json (ext=.json, size=982)
2026-02-25 00:22:02,613 - Knowledge - INFO - done ingest for /app/data/newkinpogroup5515/55/b23195v/lu5-55/docs/v0.0.2/shapes/arc/index.html
2026-02-25 00:22:02,660 - Knowledge - INFO - [WEBSOCKET] Sent: Type=progress_update, Size: 295, Duration: 0ms
2026-02-25 00:22:02,713 - Knowledge - INFO - process ingested knowledge for /app/data/newkinpogroup5515/55/b23195v/lu5-55/docs/v0.0.2/shapes/point/index.html
2026-02-25 00:22:02,826 - Knowledge - INFO - Worker kw8 processing /app/data/newkinpogroup5515/55/b23195v/lu5-55/docs/v0.1.7/classes/index.html
2026-02-25 00:22:03,009 - Knowledge - INFO - Worker kw4 processing /app/data/newkinpogroup5515/55/b23195v/lu5-55/docs/v0.1.7/setting/background/index.html
2026-02-25 00:22:03,195 - Knowledge - INFO - [LLM_CALL] Completed: index.html:chunk1, Duration: 1ms, PromptTokens: 4814, CompletionTokens: 59, Cost: $0.00051
2026-02-25 00:22:03,313 - Knowledge - INFO - process ingested knowledge for /app/data/newkinpogroup5515/55/b23195v/lu5-55/docs/v0.0.2/shapes/point/meta.json
2026-02-25 00:22:03,554 - Knowledge - INFO - Worker kw4 processing /app/data/newkinpogroup5515/55/b23195v/lu5-55/docs/v0.1.7/setting/background/meta.json
2026-02-25 00:22:03,653 - Knowledge - INFO - done ingest for /app/data/newkinpogroup5515/55/b23195v/lu5-55/docs/v0.0.6/typography/text/index.html
2026-02-25 00:22:03,657 - Knowledge - INFO - [WEBSOCKET] Sent: Type=unknown, Size: ?, Duration: 997ms
2026-02-25 00:22:03,873 - Knowledge - INFO - Fast-tracked /app/data/newkinpogroup5515/55/b23195v/lu5-55/docs/v0.1.7/setting/background/meta.json (ext=.json, size=1047)
2026-02-25 00:22:04,037 - Knowledge - INFO - Progress: 20.6% | Files: 310/1455 | Rate: 1.41 files/sec | Queue: 987
2026-02-25 00:22:04,038 - Knowledge - INFO - [LLM_CALL] Completed: window.html:chunk1, Duration: 45157ms, PromptTokens: 4108, CompletionTokens: 59, Cost: $0.00043
2026-02-25 00:22:04,122 - Knowledge - INFO - Worker kw4 processing /app/data/newkinpogroup5515/55/b23195v/lu5-55/docs/v0.1.7/setting/stroke/index.html
2026-02-25 00:22:04,232 - Knowledge - INFO - [kw13] Queue=987, InProgress=0, PendingWorkers=20/20, Completed=310/1455 (21.3%)
2026-02-25 00:22:04,342 - Knowledge - INFO - [kw9] Queue=987, InProgress=0, PendingWorkers=20/20, Completed=310/1455 (21.3%)
2026-02-25 00:22:04,341 - Knowledge - INFO - done ingest for /app/data/newkinpogroup5515/55/b23195v/lu5-55/docs/v0.0.6/window.html
2026-02-25 00:22:04,342 - Knowledge - INFO - Processing batch of 10 files
2026-02-25 00:22:04,479 - Knowledge - INFO - Worker kw4 processing /app/data/newkinpogroup5515/55/b23195v/lu5-55/docs/v0.1.7/setting/stroke/meta.json
2026-02-25 00:22:04,563 - Knowledge - INFO - Batch sizing: calculated=8, max_allowed=10, queue=987, active_workers=20/20
2026-02-25 00:22:04,637 - Knowledge - INFO - Batch sizing: calculated=8, max_allowed=10, queue=987, active_workers=20/20
2026-02-25 00:22:04,868 - Knowledge - INFO - process ingested knowledge for /app/data/newkinpogroup5515/55/b23195v/lu5-55/docs/v0.0.6/typography/textFont/meta.json
2026-02-25 00:22:04,959 - Knowledge - INFO - Fast-tracked /app/data/newkinpogroup5515/55/b23195v/lu5-55/docs/v0.1.7/setting/stroke/meta.json (ext=.json, size=897)
2026-02-25 00:22:05,141 - Knowledge - INFO - Async storing batch of 10 embeddings
2026-02-25 00:22:05,141 - Knowledge - INFO - Async storing batch of 10 embeddings
2026-02-25 00:22:05,215 - Knowledge - INFO - [kw7] Queue=971, InProgress=0, PendingWorkers=20/20, Completed=310/1455 (21.3%)
2026-02-25 00:22:05,223 - Knowledge - INFO - process ingested knowledge for /app/data/newkinpogroup5515/55/b23195v/lu5-55/docs/v0.0.6/typography/text/index.html
2026-02-25 00:22:05,491 - Knowledge - INFO - Worker kw13 processing /app/data/newkinpogroup5515/55/b23195v/lu5-55/docs/v0.1.7/setting/noFill/index.html
2026-02-25 00:22:05,499 - Knowledge - INFO - [LLM_CALL] Completed: index.html:chunk1, Duration: 146ms, PromptTokens: 4276, CompletionTokens: 59, Cost: $0.00045
2026-02-25 00:22:05,604 - Knowledge - INFO - Worker kw9 processing /app/data/newkinpogroup5515/55/b23195v/lu5-55/docs/v0.1.7/setting/index.html
2026-02-25 00:22:05,720 - Knowledge - INFO - Batch sizing: calculated=8, max_allowed=10, queue=971, active_workers=20/20
2026-02-25 00:22:05,831 - Knowledge - INFO - process ingested knowledge for /app/data/newkinpogroup5515/55/b23195v/lu5-55/docs/v0.0.6/typography/text/meta.json
2026-02-25 00:22:05,944 - Knowledge - INFO - Worker kw13 processing /app/data/newkinpogroup5515/55/b23195v/lu5-55/docs/v0.1.7/setting/noFill/meta.json
2026-02-25 00:22:06,032 - Knowledge - INFO - done ingest for /app/data/newkinpogroup5515/55/b23195v/lu5-55/docs/v0.0.2/shapes/triangle/index.html
2026-02-25 00:22:06,124 - Knowledge - INFO - Worker kw9 processing /app/data/newkinpogroup5515/55/b23195v/lu5-55/docs/v0.1.7/setting/fill/index.html
2026-02-25 00:22:06,257 - Knowledge - INFO - [LLM_CALL] Completed: index.html:chunk1, Duration: 216ms, PromptTokens: 4708, CompletionTokens: 59, Cost: $0.00049
2026-02-25 00:22:06,261 - Knowledge - INFO - Async storing batch of 10 embeddings
2026-02-25 00:22:06,365 - Knowledge - INFO - process ingested knowledge for /app/data/newkinpogroup5515/55/b23195v/lu5-55/docs/v0.0.6/typography/index.html
2026-02-25 00:22:06,466 - Knowledge - INFO - Fast-tracked /app/data/newkinpogroup5515/55/b23195v/lu5-55/docs/v0.1.7/setting/noFill/meta.json (ext=.json, size=260)
2026-02-25 00:22:06,683 - Knowledge - INFO - Worker kw9 processing /app/data/newkinpogroup5515/55/b23195v/lu5-55/docs/v0.1.7/setting/fill/meta.json
2026-02-25 00:22:06,762 - Knowledge - INFO - done ingest for /app/data/newkinpogroup5515/55/b23195v/lu5-55/docs/v0.0.6/typography/textFont/index.html
2026-02-25 00:22:06,874 - Knowledge - INFO - Worker kw7 processing /app/data/newkinpogroup5515/55/b23195v/lu5-55/docs/v0.1.7/keyboard/keyReleased/meta.json
2026-02-25 00:22:06,983 - Knowledge - INFO - process ingested knowledge for /app/data/newkinpogroup5515/55/b23195v/lu5-55/docs/v0.0.6/typography/loadFont/index.html
2026-02-25 00:22:07,057 - Knowledge - INFO - Worker kw13 processing /app/data/newkinpogroup5515/55/b23195v/lu5-55/docs/v0.1.7/setting/debugMode/index.html
2026-02-25 00:22:07,157 - Knowledge - INFO - Fast-tracked /app/data/newkinpogroup5515/55/b23195v/lu5-55/docs/v0.1.7/setting/fill/meta.json (ext=.json, size=1010)
2026-02-25 00:22:07,371 - Knowledge - INFO - Fast-tracked /app/data/newkinpogroup5515/55/b23195v/lu5-55/docs/v0.1.7/keyboard/keyReleased/meta.json (ext=.json, size=752)
2026-02-25 00:22:07,449 - Knowledge - INFO - process ingested knowledge for /app/data/newkinpogroup5515/55/b23195v/lu5-55/docs/v0.0.6/typography/loadFont/meta.json
2026-02-25 00:22:07,533 - Knowledge - INFO - Worker kw13 processing /app/data/newkinpogroup5515/55/b23195v/lu5-55/docs/v0.1.7/setting/debugMode/meta.json
2026-02-25 00:22:07,641 - Knowledge - INFO - Worker kw9 processing /app/data/newkinpogroup5515/55/b23195v/lu5-55/docs/v0.1.7/setting/pop/index.html
2026-02-25 00:22:07,751 - Knowledge - INFO - Worker kw7 processing /app/data/newkinpogroup5515/55/b23195v/lu5-55/docs/v0.1.7/keyboard/keyIsDown/index.html
2026-02-25 00:22:07,875 - Knowledge - INFO - process ingested knowledge for /app/data/newkinpogroup5515/55/b23195v/lu5-55/docs/v0.0.2/io/print/index.html
2026-02-25 00:22:07,965 - Knowledge - INFO - Fast-tracked /app/data/newkinpogroup5515/55/b23195v/lu5-55/docs/v0.1.7/setting/debugMode/meta.json (ext=.json, size=796)
2026-02-25 00:22:08,038 - Knowledge - INFO - Worker kw9 processing /app/data/newkinpogroup5515/55/b23195v/lu5-55/docs/v0.1.7/setting/pop/meta.json
2026-02-25 00:22:08,157 - Knowledge - INFO - [LLM_CALL] Completed: index.html:chunk1, Duration: 1168ms, PromptTokens: 4286, CompletionTokens: 59, Cost: $0.00045
2026-02-25 00:22:08,162 - Knowledge - INFO - Worker kw7 processing /app/data/newkinpogroup5515/55/b23195v/lu5-55/docs/v0.1.7/keyboard/keyIsDown/meta.json
2026-02-25 00:22:08,239 - Knowledge - INFO - process ingested knowledge for /app/data/newkinpogroup5515/55/b23195v/lu5-55/docs/v0.0.2/io/print/meta.json
2026-02-25 00:22:08,329 - Knowledge - INFO - Worker kw13 processing /app/data/newkinpogroup5515/55/b23195v/lu5-55/docs/v0.1.7/setting/noStroke/index.html
2026-02-25 00:22:08,412 - Knowledge - INFO - Fast-tracked /app/data/newkinpogroup5515/55/b23195v/lu5-55/docs/v0.1.7/setting/pop/meta.json (ext=.json, size=342)
2026-02-25 00:22:08,532 - Knowledge - INFO - done ingest for /app/data/newkinpogroup5515/55/b23195v/lu5-55/docs/v0.0.2/shapes/ellipse/index.html
2026-02-25 00:22:08,612 - Knowledge - INFO - Fast-tracked /app/data/newkinpogroup5515/55/b23195v/lu5-55/docs/v0.1.7/keyboard/keyIsDown/meta.json (ext=.json, size=677)
2026-02-25 00:22:08,703 - Knowledge - INFO - process ingested knowledge for /app/data/newkinpogroup5515/55/b23195v/lu5-55/docs/v0.0.2/io/index.html
2026-02-25 00:22:08,826 - Knowledge - INFO - Worker kw13 processing /app/data/newkinpogroup5515/55/b23195v/lu5-55/docs/v0.1.7/setting/noStroke/meta.json
2026-02-25 00:22:08,920 - Knowledge - INFO - Worker kw9 processing /app/data/newkinpogroup5515/55/b23195v/lu5-55/docs/v0.1.7/keyboard/keyHeld/index.html
2026-02-25 00:22:09,071 - Knowledge - INFO - done ingest for /app/data/newkinpogroup5515/55/b23195v/lu5-55/docs/v0.0.6/typography/textSize/index.html
2026-02-25 00:22:09,083 - Knowledge - INFO - Processing batch of 10 files
2026-02-25 00:22:09,166 - Knowledge - INFO - Worker kw7 processing /app/data/newkinpogroup5515/55/b23195v/lu5-55/docs/v0.1.7/keyboard/index.html
2026-02-25 00:22:09,246 - Knowledge - INFO - process ingested knowledge for /app/data/newkinpogroup5515/55/b23195v/lu5-55/docs/v0.0.2/window/background/index.html
2026-02-25 00:22:09,370 - Knowledge - INFO - Fast-tracked /app/data/newkinpogroup5515/55/b23195v/lu5-55/docs/v0.1.7/setting/noStroke/meta.json (ext=.json, size=206)
2026-02-25 00:22:09,465 - Knowledge - INFO - Worker kw9 processing /app/data/newkinpogroup5515/55/b23195v/lu5-55/docs/v0.1.7/keyboard/keyHeld/meta.json
2026-02-25 00:22:09,621 - Knowledge - INFO - process ingested knowledge for /app/data/newkinpogroup5515/55/b23195v/lu5-55/docs/v0.0.2/shapes/triangle/index.html
2026-02-25 00:22:09,728 - Knowledge - INFO - Worker kw7 processing /app/data/newkinpogroup5515/55/b23195v/lu5-55/docs/v0.1.7/keyboard/keyPressed/index.html
2026-02-25 00:22:09,935 - Knowledge - INFO - Worker kw13 processing /app/data/newkinpogroup5515/55/b23195v/lu5-55/docs/v0.1.7/setting/rectMode/index.html
2026-02-25 00:22:10,040 - Knowledge - INFO - Fast-tracked /app/data/newkinpogroup5515/55/b23195v/lu5-55/docs/v0.1.7/keyboard/keyHeld/meta.json (ext=.json, size=735)
2026-02-25 00:22:10,137 - Knowledge - INFO - process ingested knowledge for /app/data/newkinpogroup5515/55/b23195v/lu5-55/docs/v0.0.2/shapes/triangle/meta.json
2026-02-25 00:22:10,222 - Knowledge - INFO - Worker kw7 processing /app/data/newkinpogroup5515/55/b23195v/lu5-55/docs/v0.1.7/keyboard/keyPressed/meta.json
2026-02-25 00:22:10,332 - Knowledge - INFO - Worker kw13 processing /app/data/newkinpogroup5515/55/b23195v/lu5-55/docs/v0.1.7/setting/rectMode/meta.json
2026-02-25 00:22:10,440 - Knowledge - INFO - Worker kw9 processing /app/data/newkinpogroup5515/55/b23195v/lu5-55/docs/v0.1.7/keyboard/keyReleased/index.html
2026-02-25 00:22:10,542 - Knowledge - INFO - process ingested knowledge for /app/data/newkinpogroup5515/55/b23195v/lu5-55/docs/v0.0.2/shapes/arc/index.html
2026-02-25 00:22:10,628 - Knowledge - INFO - Fast-tracked /app/data/newkinpogroup5515/55/b23195v/lu5-55/docs/v0.1.7/keyboard/keyPressed/meta.json (ext=.json, size=745)
2026-02-25 00:22:10,740 - Knowledge - INFO - Fast-tracked /app/data/newkinpogroup5515/55/b23195v/lu5-55/docs/v0.1.7/setting/rectMode/meta.json (ext=.json, size=930)
2026-02-25 00:22:11,027 - Knowledge - INFO - process ingested knowledge for /app/data/newkinpogroup5515/55/b23195v/lu5-55/docs/v0.0.2/shapes/arc/meta.json
2026-02-25 00:22:11,032 - Knowledge - INFO - Worker kw7 processing /app/data/newkinpogroup5515/55/b23195v/lu5-55/docs/v0.1.7/modules.json
2026-02-25 00:22:11,266 - Knowledge - INFO - process ingested knowledge for /app/data/newkinpogroup5515/55/b23195v/lu5-55/docs/v0.0.2/shapes/ellipse/index.html
2026-02-25 00:22:11,310 - Knowledge - INFO - [kw15] Queue=963, InProgress=0, PendingWorkers=20/20, Completed=320/1455 (22.0%)
2026-02-25 00:22:11,336 - Knowledge - INFO - Fast-tracked /app/data/newkinpogroup5515/55/b23195v/lu5-55/docs/v0.1.7/modules.json (ext=.json, size=3538)
2026-02-25 00:22:11,452 - Knowledge - INFO - process ingested knowledge for /app/data/newkinpogroup5515/55/b23195v/lu5-55/docs/v0.0.2/shapes/ellipse/meta.json
2026-02-25 00:22:11,552 - Knowledge - INFO - Batch sizing: calculated=8, max_allowed=10, queue=963, active_workers=20/20
2026-02-25 00:22:11,661 - Knowledge - INFO - Worker kw7 processing /app/data/newkinpogroup5515/55/b23195v/lu5-55/docs/v0.1.7/mouse/pmouseY/index.html
2026-02-25 00:22:11,736 - Knowledge - INFO - process ingested knowledge for /app/data/newkinpogroup5515/55/b23195v/lu5-55/docs/v0.0.2/shapes/rect/index.html
2026-02-25 00:22:11,819 - Knowledge - INFO - Async storing batch of 10 embeddings
2026-02-25 00:22:12,011 - Knowledge - INFO - process ingested knowledge for /app/data/newkinpogroup5515/55/b23195v/lu5-55/docs/v0.0.2/shapes/rect/meta.json
2026-02-25 00:22:12,102 - Knowledge - INFO - Worker kw15 processing /app/data/newkinpogroup5515/55/b23195v/lu5-55/docs/v0.1.7/mouse/pmouseY/meta.json
2026-02-25 00:22:12,224 - Knowledge - INFO - process ingested knowledge for /app/data/newkinpogroup5515/55/b23195v/lu5-55/docs/v0.0.2/shapes/square/index.html
2026-02-25 00:22:12,345 - Knowledge - INFO - Fast-tracked /app/data/newkinpogroup5515/55/b23195v/lu5-55/docs/v0.1.7/mouse/pmouseY/meta.json (ext=.json, size=236)
2026-02-25 00:22:12,412 - Knowledge - INFO - [LLM_CALL] Completed: index.html:chunk1, Duration: 487ms, PromptTokens: 6230, CompletionTokens: 52, Cost: $0.00064
2026-02-25 00:22:12,494 - Knowledge - INFO - process ingested knowledge for /app/data/newkinpogroup5515/55/b23195v/lu5-55/docs/v0.0.2/shapes/square/meta.json
2026-02-25 00:22:12,609 - Knowledge - INFO - Worker kw15 processing /app/data/newkinpogroup5515/55/b23195v/lu5-55/docs/v0.1.7/mouse/mouseY/index.html
2026-02-25 00:22:12,711 - Knowledge - INFO - done ingest for /app/data/newkinpogroup5515/55/b23195v/lu5-55/docs/v0.0.6/vector/index.html
2026-02-25 00:22:12,895 - Knowledge - INFO - Worker kw15 processing /app/data/newkinpogroup5515/55/b23195v/lu5-55/docs/v0.1.7/mouse/mouseY/meta.json
2026-02-25 00:22:13,057 - Knowledge - INFO - Fast-tracked /app/data/newkinpogroup5515/55/b23195v/lu5-55/docs/v0.1.7/mouse/mouseY/meta.json (ext=.json, size=356)
2026-02-25 00:22:13,231 - Knowledge - INFO - Worker kw15 processing /app/data/newkinpogroup5515/55/b23195v/lu5-55/docs/v0.1.7/mouse/mouseReleased/index.html
2026-02-25 00:22:13,405 - Knowledge - INFO - Worker kw15 processing /app/data/newkinpogroup5515/55/b23195v/lu5-55/docs/v0.1.7/mouse/mouseReleased/meta.json
2026-02-25 00:22:13,593 - Knowledge - INFO - Fast-tracked /app/data/newkinpogroup5515/55/b23195v/lu5-55/docs/v0.1.7/mouse/mouseReleased/meta.json (ext=.json, size=728)
2026-02-25 00:22:13,786 - Knowledge - INFO - Worker kw15 processing /app/data/newkinpogroup5515/55/b23195v/lu5-55/docs/v0.1.7/mouse/mouseWheel/index.html
2026-02-25 00:22:13,998 - Knowledge - INFO - Worker kw15 processing /app/data/newkinpogroup5515/55/b23195v/lu5-55/docs/v0.1.7/mouse/mouseWheel/meta.json
2026-02-25 00:22:14,176 - Knowledge - INFO - Fast-tracked /app/data/newkinpogroup5515/55/b23195v/lu5-55/docs/v0.1.7/mouse/mouseWheel/meta.json (ext=.json, size=727)
2026-02-25 00:22:14,258 - Knowledge - INFO - [kw20] Queue=955, InProgress=0, PendingWorkers=20/20, Completed=320/1455 (22.0%)
2026-02-25 00:22:14,344 - Knowledge - INFO - Worker kw15 processing /app/data/newkinpogroup5515/55/b23195v/lu5-55/docs/v0.1.7/mouse/pmouseX/index.html
2026-02-25 00:22:14,452 - Knowledge - INFO - Batch sizing: calculated=8, max_allowed=10, queue=955, active_workers=20/20
2026-02-25 00:22:14,632 - Knowledge - INFO - Async storing batch of 10 embeddings
2026-02-25 00:22:14,803 - Knowledge - INFO - Worker kw20 processing /app/data/newkinpogroup5515/55/b23195v/lu5-55/docs/v0.1.7/mouse/pmouseX/meta.json
2026-02-25 00:22:14,963 - Knowledge - INFO - [LLM_CALL] Completed: shapes.html:chunk1, Duration: 39658ms, PromptTokens: 5798, CompletionTokens: 59, Cost: $0.00060
2026-02-25 00:22:14,977 - Knowledge - INFO - Fast-tracked /app/data/newkinpogroup5515/55/b23195v/lu5-55/docs/v0.1.7/mouse/pmouseX/meta.json (ext=.json, size=236)
2026-02-25 00:22:15,151 - Knowledge - INFO - done ingest for /app/data/newkinpogroup5515/55/b23195v/lu5-55/docs/v0.0.6/shapes.html
2026-02-25 00:22:15,232 - Knowledge - INFO - Worker kw20 processing /app/data/newkinpogroup5515/55/b23195v/lu5-55/docs/v0.1.7/mouse/mouseX/index.html
2026-02-25 00:22:15,475 - Knowledge - INFO - Worker kw20 processing /app/data/newkinpogroup5515/55/b23195v/lu5-55/docs/v0.1.7/mouse/mouseX/meta.json
2026-02-25 00:22:15,681 - Knowledge - INFO - Fast-tracked /app/data/newkinpogroup5515/55/b23195v/lu5-55/docs/v0.1.7/mouse/mouseX/meta.json (ext=.json, size=358)
2026-02-25 00:22:15,880 - Knowledge - INFO - Worker kw20 processing /app/data/newkinpogroup5515/55/b23195v/lu5-55/docs/v0.1.7/mouse/mouseIsPressed/index.html
2026-02-25 00:22:16,067 - Knowledge - INFO - Worker kw20 processing /app/data/newkinpogroup5515/55/b23195v/lu5-55/docs/v0.1.7/mouse/mouseIsPressed/meta.json
2026-02-25 00:22:16,261 - Knowledge - INFO - Fast-tracked /app/data/newkinpogroup5515/55/b23195v/lu5-55/docs/v0.1.7/mouse/mouseIsPressed/meta.json (ext=.json, size=310)
2026-02-25 00:22:16,436 - Knowledge - INFO - Worker kw20 processing /app/data/newkinpogroup5515/55/b23195v/lu5-55/docs/v0.1.7/mouse/index.html
2026-02-25 00:22:16,603 - Knowledge - INFO - Worker kw20 processing /app/data/newkinpogroup5515/55/b23195v/lu5-55/docs/v0.1.7/mouse/mousePressed/index.html
2026-02-25 00:22:16,769 - Knowledge - INFO - Worker kw20 processing /app/data/newkinpogroup5515/55/b23195v/lu5-55/docs/v0.1.7/mouse/mousePressed/meta.json
2026-02-25 00:22:16,951 - Knowledge - INFO - Fast-tracked /app/data/newkinpogroup5515/55/b23195v/lu5-55/docs/v0.1.7/mouse/mousePressed/meta.json (ext=.json, size=721)
2026-02-25 00:22:17,428 - Knowledge - INFO - [LLM_CALL] Completed: index.html:chunk1, Duration: 311ms, PromptTokens: 8712, CompletionTokens: 59, Cost: $0.00089
2026-02-25 00:22:17,645 - Knowledge - INFO - done ingest for /app/data/newkinpogroup5515/55/b23195v/lu5-55/docs/v0.0.6/index.html
2026-02-25 00:22:17,847 - Knowledge - INFO - Processing batch of 10 files
2026-02-25 00:22:18,019 - Knowledge - INFO - process ingested knowledge for /app/data/newkinpogroup5515/55/b23195v/lu5-55/docs/v0.0.6/vector/index.html
2026-02-25 00:22:18,222 - Knowledge - INFO - process ingested knowledge for /app/data/newkinpogroup5515/55/b23195v/lu5-55/docs/v0.0.6/vector/createVector/index.html
2026-02-25 00:22:18,383 - Knowledge - INFO - process ingested knowledge for /app/data/newkinpogroup5515/55/b23195v/lu5-55/docs/v0.0.6/vector/createVector/meta.json
2026-02-25 00:22:18,575 - Knowledge - INFO - process ingested knowledge for /app/data/newkinpogroup5515/55/b23195v/lu5-55/docs/v0.0.6/window.html
2026-02-25 00:22:18,764 - Knowledge - INFO - process ingested knowledge for /app/data/newkinpogroup5515/55/b23195v/lu5-55/docs/v0.0.6/io.html
2026-02-25 00:22:18,926 - Knowledge - INFO - process ingested knowledge for /app/data/newkinpogroup5515/55/b23195v/lu5-55/docs/v0.0.6/index.html
2026-02-25 00:22:19,117 - Knowledge - INFO - process ingested knowledge for /app/data/newkinpogroup5515/55/b23195v/lu5-55/docs/v0.0.6/shapes.html
2026-02-25 00:22:19,328 - Knowledge - INFO - process ingested knowledge for /app/data/newkinpogroup5515/55/b23195v/lu5-55/docs/v0.0.6/typography/textSize/index.html
2026-02-25 00:22:19,533 - Knowledge - INFO - process ingested knowledge for /app/data/newkinpogroup5515/55/b23195v/lu5-55/docs/v0.0.6/typography/textSize/meta.json
2026-02-25 00:22:19,717 - Knowledge - INFO - process ingested knowledge for /app/data/newkinpogroup5515/55/b23195v/lu5-55/docs/v0.0.6/typography/textFont/index.html
2026-02-25 00:22:20,959 - Knowledge - INFO - [WEBSOCKET] Sent: Type=progress_update, Size: 296, Duration: 0ms
2026-02-25 00:22:21,162 - Knowledge - INFO - [WEBSOCKET] Sent: Type=unknown, Size: ?, Duration: 203ms
2026-02-25 00:22:21,311 - Knowledge - INFO - Progress: 22.7% | Files: 330/1455 | Rate: 1.39 files/sec | Queue: 947
2026-02-25 00:22:21,487 - Knowledge - INFO - [kw12] Queue=947, InProgress=0, PendingWorkers=20/20, Completed=330/1455 (22.7%)
2026-02-25 00:22:21,725 - Knowledge - INFO - Batch sizing: calculated=8, max_allowed=10, queue=947, active_workers=20/20
2026-02-25 00:22:21,946 - Knowledge - INFO - Async storing batch of 10 embeddings
2026-02-25 00:22:22,157 - Knowledge - INFO - Worker kw12 processing /app/data/newkinpogroup5515/55/b23195v/lu5-55/docs/v0.1.7/camera/orbitControl/index.html
2026-02-25 00:22:22,321 - Knowledge - INFO - Worker kw12 processing /app/data/newkinpogroup5515/55/b23195v/lu5-55/docs/v0.1.7/camera/orbitControl/meta.json
2026-02-25 00:22:22,494 - Knowledge - INFO - Fast-tracked /app/data/newkinpogroup5515/55/b23195v/lu5-55/docs/v0.1.7/camera/orbitControl/meta.json (ext=.json, size=599)
2026-02-25 00:22:22,660 - Knowledge - INFO - Worker kw12 processing /app/data/newkinpogroup5515/55/b23195v/lu5-55/docs/v0.1.7/camera/index.html
2026-02-25 00:22:22,868 - Knowledge - INFO - Worker kw12 processing /app/data/newkinpogroup5515/55/b23195v/lu5-55/docs/v0.1.7/image/Image.crop/index.html
2026-02-25 00:22:23,048 - Knowledge - INFO - Worker kw12 processing /app/data/newkinpogroup5515/55/b23195v/lu5-55/docs/v0.1.7/image/Image.crop/meta.json
2026-02-25 00:22:23,217 - Knowledge - INFO - Fast-tracked /app/data/newkinpogroup5515/55/b23195v/lu5-55/docs/v0.1.7/image/Image.crop/meta.json (ext=.json, size=870)
2026-02-25 00:22:23,401 - Knowledge - INFO - Worker kw12 processing /app/data/newkinpogroup5515/55/b23195v/lu5-55/docs/v0.1.7/image/image/index.html
2026-02-25 00:22:23,616 - Knowledge - INFO - Worker kw12 processing /app/data/newkinpogroup5515/55/b23195v/lu5-55/docs/v0.1.7/image/image/meta.json
2026-02-25 00:22:23,786 - Knowledge - INFO - Fast-tracked /app/data/newkinpogroup5515/55/b23195v/lu5-55/docs/v0.1.7/image/image/meta.json (ext=.json, size=559)
2026-02-25 00:22:23,985 - Knowledge - INFO - Worker kw12 processing /app/data/newkinpogroup5515/55/b23195v/lu5-55/docs/v0.1.7/image/loadImage/index.html
2026-02-25 00:22:25,174 - Knowledge - INFO - Async storage completed for 10 embeddings
2026-02-25 00:22:27,724 - Knowledge - INFO - [LLM_CALL] Completed: index.html:chunk1, Duration: 2639ms, PromptTokens: 4542, CompletionTokens: 59, Cost: $0.00048
2026-02-25 00:22:27,912 - Knowledge - INFO - done ingest for /app/data/newkinpogroup5515/55/b23195v/lu5-55/docs/v0.0.2/loaders/loadFont/index.html
2026-02-25 00:22:30,367 - Knowledge - INFO - [LLM_CALL] Completed: index.html:chunk1, Duration: 2455ms, PromptTokens: 4404, CompletionTokens: 59, Cost: $0.00046
2026-02-25 00:22:30,555 - Knowledge - INFO - done ingest for /app/data/newkinpogroup5515/55/b23195v/lu5-55/docs/v0.0.2/math/round/index.html
2026-02-25 00:22:32,946 - Knowledge - INFO - [LLM_CALL] Completed: index.html:chunk1, Duration: 1383ms, PromptTokens: 4866, CompletionTokens: 59, Cost: $0.00051
2026-02-25 00:22:33,135 - Knowledge - INFO - done ingest for /app/data/newkinpogroup5515/55/b23195v/lu5-55/docs/v0.0.2/shapes/quad/index.html
2026-02-25 00:22:35,337 - Knowledge - INFO - [LLM_CALL] Completed: index.html:chunk1, Duration: 1320ms, PromptTokens: 4604, CompletionTokens: 59, Cost: $0.00048
2026-02-25 00:22:35,503 - Knowledge - INFO - done ingest for /app/data/newkinpogroup5515/55/b23195v/lu5-55/docs/v0.0.2/shapes/text/index.html
2026-02-25 00:22:37,710 - Knowledge - INFO - done ingest for /app/data/newkinpogroup5515/55/b23195v/lu5-55/docs/v0.0.2/shapes/index.html
2026-02-25 00:22:41,739 - Knowledge - INFO - [LLM_CALL] Completed: index.html:chunk1, Duration: 866ms, PromptTokens: 4346, CompletionTokens: 59, Cost: $0.00046
2026-02-25 00:22:41,951 - Knowledge - INFO - done ingest for /app/data/newkinpogroup5515/55/b23195v/lu5-55/docs/v0.0.2/loaders/index.html
2026-02-25 00:22:42,134 - Knowledge - INFO - Processing batch of 10 files
2026-02-25 00:22:42,337 - Knowledge - INFO - process ingested knowledge for /app/data/newkinpogroup5515/55/b23195v/lu5-55/docs/v0.0.2/shapes/text/index.html
2026-02-25 00:22:42,549 - Knowledge - INFO - process ingested knowledge for /app/data/newkinpogroup5515/55/b23195v/lu5-55/docs/v0.0.2/shapes/text/meta.json
2026-02-25 00:22:42,704 - Knowledge - INFO - process ingested knowledge for /app/data/newkinpogroup5515/55/b23195v/lu5-55/docs/v0.0.2/shapes/quad/index.html
2026-02-25 00:22:42,884 - Knowledge - INFO - process ingested knowledge for /app/data/newkinpogroup5515/55/b23195v/lu5-55/docs/v0.0.2/shapes/quad/meta.json
2026-02-25 00:22:43,102 - Knowledge - INFO - process ingested knowledge for /app/data/newkinpogroup5515/55/b23195v/lu5-55/docs/v0.0.2/shapes/index.html
2026-02-25 00:22:43,270 - Knowledge - INFO - process ingested knowledge for /app/data/newkinpogroup5515/55/b23195v/lu5-55/docs/v0.0.2/loaders/index.html
2026-02-25 00:22:43,484 - Knowledge - INFO - process ingested knowledge for /app/data/newkinpogroup5515/55/b23195v/lu5-55/docs/v0.0.2/loaders/loadFont/index.html
2026-02-25 00:22:43,676 - Knowledge - INFO - process ingested knowledge for /app/data/newkinpogroup5515/55/b23195v/lu5-55/docs/v0.0.2/loaders/loadFont/meta.json
2026-02-25 00:22:43,877 - Knowledge - INFO - process ingested knowledge for /app/data/newkinpogroup5515/55/b23195v/lu5-55/docs/v0.0.2/math/round/index.html
2026-02-25 00:22:44,097 - Knowledge - INFO - process ingested knowledge for /app/data/newkinpogroup5515/55/b23195v/lu5-55/docs/v0.0.2/math/round/meta.json
2026-02-25 00:22:45,397 - Knowledge - INFO - [kw16] Queue=939, InProgress=0, PendingWorkers=20/20, Completed=340/1455 (23.4%)
2026-02-25 00:22:45,583 - Knowledge - INFO - Batch sizing: calculated=8, max_allowed=10, queue=939, active_workers=20/20
2026-02-25 00:22:45,772 - Knowledge - INFO - Async storing batch of 10 embeddings
2026-02-25 00:22:45,985 - Knowledge - INFO - Worker kw16 processing /app/data/newkinpogroup5515/55/b23195v/lu5-55/docs/v0.1.7/image/loadImage/meta.json
2026-02-25 00:22:46,210 - Knowledge - INFO - Fast-tracked /app/data/newkinpogroup5515/55/b23195v/lu5-55/docs/v0.1.7/image/loadImage/meta.json (ext=.json, size=515)
2026-02-25 00:22:46,359 - Knowledge - INFO - Worker kw16 processing /app/data/newkinpogroup5515/55/b23195v/lu5-55/docs/v0.1.7/image/index.html
2026-02-25 00:22:46,571 - Knowledge - INFO - Worker kw16 processing /app/data/newkinpogroup5515/55/b23195v/lu5-55/docs/v0.1.7/vector/Vector.dot/index.html
2026-02-25 00:22:46,769 - Knowledge - INFO - Worker kw16 processing /app/data/newkinpogroup5515/55/b23195v/lu5-55/docs/v0.1.7/vector/Vector.dot/meta.json
2026-02-25 00:22:46,987 - Knowledge - INFO - Fast-tracked /app/data/newkinpogroup5515/55/b23195v/lu5-55/docs/v0.1.7/vector/Vector.dot/meta.json (ext=.json, size=586)
2026-02-25 00:22:47,182 - Knowledge - INFO - Worker kw16 processing /app/data/newkinpogroup5515/55/b23195v/lu5-55/docs/v0.1.7/vector/Vector.div/index.html
2026-02-25 00:22:47,339 - Knowledge - INFO - Worker kw16 processing /app/data/newkinpogroup5515/55/b23195v/lu5-55/docs/v0.1.7/vector/Vector.div/meta.json
2026-02-25 00:22:47,497 - Knowledge - INFO - Fast-tracked /app/data/newkinpogroup5515/55/b23195v/lu5-55/docs/v0.1.7/vector/Vector.div/meta.json (ext=.json, size=658)
2026-02-25 00:22:47,704 - Knowledge - INFO - Worker kw16 processing /app/data/newkinpogroup5515/55/b23195v/lu5-55/docs/v0.1.7/vector/Vector.copy/index.html
2026-02-25 00:22:47,917 - Knowledge - INFO - Worker kw16 processing /app/data/newkinpogroup5515/55/b23195v/lu5-55/docs/v0.1.7/vector/Vector.copy/meta.json
2026-02-25 00:22:48,078 - Knowledge - INFO - Fast-tracked /app/data/newkinpogroup5515/55/b23195v/lu5-55/docs/v0.1.7/vector/Vector.copy/meta.json (ext=.json, size=383)
2026-02-25 00:22:56,704 - Knowledge - INFO - Async storage completed for 10 embeddings
2026-02-25 00:22:56,901 - Knowledge - WARNING - Timeout processing /app/data/newkinpogroup5515/55/b23195v/lu5-55/docs/v0.0.2/math/index.html after 90s - using fallback metadata
2026-02-25 00:22:57,114 - Knowledge - WARNING - Timeout processing /app/data/newkinpogroup5515/55/b23195v/lu5-55/docs/v0.0.2/setting/strokeWeight/index.html after 90s - using fallback metadata
2026-02-25 00:22:59,051 - Knowledge - INFO - Async storage completed for 10 embeddings
2026-02-25 00:22:59,368 - Knowledge - WARNING - Timeout processing /app/data/newkinpogroup5515/55/b23195v/lu5-55/docs/v0.0.2/setting/noStroke/index.html after 90s - using fallback metadata
2026-02-25 00:22:59,629 - Knowledge - INFO - [LLM_CALL] Completed: index.html:chunk1, Duration: 932ms, PromptTokens: 4538, CompletionTokens: 59, Cost: $0.00048
2026-02-25 00:22:59,832 - Knowledge - INFO - done ingest for /app/data/newkinpogroup5515/55/b23195v/lu5-55/docs/v0.0.2/setting/textFont/index.html
2026-02-25 00:23:02,146 - Knowledge - INFO - [LLM_CALL] Completed: index.html:chunk1, Duration: 806ms, PromptTokens: 4430, CompletionTokens: 59, Cost: $0.00047
2026-02-25 00:23:02,324 - Knowledge - INFO - done ingest for /app/data/newkinpogroup5515/55/b23195v/lu5-55/docs/v0.0.2/setting/textSize/index.html
2026-02-25 00:23:03,749 - Knowledge - INFO - done ingest for /app/data/newkinpogroup5515/55/b23195v/lu5-55/docs/v0.0.2/events/index.html
2026-02-25 00:23:04,720 - Knowledge - INFO - done ingest for /app/data/newkinpogroup5515/55/b23195v/lu5-55/docs/v0.0.2/setting/stroke/index.html
2026-02-25 00:23:06,082 - Knowledge - INFO - [LLM_CALL] Completed: index.html:chunk1, Duration: 668ms, PromptTokens: 4620, CompletionTokens: 59, Cost: $0.00049
2026-02-25 00:23:06,276 - Knowledge - INFO - done ingest for /app/data/newkinpogroup5515/55/b23195v/lu5-55/docs/v0.0.2/events/isKeyDown/index.html
2026-02-25 00:23:07,088 - Knowledge - INFO - [LLM_CALL] Completed: index.html:chunk1, Duration: 380ms, PromptTokens: 4264, CompletionTokens: 59, Cost: $0.00045
2026-02-25 00:23:07,288 - Knowledge - INFO - done ingest for /app/data/newkinpogroup5515/55/b23195v/lu5-55/docs/v0.0.2/setting/noFill/index.html
2026-02-25 00:23:07,509 - Knowledge - INFO - Processing batch of 10 files
2026-02-25 00:23:07,708 - Knowledge - INFO - process ingested knowledge for /app/data/newkinpogroup5515/55/b23195v/lu5-55/docs/v0.0.2/math/index.html
2026-02-25 00:23:07,866 - Knowledge - INFO - process ingested knowledge for /app/data/newkinpogroup5515/55/b23195v/lu5-55/docs/v0.0.2/setting/strokeWeight/index.html
2026-02-25 00:23:08,024 - Knowledge - INFO - process ingested knowledge for /app/data/newkinpogroup5515/55/b23195v/lu5-55/docs/v0.0.2/setting/strokeWeight/meta.json
2026-02-25 00:23:08,191 - Knowledge - INFO - process ingested knowledge for /app/data/newkinpogroup5515/55/b23195v/lu5-55/docs/v0.0.2/setting/textSize/index.html
2026-02-25 00:23:08,387 - Knowledge - INFO - process ingested knowledge for /app/data/newkinpogroup5515/55/b23195v/lu5-55/docs/v0.0.2/setting/textSize/meta.json
2026-02-25 00:23:08,593 - Knowledge - INFO - process ingested knowledge for /app/data/newkinpogroup5515/55/b23195v/lu5-55/docs/v0.0.2/setting/stroke/index.html
2026-02-25 00:23:08,597 - Knowledge - INFO - [LLM_CALL] Completed: index.html:chunk1, Duration: 193ms, PromptTokens: 6640, CompletionTokens: 59, Cost: $0.00069
2026-02-25 00:23:08,788 - Knowledge - INFO - process ingested knowledge for /app/data/newkinpogroup5515/55/b23195v/lu5-55/docs/v0.0.2/setting/stroke/meta.json
2026-02-25 00:23:08,905 - Knowledge - INFO - done ingest for /app/data/newkinpogroup5515/55/b23195v/lu5-55/docs/v0.0.2/setting/index.html
2026-02-25 00:23:09,000 - Knowledge - INFO - process ingested knowledge for /app/data/newkinpogroup5515/55/b23195v/lu5-55/docs/v0.0.2/setting/noFill/index.html
2026-02-25 00:23:09,184 - Knowledge - INFO - process ingested knowledge for /app/data/newkinpogroup5515/55/b23195v/lu5-55/docs/v0.0.2/setting/noFill/meta.json
2026-02-25 00:23:09,381 - Knowledge - INFO - process ingested knowledge for /app/data/newkinpogroup5515/55/b23195v/lu5-55/docs/v0.0.2/setting/textFont/index.html
2026-02-25 00:23:09,608 - Knowledge - INFO - Async storage completed for 10 embeddings
2026-02-25 00:23:09,839 - Knowledge - WARNING - Timeout processing /app/data/newkinpogroup5515/55/b23195v/lu5-55/docs/v0.1.7/shapes/beginShape/index.html after 90s - using fallback metadata
2026-02-25 00:23:09,999 - Knowledge - WARNING - Timeout processing /app/data/newkinpogroup5515/55/b23195v/lu5-55/docs/v0.1.7/shapes/triangle/index.html after 90s - using fallback metadata
2026-02-25 00:23:10,579 - Knowledge - INFO - [kw11] Queue=931, InProgress=0, PendingWorkers=20/20, Completed=350/1455 (24.1%)
2026-02-25 00:23:10,798 - Knowledge - INFO - Async storage completed for 10 embeddings
2026-02-25 00:23:10,800 - Knowledge - INFO - Batch sizing: calculated=8, max_allowed=10, queue=931, active_workers=20/20
2026-02-25 00:23:11,034 - Knowledge - INFO - done ingest for /app/data/newkinpogroup5515/55/b23195v/lu5-55/docs/v0.0.2/setting/fill/index.html
2026-02-25 00:23:11,063 - Knowledge - WARNING - Timeout processing /app/data/newkinpogroup5515/55/b23195v/lu5-55/docs/v0.1.7/models/index.html after 90s - using fallback metadata
2026-02-25 00:23:11,140 - Knowledge - INFO - Async storing batch of 10 embeddings
2026-02-25 00:23:11,267 - Knowledge - INFO - Processing batch of 10 files
2026-02-25 00:23:11,327 - Knowledge - WARNING - Timeout processing /app/data/newkinpogroup5515/55/b23195v/lu5-55/docs/v0.1.7/shapes/line/index.html after 90s - using fallback metadata
2026-02-25 00:23:11,413 - Knowledge - INFO - Worker kw11 processing /app/data/newkinpogroup5515/55/b23195v/lu5-55/docs/v0.1.7/vector/Vector.add/index.html
2026-02-25 00:23:11,525 - Knowledge - INFO - process ingested knowledge for /app/data/newkinpogroup5515/55/b23195v/lu5-55/docs/v0.0.2/setting/textFont/meta.json
2026-02-25 00:23:11,680 - Knowledge - INFO - Async storage completed for 10 embeddings
2026-02-25 00:23:11,687 - Knowledge - WARNING - Timeout processing /app/data/newkinpogroup5515/55/b23195v/lu5-55/docs/v0.1.7/shapes/endShape/index.html after 90s - using fallback metadata
2026-02-25 00:23:11,720 - Knowledge - INFO - Worker kw11 processing /app/data/newkinpogroup5515/55/b23195v/lu5-55/docs/v0.1.7/vector/Vector.add/meta.json
2026-02-25 00:23:11,833 - Knowledge - INFO - process ingested knowledge for /app/data/newkinpogroup5515/55/b23195v/lu5-55/docs/v0.0.2/setting/noStroke/index.html
2026-02-25 00:23:11,963 - Knowledge - WARNING - Timeout processing /app/data/newkinpogroup5515/55/b23195v/lu5-55/docs/v0.0.2/index.html after 90s - using fallback metadata
2026-02-25 00:23:12,153 - Knowledge - INFO - Fast-tracked /app/data/newkinpogroup5515/55/b23195v/lu5-55/docs/v0.1.7/vector/Vector.add/meta.json (ext=.json, size=656)
2026-02-25 00:23:12,239 - Knowledge - INFO - process ingested knowledge for /app/data/newkinpogroup5515/55/b23195v/lu5-55/docs/v0.0.2/setting/noStroke/meta.json
2026-02-25 00:23:12,362 - Knowledge - WARNING - Timeout processing /app/data/newkinpogroup5515/55/b23195v/lu5-55/docs/v0.1.7/io/loadStrings/index.html after 90s - using fallback metadata
2026-02-25 00:23:12,476 - Knowledge - INFO - Worker kw11 processing /app/data/newkinpogroup5515/55/b23195v/lu5-55/docs/v0.1.7/vector/Vector.print/index.html
2026-02-25 00:23:12,599 - Knowledge - INFO - process ingested knowledge for /app/data/newkinpogroup5515/55/b23195v/lu5-55/docs/v0.0.2/setting/index.html
2026-02-25 00:23:12,757 - Knowledge - INFO - [LLM_CALL] Completed: index.html:chunk1, Duration: 205ms, PromptTokens: 5722, CompletionTokens: 59, Cost: $0.00060
2026-02-25 00:23:12,759 - Knowledge - WARNING - Timeout processing /app/data/newkinpogroup5515/55/b23195v/lu5-55/docs/v0.1.7/io/loadText/index.html after 90s - using fallback metadata
2026-02-25 00:23:12,853 - Knowledge - INFO - Worker kw11 processing /app/data/newkinpogroup5515/55/b23195v/lu5-55/docs/v0.1.7/vector/Vector.print/meta.json
2026-02-25 00:23:12,888 - Knowledge - INFO - Async storage completed for 10 embeddings
2026-02-25 00:23:12,947 - Knowledge - INFO - process ingested knowledge for /app/data/newkinpogroup5515/55/b23195v/lu5-55/docs/v0.0.2/setting/fill/index.html
2026-02-25 00:23:12,974 - Knowledge - INFO - Async storage completed for 10 embeddings
2026-02-25 00:23:13,049 - Knowledge - INFO - done ingest for /app/data/newkinpogroup5515/55/b23195v/lu5-55/docs/v0.1.7/shapes/ellipse/index.html
2026-02-25 00:23:13,150 - Knowledge - WARNING - Timeout processing /app/data/newkinpogroup5515/55/b23195v/lu5-55/docs/v0.1.7/io/print/index.html after 90s - using fallback metadata
2026-02-25 00:23:13,233 - Knowledge - INFO - Fast-tracked /app/data/newkinpogroup5515/55/b23195v/lu5-55/docs/v0.1.7/vector/Vector.print/meta.json (ext=.json, size=553)
2026-02-25 00:23:13,370 - Knowledge - WARNING - Timeout processing /app/data/newkinpogroup5515/55/b23195v/lu5-55/docs/v0.1.7/window/createWindow/index.html after 90s - using fallback metadata
2026-02-25 00:23:13,439 - Knowledge - INFO - process ingested knowledge for /app/data/newkinpogroup5515/55/b23195v/lu5-55/docs/v0.0.2/setting/fill/meta.json
2026-02-25 00:23:13,748 - Knowledge - WARNING - Timeout processing /app/data/newkinpogroup5515/55/b23195v/lu5-55/docs/v0.1.7/io/index.html after 90s - using fallback metadata
2026-02-25 00:23:13,838 - Knowledge - INFO - Worker kw11 processing /app/data/newkinpogroup5515/55/b23195v/lu5-55/docs/v0.1.7/vector/Vector.idiv/index.html
2026-02-25 00:23:13,917 - Knowledge - WARNING - Timeout processing /app/data/newkinpogroup5515/55/b23195v/lu5-55/docs/v0.1.7/window/loop/index.html after 90s - using fallback metadata
2026-02-25 00:23:13,991 - Knowledge - INFO - process ingested knowledge for /app/data/newkinpogroup5515/55/b23195v/lu5-55/docs/v0.0.2/modules.json
2026-02-25 00:23:14,077 - Knowledge - WARNING - Timeout processing /app/data/newkinpogroup5515/55/b23195v/lu5-55/docs/v0.1.7/window/width/index.html after 90s - using fallback metadata
2026-02-25 00:23:14,153 - Knowledge - INFO - Worker kw11 processing /app/data/newkinpogroup5515/55/b23195v/lu5-55/docs/v0.1.7/vector/Vector.idiv/meta.json
2026-02-25 00:23:14,235 - Knowledge - WARNING - Timeout processing /app/data/newkinpogroup5515/55/b23195v/lu5-55/docs/v0.1.7/window/windowResized/index.html after 90s - using fallback metadata
2026-02-25 00:23:14,322 - Knowledge - INFO - process ingested knowledge for /app/data/newkinpogroup5515/55/b23195v/lu5-55/docs/v0.0.2/events/isKeyDown/index.html
2026-02-25 00:23:14,442 - Knowledge - INFO - Processing batch of 10 files
2026-02-25 00:23:14,565 - Knowledge - INFO - Async storage completed for 10 embeddings
2026-02-25 00:23:14,627 - Knowledge - INFO - Fast-tracked /app/data/newkinpogroup5515/55/b23195v/lu5-55/docs/v0.1.7/vector/Vector.idiv/meta.json (ext=.json, size=664)
2026-02-25 00:23:14,789 - Knowledge - INFO - process ingested knowledge for /app/data/newkinpogroup5515/55/b23195v/lu5-55/docs/v0.0.2/events/isKeyDown/meta.json
2026-02-25 00:23:14,880 - Knowledge - INFO - process ingested knowledge for /app/data/newkinpogroup5515/55/b23195v/lu5-55/docs/v0.0.2/index.html
2026-02-25 00:23:15,051 - Knowledge - INFO - Worker kw11 processing /app/data/newkinpogroup5515/55/b23195v/lu5-55/docs/v0.1.7/vector/Vector.mult/index.html
2026-02-25 00:23:15,161 - Knowledge - INFO - process ingested knowledge for /app/data/newkinpogroup5515/55/b23195v/lu5-55/docs/v0.0.2/events/index.html
2026-02-25 00:23:15,267 - Knowledge - INFO - done ingest for /app/data/newkinpogroup5515/55/b23195v/lu5-55/docs/v0.1.7/shapes/circle/index.html
2026-02-25 00:23:15,292 - Knowledge - INFO - process ingested knowledge for /app/data/newkinpogroup5515/55/b23195v/lu5-55/docs/v0.1.7/io/loadStrings/index.html
2026-02-25 00:23:15,363 - Knowledge - INFO - done ingest for /app/data/newkinpogroup5515/55/b23195v/lu5-55/docs/v0.1.7/shapes/arc/index.html
2026-02-25 00:23:15,431 - Knowledge - INFO - Worker kw11 processing /app/data/newkinpogroup5515/55/b23195v/lu5-55/docs/v0.1.7/vector/Vector.mult/meta.json
2026-02-25 00:23:15,493 - Knowledge - INFO - Async storage completed for 10 embeddings
2026-02-25 00:23:15,828 - Knowledge - INFO - done ingest for /app/data/newkinpogroup5515/55/b23195v/lu5-55/docs/v0.1.7/setting/noStroke/index.html
2026-02-25 00:23:15,897 - Knowledge - INFO - process ingested knowledge for /app/data/newkinpogroup5515/55/b23195v/lu5-55/docs/v0.1.7/io/loadStrings/meta.json
2026-02-25 00:23:15,924 - Knowledge - INFO - Fast-tracked /app/data/newkinpogroup5515/55/b23195v/lu5-55/docs/v0.1.7/vector/Vector.mult/meta.json (ext=.json, size=674)
2026-02-25 00:23:16,044 - Knowledge - WARNING - Timeout processing /app/data/newkinpogroup5515/55/b23195v/lu5-55/docs/v0.1.7/transform/translate/index.html after 90s - using fallback metadata
2026-02-25 00:23:16,231 - Knowledge - INFO - process ingested knowledge for /app/data/newkinpogroup5515/55/b23195v/lu5-55/docs/v0.1.7/io/loadText/index.html
2026-02-25 00:23:16,398 - Knowledge - WARNING - Timeout processing /app/data/newkinpogroup5515/55/b23195v/lu5-55/docs/v0.1.7/transform/rotateZ/index.html after 90s - using fallback metadata
2026-02-25 00:23:16,535 - Knowledge - INFO - process ingested knowledge for /app/data/newkinpogroup5515/55/b23195v/lu5-55/docs/v0.1.7/io/loadText/meta.json
2026-02-25 00:23:16,742 - Knowledge - WARNING - Timeout processing /app/data/newkinpogroup5515/55/b23195v/lu5-55/docs/v0.1.7/transform/index.html after 90s - using fallback metadata
2026-02-25 00:23:16,746 - Knowledge - INFO - [LLM_CALL] Completed: index.html:chunk1, Duration: 448ms, PromptTokens: 5006, CompletionTokens: 59, Cost: $0.00052
2026-02-25 00:23:16,751 - Knowledge - INFO - process ingested knowledge for /app/data/newkinpogroup5515/55/b23195v/lu5-55/docs/v0.1.7/io/print/index.html
2026-02-25 00:23:17,067 - Knowledge - INFO - done ingest for /app/data/newkinpogroup5515/55/b23195v/lu5-55/docs/v0.1.7/window/deltaTime/index.html
2026-02-25 00:23:17,067 - Knowledge - INFO - done ingest for /app/data/newkinpogroup5515/55/b23195v/lu5-55/docs/v0.1.7/setting/background/index.html
2026-02-25 00:23:17,220 - Knowledge - INFO - process ingested knowledge for /app/data/newkinpogroup5515/55/b23195v/lu5-55/docs/v0.1.7/io/print/meta.json
2026-02-25 00:23:17,241 - Knowledge - INFO - [WEBSOCKET] Sent: Type=progress_update, Size: 294, Duration: 0ms
2026-02-25 00:23:17,521 - Knowledge - INFO - process ingested knowledge for /app/data/newkinpogroup5515/55/b23195v/lu5-55/docs/v0.1.7/io/index.html
2026-02-25 00:23:17,611 - Knowledge - INFO - done ingest for /app/data/newkinpogroup5515/55/b23195v/lu5-55/docs/v0.1.7/shapes/point/index.html
2026-02-25 00:23:17,614 - Knowledge - INFO - [WEBSOCKET] Sent: Type=unknown, Size: ?, Duration: 373ms
2026-02-25 00:23:17,737 - Knowledge - INFO - process ingested knowledge for /app/data/newkinpogroup5515/55/b23195v/lu5-55/docs/v0.1.7/window/width/index.html
2026-02-25 00:23:18,017 - Knowledge - INFO - Progress: 25.4% | Files: 380/1455 | Rate: 1.29 files/sec | Queue: 923
2026-02-25 00:23:18,018 - Knowledge - INFO - [LLM_CALL] Completed: index.html:chunk1, Duration: 406ms, PromptTokens: 5242, CompletionTokens: 59, Cost: $0.00055
2026-02-25 00:23:18,123 - Knowledge - INFO - process ingested knowledge for /app/data/newkinpogroup5515/55/b23195v/lu5-55/docs/v0.1.7/window/width/meta.json
2026-02-25 00:23:18,209 - Knowledge - INFO - [kw10] Queue=923, InProgress=0, PendingWorkers=20/20, Completed=380/1455 (26.1%)
2026-02-25 00:23:18,288 - Knowledge - INFO - Async storage completed for 10 embeddings
2026-02-25 00:23:18,302 - Knowledge - INFO - done ingest for /app/data/newkinpogroup5515/55/b23195v/lu5-55/docs/v0.1.7/setting/debugMode/index.html
2026-02-25 00:23:18,302 - Knowledge - INFO - Processing batch of 10 files
2026-02-25 00:23:18,531 - Knowledge - INFO - Batch sizing: calculated=8, max_allowed=10, queue=923, active_workers=20/20
2026-02-25 00:23:18,678 - Knowledge - WARNING - Timeout processing /app/data/newkinpogroup5515/55/b23195v/lu5-55/docs/v0.1.7/math/round/index.html after 90s - using fallback metadata
2026-02-25 00:23:18,681 - Knowledge - INFO - done ingest for /app/data/newkinpogroup5515/55/b23195v/lu5-55/docs/v0.1.7/transform/rotateX/index.html
2026-02-25 00:23:18,865 - Knowledge - INFO - done ingest for /app/data/newkinpogroup5515/55/b23195v/lu5-55/docs/v0.1.7/window/height/index.html
2026-02-25 00:23:18,908 - Knowledge - INFO - process ingested knowledge for /app/data/newkinpogroup5515/55/b23195v/lu5-55/docs/v0.1.7/models/model/meta.json
2026-02-25 00:23:18,988 - Knowledge - INFO - done ingest for /app/data/newkinpogroup5515/55/b23195v/lu5-55/docs/v0.1.7/shapes/vertex/index.html
2026-02-25 00:23:19,025 - Knowledge - INFO - Async storing batch of 10 embeddings
2026-02-25 00:23:19,179 - Knowledge - WARNING - Timeout processing /app/data/newkinpogroup5515/55/b23195v/lu5-55/docs/v0.1.7/math/min/index.html after 90s - using fallback metadata
2026-02-25 00:23:19,247 - Knowledge - INFO - done ingest for /app/data/newkinpogroup5515/55/b23195v/lu5-55/docs/v0.1.7/setting/push/index.html
2026-02-25 00:23:19,377 - Knowledge - INFO - Processing batch of 10 files
2026-02-25 00:23:19,456 - Knowledge - INFO - process ingested knowledge for /app/data/newkinpogroup5515/55/b23195v/lu5-55/docs/v0.1.7/models/index.html
2026-02-25 00:23:19,577 - Knowledge - INFO - Processing batch of 10 files
2026-02-25 00:23:19,681 - Knowledge - INFO - Worker kw10 processing /app/data/newkinpogroup5515/55/b23195v/lu5-55/docs/v0.1.7/vector/Vector/index.html
2026-02-25 00:23:19,798 - Knowledge - WARNING - Timeout processing /app/data/newkinpogroup5515/55/b23195v/lu5-55/docs/v0.1.7/math/randomSeed/index.html after 90s - using fallback metadata
2026-02-25 00:23:19,952 - Knowledge - INFO - [kw14] Queue=915, InProgress=0, PendingWorkers=20/20, Completed=400/1455 (27.5%)
2026-02-25 00:23:19,983 - Knowledge - INFO - process ingested knowledge for /app/data/newkinpogroup5515/55/b23195v/lu5-55/docs/v0.1.7/window/createWindow/index.html
2026-02-25 00:23:20,090 - Knowledge - INFO - process ingested knowledge for /app/data/newkinpogroup5515/55/b23195v/lu5-55/docs/v0.1.7/shapes/line/index.html
2026-02-25 00:23:20,125 - Knowledge - INFO - Async storage completed for 10 embeddings
2026-02-25 00:23:20,159 - Knowledge - INFO - process ingested knowledge for /app/data/newkinpogroup5515/55/b23195v/lu5-55/docs/v0.1.7/shapes/beginShape/index.html
2026-02-25 00:23:20,314 - Knowledge - INFO - Worker kw10 processing /app/data/newkinpogroup5515/55/b23195v/lu5-55/docs/v0.1.7/vector/Vector/meta.json
2026-02-25 00:23:20,333 - Knowledge - INFO - done ingest for /app/data/newkinpogroup5515/55/b23195v/lu5-55/docs/v0.1.7/setting/noFill/index.html
2026-02-25 00:23:20,395 - Knowledge - WARNING - Timeout processing /app/data/newkinpogroup5515/55/b23195v/lu5-55/docs/v0.1.7/math/floor/index.html after 90s - using fallback metadata
2026-02-25 00:23:20,506 - Knowledge - INFO - done ingest for /app/data/newkinpogroup5515/55/b23195v/lu5-55/docs/v0.1.7/transform/rotate/index.html
2026-02-25 00:23:20,507 - Knowledge - INFO - Batch sizing: calculated=8, max_allowed=10, queue=915, active_workers=20/20
2026-02-25 00:23:20,604 - Knowledge - INFO - process ingested knowledge for /app/data/newkinpogroup5515/55/b23195v/lu5-55/docs/v0.1.7/window/createWindow/meta.json
2026-02-25 00:23:20,706 - Knowledge - INFO - process ingested knowledge for /app/data/newkinpogroup5515/55/b23195v/lu5-55/docs/v0.1.7/shapes/line/meta.json
2026-02-25 00:23:20,828 - Knowledge - WARNING - Timeout processing /app/data/newkinpogroup5515/55/b23195v/lu5-55/docs/v0.1.7/window/index.html after 90s - using fallback metadata
2026-02-25 00:23:20,927 - Knowledge - INFO - process ingested knowledge for /app/data/newkinpogroup5515/55/b23195v/lu5-55/docs/v0.1.7/shapes/beginShape/meta.json
2026-02-25 00:23:21,014 - Knowledge - INFO - Fast-tracked /app/data/newkinpogroup5515/55/b23195v/lu5-55/docs/v0.1.7/vector/Vector/meta.json (ext=.json, size=457)
2026-02-25 00:23:21,274 - Knowledge - INFO - Processing batch of 10 files
2026-02-25 00:23:21,360 - Knowledge - INFO - Async storing batch of 10 embeddings
2026-02-25 00:23:21,475 - Knowledge - INFO - process ingested knowledge for /app/data/newkinpogroup5515/55/b23195v/lu5-55/docs/v0.1.7/window/loop/index.html
2026-02-25 00:23:21,507 - Knowledge - INFO - done ingest for /app/data/newkinpogroup5515/55/b23195v/lu5-55/docs/v0.1.7/setting/strokeWeight/index.html
2026-02-25 00:23:21,607 - Knowledge - INFO - process ingested knowledge for /app/data/newkinpogroup5515/55/b23195v/lu5-55/docs/v0.1.7/shapes/endShape/index.html
2026-02-25 00:23:21,693 - Knowledge - WARNING - Timeout processing /app/data/newkinpogroup5515/55/b23195v/lu5-55/docs/v0.1.7/window/noLoop/index.html after 90s - using fallback metadata
2026-02-25 00:23:21,791 - Knowledge - INFO - process ingested knowledge for /app/data/newkinpogroup5515/55/b23195v/lu5-55/docs/v0.1.7/shapes/triangle/index.html
2026-02-25 00:23:21,880 - Knowledge - INFO - Worker kw10 processing /app/data/newkinpogroup5515/55/b23195v/lu5-55/docs/v0.1.7/vector/Vector.sub/index.html
2026-02-25 00:23:21,980 - Knowledge - INFO - process ingested knowledge for /app/data/newkinpogroup5515/55/b23195v/lu5-55/docs/v0.1.7/transform/scale/meta.json
2026-02-25 00:23:22,061 - Knowledge - INFO - Async storage completed for 10 embeddings
2026-02-25 00:23:22,062 - Knowledge - INFO - Worker kw14 processing /app/data/newkinpogroup5515/55/b23195v/lu5-55/docs/v0.1.7/shapes3D/plane/meta.json
2026-02-25 00:23:22,174 - Knowledge - INFO - process ingested knowledge for /app/data/newkinpogroup5515/55/b23195v/lu5-55/docs/v0.1.7/window/loop/meta.json
2026-02-25 00:23:22,353 - Knowledge - INFO - process ingested knowledge for /app/data/newkinpogroup5515/55/b23195v/lu5-55/docs/v0.1.7/shapes/endShape/meta.json
2026-02-25 00:23:22,474 - Knowledge - WARNING - Timeout processing /app/data/newkinpogroup5515/55/b23195v/lu5-55/docs/v0.1.7/window/frameRate/index.html after 90s - using fallback metadata
2026-02-25 00:23:22,482 - Knowledge - INFO - [LLM_CALL] Completed: index.html:chunk1, Duration: 685ms, PromptTokens: 7286, CompletionTokens: 59, Cost: $0.00075
2026-02-25 00:23:22,580 - Knowledge - INFO - process ingested knowledge for /app/data/newkinpogroup5515/55/b23195v/lu5-55/docs/v0.1.7/shapes/triangle/meta.json
2026-02-25 00:23:22,653 - Knowledge - INFO - Worker kw10 processing /app/data/newkinpogroup5515/55/b23195v/lu5-55/docs/v0.1.7/vector/Vector.sub/meta.json
2026-02-25 00:23:22,777 - Knowledge - INFO - process ingested knowledge for /app/data/newkinpogroup5515/55/b23195v/lu5-55/docs/v0.1.7/transform/translate/index.html
2026-02-25 00:23:23,008 - Knowledge - INFO - Fast-tracked /app/data/newkinpogroup5515/55/b23195v/lu5-55/docs/v0.1.7/shapes3D/plane/meta.json (ext=.json, size=449)
2026-02-25 00:23:23,129 - Knowledge - INFO - process ingested knowledge for /app/data/newkinpogroup5515/55/b23195v/lu5-55/docs/v0.1.7/window/windowResized/index.html
2026-02-25 00:23:23,222 - Knowledge - INFO - process ingested knowledge for /app/data/newkinpogroup5515/55/b23195v/lu5-55/docs/v0.1.7/shapes/circle/index.html
2026-02-25 00:23:23,311 - Knowledge - WARNING - Timeout processing /app/data/newkinpogroup5515/55/b23195v/lu5-55/docs/v0.1.7/window/saveWindow/index.html after 90s - using fallback metadata
2026-02-25 00:23:23,422 - Knowledge - INFO - done ingest for /app/data/newkinpogroup5515/55/b23195v/lu5-55/docs/v0.1.7/setting/rectMode/index.html
2026-02-25 00:23:23,422 - Knowledge - INFO - [LLM_CALL] Completed: index.html:chunk1, Duration: 0ms, PromptTokens: 4880, CompletionTokens: 59, Cost: $0.00051
2026-02-25 00:23:23,509 - Knowledge - INFO - Async storage completed for 10 embeddings
2026-02-25 00:23:23,513 - Knowledge - INFO - process ingested knowledge for /app/data/newkinpogroup5515/55/b23195v/lu5-55/docs/v0.1.7/shapes/arc/index.html
2026-02-25 00:23:23,685 - Knowledge - INFO - Fast-tracked /app/data/newkinpogroup5515/55/b23195v/lu5-55/docs/v0.1.7/vector/Vector.sub/meta.json (ext=.json, size=664)
2026-02-25 00:23:23,761 - Knowledge - INFO - Async storage completed for 10 embeddings
2026-02-25 00:23:23,794 - Knowledge - INFO - process ingested knowledge for /app/data/newkinpogroup5515/55/b23195v/lu5-55/docs/v0.1.7/transform/translate/meta.json
2026-02-25 00:23:23,879 - Knowledge - INFO - Worker kw14 processing /app/data/newkinpogroup5515/55/b23195v/lu5-55/docs/v0.1.7/shapes3D/cylinder/index.html
2026-02-25 00:23:24,010 - Knowledge - INFO - process ingested knowledge for /app/data/newkinpogroup5515/55/b23195v/lu5-55/docs/v0.1.7/window/windowResized/meta.json
2026-02-25 00:23:24,140 - Knowledge - INFO - process ingested knowledge for /app/data/newkinpogroup5515/55/b23195v/lu5-55/docs/v0.1.7/shapes/circle/meta.json
2026-02-25 00:23:24,231 - Knowledge - WARNING - Timeout processing /app/data/newkinpogroup5515/55/b23195v/lu5-55/docs/v0.1.7/models/loadModel/index.html after 90s - using fallback metadata
2026-02-25 00:23:24,414 - Knowledge - INFO - done ingest for /app/data/newkinpogroup5515/55/b23195v/lu5-55/docs/v0.1.7/math/sin/index.html
2026-02-25 00:23:24,414 - Knowledge - INFO - done ingest for /app/data/newkinpogroup5515/55/b23195v/lu5-55/docs/v0.1.7/setting/stroke/index.html
2026-02-25 00:23:24,416 - Knowledge - INFO - [LLM_CALL] Completed: index.html:chunk1, Duration: 0ms, PromptTokens: 5812, CompletionTokens: 59, Cost: $0.00060
2026-02-25 00:23:24,537 - Knowledge - WARNING - Timeout processing /app/data/newkinpogroup5515/55/b23195v/lu5-55/docs/v0.1.7/transform/scale/index.html after 90s - using fallback metadata
2026-02-25 00:23:24,608 - Knowledge - INFO - process ingested knowledge for /app/data/newkinpogroup5515/55/b23195v/lu5-55/docs/v0.1.7/shapes/arc/meta.json
2026-02-25 00:23:24,697 - Knowledge - INFO - Worker kw10 processing /app/data/newkinpogroup5515/55/b23195v/lu5-55/docs/v0.1.7/vector/index.html
2026-02-25 00:23:24,903 - Knowledge - INFO - process ingested knowledge for /app/data/newkinpogroup5515/55/b23195v/lu5-55/docs/v0.1.7/transform/rotateZ/index.html
2026-02-25 00:23:24,928 - Knowledge - INFO - Async storage completed for 10 embeddings
2026-02-25 00:23:25,014 - Knowledge - INFO - Worker kw14 processing /app/data/newkinpogroup5515/55/b23195v/lu5-55/docs/v0.1.7/shapes3D/cylinder/meta.json
2026-02-25 00:23:25,102 - Knowledge - INFO - process ingested knowledge for /app/data/newkinpogroup5515/55/b23195v/lu5-55/docs/v0.1.7/window/height/index.html
2026-02-25 00:23:25,191 - Knowledge - INFO - process ingested knowledge for /app/data/newkinpogroup5515/55/b23195v/lu5-55/docs/v0.1.7/shapes/point/index.html
2026-02-25 00:23:25,289 - Knowledge - WARNING - Timeout processing /app/data/newkinpogroup5515/55/b23195v/lu5-55/docs/v0.1.7/models/model/index.html after 90s - using fallback metadata
2026-02-25 00:23:25,615 - Knowledge - INFO - done ingest for /app/data/newkinpogroup5515/55/b23195v/lu5-55/docs/v0.1.7/mouse/mouseReleased/index.html
2026-02-25 00:23:25,616 - Knowledge - INFO - Processing batch of 8 files
2026-02-25 00:23:25,616 - Knowledge - INFO - Processing batch of 10 files
2026-02-25 00:23:25,616 - Knowledge - INFO - Processing batch of 8 files
2026-02-25 00:23:25,729 - Knowledge - WARNING - Timeout processing /app/data/newkinpogroup5515/55/b23195v/lu5-55/docs/v0.1.7/shapes/rect/index.html after 90s - using fallback metadata
2026-02-25 00:23:25,828 - Knowledge - INFO - process ingested knowledge for /app/data/newkinpogroup5515/55/b23195v/lu5-55/docs/v0.1.7/shapes/ellipse/index.html
2026-02-25 00:23:25,952 - Knowledge - INFO - Worker kw10 processing /app/data/newkinpogroup5515/55/b23195v/lu5-55/docs/v0.1.7/vector/createVector/index.html
2026-02-25 00:23:26,023 - Knowledge - INFO - process ingested knowledge for /app/data/newkinpogroup5515/55/b23195v/lu5-55/docs/v0.1.7/transform/rotateZ/meta.json
2026-02-25 00:23:26,191 - Knowledge - INFO - Fast-tracked /app/data/newkinpogroup5515/55/b23195v/lu5-55/docs/v0.1.7/shapes3D/cylinder/meta.json (ext=.json, size=816)
2026-02-25 00:23:26,275 - Knowledge - INFO - process ingested knowledge for /app/data/newkinpogroup5515/55/b23195v/lu5-55/docs/v0.1.7/window/height/meta.json
2026-02-25 00:23:26,384 - Knowledge - INFO - process ingested knowledge for /app/data/newkinpogroup5515/55/b23195v/lu5-55/docs/v0.1.7/shapes/point/meta.json
2026-02-25 00:23:26,456 - Knowledge - INFO - Processing batch of 10 files
2026-02-25 00:23:26,475 - Knowledge - INFO - Async storage completed for 10 embeddings
2026-02-25 00:23:26,686 - Knowledge - INFO - process ingested knowledge for /app/data/newkinpogroup5515/55/b23195v/lu5-55/docs/v0.1.7/setting/noFill/index.html
2026-02-25 00:23:26,797 - Knowledge - INFO - process ingested knowledge for /app/data/newkinpogroup5515/55/b23195v/lu5-55/docs/v0.1.7/math/round/index.html
2026-02-25 00:23:26,911 - Knowledge - INFO - process ingested knowledge for /app/data/newkinpogroup5515/55/b23195v/lu5-55/docs/v0.1.7/setting/strokeWeight/index.html
2026-02-25 00:23:26,993 - Knowledge - WARNING - Timeout processing /app/data/newkinpogroup5515/55/b23195v/lu5-55/docs/v0.1.7/shapes/square/index.html after 90s - using fallback metadata
2026-02-25 00:23:27,091 - Knowledge - INFO - process ingested knowledge for /app/data/newkinpogroup5515/55/b23195v/lu5-55/docs/v0.1.7/shapes/ellipse/meta.json
2026-02-25 00:23:27,274 - Knowledge - INFO - [LLM_CALL] Completed: index.html:chunk1, Duration: 479ms, PromptTokens: 5886, CompletionTokens: 59, Cost: $0.00061
2026-02-25 00:23:27,275 - Knowledge - INFO - Worker kw10 processing /app/data/newkinpogroup5515/55/b23195v/lu5-55/docs/v0.1.7/vector/createVector/meta.json
2026-02-25 00:23:27,339 - Knowledge - INFO - process ingested knowledge for /app/data/newkinpogroup5515/55/b23195v/lu5-55/docs/v0.1.7/transform/index.html
2026-02-25 00:23:27,465 - Knowledge - INFO - Worker kw14 processing /app/data/newkinpogroup5515/55/b23195v/lu5-55/docs/v0.1.7/shapes3D/box/index.html
2026-02-25 00:23:27,601 - Knowledge - INFO - process ingested knowledge for /app/data/newkinpogroup5515/55/b23195v/lu5-55/docs/v0.1.7/window/deltaTime/index.html
2026-02-25 00:23:27,803 - Knowledge - INFO - process ingested knowledge for /app/data/newkinpogroup5515/55/b23195v/lu5-55/docs/v0.1.7/window/index.html
2026-02-25 00:23:27,995 - Knowledge - INFO - process ingested knowledge for /app/data/newkinpogroup5515/55/b23195v/lu5-55/docs/v0.1.7/setting/noFill/meta.json
2026-02-25 00:23:28,113 - Knowledge - INFO - process ingested knowledge for /app/data/newkinpogroup5515/55/b23195v/lu5-55/docs/v0.1.7/math/round/meta.json
2026-02-25 00:23:28,241 - Knowledge - INFO - process ingested knowledge for /app/data/newkinpogroup5515/55/b23195v/lu5-55/docs/v0.1.7/setting/strokeWeight/meta.json
2026-02-25 00:23:28,306 - Knowledge - WARNING - Timeout processing /app/data/newkinpogroup5515/55/b23195v/lu5-55/docs/v0.1.7/shapes/quad/index.html after 90s - using fallback metadata
2026-02-25 00:23:28,430 - Knowledge - INFO - process ingested knowledge for /app/data/newkinpogroup5515/55/b23195v/lu5-55/docs/v0.1.7/shapes/vertex/index.html
2026-02-25 00:23:28,546 - Knowledge - INFO - done ingest for /app/data/newkinpogroup5515/55/b23195v/lu5-55/docs/v0.1.7/keyboard/keyHeld/index.html
2026-02-25 00:23:28,547 - Knowledge - INFO - done ingest for /app/data/newkinpogroup5515/55/b23195v/lu5-55/docs/v0.1.7/mouse/pmouseX/index.html
2026-02-25 00:23:28,547 - Knowledge - INFO - done ingest for /app/data/newkinpogroup5515/55/b23195v/lu5-55/docs/v0.1.7/keyboard/index.html
2026-02-25 00:23:28,636 - Knowledge - INFO - Fast-tracked /app/data/newkinpogroup5515/55/b23195v/lu5-55/docs/v0.1.7/vector/createVector/meta.json (ext=.json, size=799)
2026-02-25 00:23:28,724 - Knowledge - INFO - process ingested knowledge for /app/data/newkinpogroup5515/55/b23195v/lu5-55/docs/v0.1.7/transform/rotateX/index.html
2026-02-25 00:23:28,754 - Knowledge - INFO - [WEBSOCKET] Sent: Type=progress_update, Size: 296, Duration: 0ms
2026-02-25 00:23:28,885 - Knowledge - INFO - Worker kw14 processing /app/data/newkinpogroup5515/55/b23195v/lu5-55/docs/v0.1.7/shapes3D/box/meta.json
2026-02-25 00:23:29,004 - Knowledge - INFO - process ingested knowledge for /app/data/newkinpogroup5515/55/b23195v/lu5-55/docs/v0.1.7/window/deltaTime/meta.json
2026-02-25 00:23:29,124 - Knowledge - INFO - process ingested knowledge for /app/data/newkinpogroup5515/55/b23195v/lu5-55/docs/v0.1.7/window/noLoop/index.html
2026-02-25 00:23:29,202 - Knowledge - INFO - process ingested knowledge for /app/data/newkinpogroup5515/55/b23195v/lu5-55/docs/v0.1.7/setting/debugMode/index.html
2026-02-25 00:23:29,297 - Knowledge - INFO - process ingested knowledge for /app/data/newkinpogroup5515/55/b23195v/lu5-55/docs/v0.1.7/math/min/index.html
2026-02-25 00:23:29,383 - Knowledge - INFO - process ingested knowledge for /app/data/newkinpogroup5515/55/b23195v/lu5-55/docs/v0.1.7/setting/push/index.html
2026-02-25 00:23:29,439 - Knowledge - INFO - Async storage completed for 10 embeddings
2026-02-25 00:23:29,494 - Knowledge - WARNING - Timeout processing /app/data/newkinpogroup5515/55/b23195v/lu5-55/docs/v0.1.7/shapes/index.html after 90s - using fallback metadata
2026-02-25 00:23:29,586 - Knowledge - INFO - process ingested knowledge for /app/data/newkinpogroup5515/55/b23195v/lu5-55/docs/v0.1.7/shapes/vertex/meta.json
2026-02-25 00:23:30,022 - Knowledge - INFO - Worker kw10 processing /app/data/newkinpogroup5515/55/b23195v/lu5-55/docs/v0.1.7/shapes3D/plane/index.html
2026-02-25 00:23:30,113 - Knowledge - INFO - process ingested knowledge for /app/data/newkinpogroup5515/55/b23195v/lu5-55/docs/v0.1.7/transform/rotateX/meta.json
2026-02-25 00:23:30,221 - Knowledge - INFO - done ingest for /app/data/newkinpogroup5515/55/b23195v/lu5-55/docs/v0.1.7/mouse/mousePressed/index.html
2026-02-25 00:23:30,221 - Knowledge - INFO - [LLM_CALL] Completed: index.html:chunk1, Duration: 0ms, PromptTokens: 5250, CompletionTokens: 59, Cost: $0.00055
2026-02-25 00:23:30,403 - Knowledge - INFO - Fast-tracked /app/data/newkinpogroup5515/55/b23195v/lu5-55/docs/v0.1.7/shapes3D/box/meta.json (ext=.json, size=693)
2026-02-25 00:23:30,480 - Knowledge - INFO - Async storage completed for 10 embeddings
2026-02-25 00:23:30,566 - Knowledge - INFO - process ingested knowledge for /app/data/newkinpogroup5515/55/b23195v/lu5-55/docs/v0.1.7/window/noLoop/meta.json
2026-02-25 00:23:30,758 - Knowledge - INFO - process ingested knowledge for /app/data/newkinpogroup5515/55/b23195v/lu5-55/docs/v0.1.7/setting/debugMode/meta.json
2026-02-25 00:23:30,765 - Knowledge - INFO - process ingested knowledge for /app/data/newkinpogroup5515/55/b23195v/lu5-55/docs/v0.1.7/math/min/meta.json
2026-02-25 00:23:30,871 - Knowledge - INFO - process ingested knowledge for /app/data/newkinpogroup5515/55/b23195v/lu5-55/docs/v0.1.7/setting/push/meta.json
2026-02-25 00:23:31,009 - Knowledge - WARNING - Timeout processing /app/data/newkinpogroup5515/55/b23195v/lu5-55/docs/v0.1.7/math/abs/index.html after 90s - using fallback metadata
2026-02-25 00:23:31,064 - Knowledge - WARNING - Timeout processing /app/data/newkinpogroup5515/55/b23195v/lu5-55/docs/v0.1.7/transform/rotateY/index.html after 90s - using fallback metadata
2026-02-25 00:23:31,421 - Knowledge - INFO - process ingested knowledge for /app/data/newkinpogroup5515/55/b23195v/lu5-55/docs/v0.1.7/transform/rotate/index.html
2026-02-25 00:23:31,547 - Knowledge - INFO - done ingest for /app/data/newkinpogroup5515/55/b23195v/lu5-55/docs/v0.1.7/keyboard/keyIsDown/index.html
2026-02-25 00:23:31,550 - Knowledge - INFO - [WEBSOCKET] Sent: Type=unknown, Size: ?, Duration: 2795ms
2026-02-25 00:23:31,704 - Knowledge - INFO - Worker kw14 processing /app/data/newkinpogroup5515/55/b23195v/lu5-55/docs/v0.1.7/shapes3D/torus/index.html
2026-02-25 00:23:31,838 - Knowledge - WARNING - Timeout processing /app/data/newkinpogroup5515/55/b23195v/lu5-55/docs/v0.1.7/math/cos/index.html after 90s - using fallback metadata
2026-02-25 00:23:31,983 - Knowledge - INFO - process ingested knowledge for /app/data/newkinpogroup5515/55/b23195v/lu5-55/docs/v0.1.7/window/frameRate/index.html
2026-02-25 00:23:32,057 - Knowledge - INFO - process ingested knowledge for /app/data/newkinpogroup5515/55/b23195v/lu5-55/docs/v0.1.7/setting/noStroke/index.html
2026-02-25 00:23:32,158 - Knowledge - INFO - Async storage completed for 10 embeddings
2026-02-25 00:23:32,164 - Knowledge - INFO - process ingested knowledge for /app/data/newkinpogroup5515/55/b23195v/lu5-55/docs/v0.1.7/math/randomSeed/index.html
2026-02-25 00:23:32,261 - Knowledge - INFO - process ingested knowledge for /app/data/newkinpogroup5515/55/b23195v/lu5-55/docs/v0.1.7/setting/background/index.html
2026-02-25 00:23:32,306 - Knowledge - WARNING - Timeout processing /app/data/newkinpogroup5515/55/b23195v/lu5-55/docs/v0.1.7/math/max/index.html after 90s - using fallback metadata
2026-02-25 00:23:32,536 - Knowledge - INFO - process ingested knowledge for /app/data/newkinpogroup5515/55/b23195v/lu5-55/docs/v0.1.7/transform/rotate/meta.json
2026-02-25 00:23:32,729 - Knowledge - INFO - Progress: 30.7% | Files: 456/1455 | Rate: 1.49 files/sec | Queue: 907
2026-02-25 00:23:32,732 - Knowledge - INFO - [LLM_CALL] Completed: index.html:chunk1, Duration: 1182ms, PromptTokens: 5470, CompletionTokens: 59, Cost: $0.00057
2026-02-25 00:23:32,809 - Knowledge - INFO - Async storage completed for 10 embeddings
2026-02-25 00:23:32,815 - Knowledge - INFO - Worker kw14 processing /app/data/newkinpogroup5515/55/b23195v/lu5-55/docs/v0.1.7/shapes3D/torus/meta.json
2026-02-25 00:23:32,937 - Knowledge - WARNING - Timeout processing /app/data/newkinpogroup5515/55/b23195v/lu5-55/docs/v0.1.7/math/ceil/index.html after 90s - using fallback metadata
2026-02-25 00:23:33,026 - Knowledge - INFO - process ingested knowledge for /app/data/newkinpogroup5515/55/b23195v/lu5-55/docs/v0.1.7/window/frameRate/meta.json
2026-02-25 00:23:33,129 - Knowledge - INFO - process ingested knowledge for /app/data/newkinpogroup5515/55/b23195v/lu5-55/docs/v0.1.7/setting/noStroke/meta.json
2026-02-25 00:23:33,309 - Knowledge - INFO - process ingested knowledge for /app/data/newkinpogroup5515/55/b23195v/lu5-55/docs/v0.1.7/math/randomSeed/meta.json
2026-02-25 00:23:33,418 - Knowledge - INFO - process ingested knowledge for /app/data/newkinpogroup5515/55/b23195v/lu5-55/docs/v0.1.7/setting/background/meta.json
2026-02-25 00:23:33,495 - Knowledge - WARNING - Timeout processing /app/data/newkinpogroup5515/55/b23195v/lu5-55/docs/v0.1.7/math/map/index.html after 90s - using fallback metadata
2026-02-25 00:23:33,709 - Knowledge - INFO - [kw2] Queue=907, InProgress=0, PendingWorkers=20/20, Completed=456/1455 (31.3%)
2026-02-25 00:23:33,833 - Knowledge - INFO - done ingest for /app/data/newkinpogroup5515/55/b23195v/lu5-55/docs/v0.1.7/mouse/mouseY/index.html
2026-02-25 00:23:33,835 - Knowledge - INFO - done ingest for /app/data/newkinpogroup5515/55/b23195v/lu5-55/docs/v0.1.7/setting/index.html
2026-02-25 00:23:33,866 - Knowledge - INFO - [LLM_CALL] Completed: index.html:chunk1, Duration: 1ms, PromptTokens: 5470, CompletionTokens: 59, Cost: $0.00057
2026-02-25 00:23:34,108 - Knowledge - INFO - Fast-tracked /app/data/newkinpogroup5515/55/b23195v/lu5-55/docs/v0.1.7/shapes3D/torus/meta.json (ext=.json, size=673)
2026-02-25 00:23:34,195 - Knowledge - WARNING - Timeout processing /app/data/newkinpogroup5515/55/b23195v/lu5-55/docs/v0.1.7/math/tan/index.html after 90s - using fallback metadata
2026-02-25 00:23:34,296 - Knowledge - INFO - process ingested knowledge for /app/data/newkinpogroup5515/55/b23195v/lu5-55/docs/v0.1.7/window/saveWindow/index.html
2026-02-25 00:23:34,430 - Knowledge - INFO - process ingested knowledge for /app/data/newkinpogroup5515/55/b23195v/lu5-55/docs/v0.1.7/setting/rectMode/index.html
2026-02-25 00:23:34,486 - Knowledge - INFO - process ingested knowledge for /app/data/newkinpogroup5515/55/b23195v/lu5-55/docs/v0.1.7/math/floor/index.html
2026-02-25 00:23:34,620 - Knowledge - INFO - process ingested knowledge for /app/data/newkinpogroup5515/55/b23195v/lu5-55/docs/v0.1.7/setting/stroke/index.html
2026-02-25 00:23:34,705 - Knowledge - WARNING - Timeout processing /app/data/newkinpogroup5515/55/b23195v/lu5-55/docs/v0.1.7/math/constrain/index.html after 90s - using fallback metadata
2026-02-25 00:23:34,818 - Knowledge - INFO - Batch sizing: calculated=8, max_allowed=10, queue=907, active_workers=20/20
2026-02-25 00:23:35,123 - Knowledge - INFO - done ingest for /app/data/newkinpogroup5515/55/b23195v/lu5-55/docs/v0.1.7/mouse/mouseX/index.html
2026-02-25 00:23:35,125 - Knowledge - INFO - Processing batch of 10 files
2026-02-25 00:23:35,126 - Knowledge - INFO - [kw19] Queue=907, InProgress=0, PendingWorkers=20/20, Completed=456/1455 (31.3%)
2026-02-25 00:23:35,126 - Knowledge - INFO - done ingest for /app/data/newkinpogroup5515/55/b23195v/lu5-55/docs/v0.1.7/mouse/pmouseY/index.html
2026-02-25 00:23:35,126 - Knowledge - INFO - [kw3] Queue=907, InProgress=0, PendingWorkers=20/20, Completed=456/1455 (31.3%)
2026-02-25 00:23:35,126 - Knowledge - INFO - [kw1] Queue=907, InProgress=0, PendingWorkers=20/20, Completed=456/1455 (31.3%)
2026-02-25 00:23:35,127 - Knowledge - INFO - done ingest for /app/data/newkinpogroup5515/55/b23195v/lu5-55/docs/v0.1.7/image/index.html
2026-02-25 00:23:35,225 - Knowledge - INFO - Worker kw14 processing /app/data/newkinpogroup5515/55/b23195v/lu5-55/docs/v0.1.7/shapes3D/index.html
2026-02-25 00:23:35,393 - Knowledge - INFO - done ingest for /app/data/newkinpogroup5515/55/b23195v/lu5-55/docs/v0.1.7/mouse/mouseWheel/index.html
2026-02-25 00:23:35,393 - Knowledge - WARNING - Timeout processing /app/data/newkinpogroup5515/55/b23195v/lu5-55/docs/v0.1.7/math/index.html after 90s - using fallback metadata
2026-02-25 00:23:35,492 - Knowledge - INFO - process ingested knowledge for /app/data/newkinpogroup5515/55/b23195v/lu5-55/docs/v0.1.7/window/saveWindow/meta.json
2026-02-25 00:23:35,633 - Knowledge - INFO - process ingested knowledge for /app/data/newkinpogroup5515/55/b23195v/lu5-55/docs/v0.1.7/setting/rectMode/meta.json
2026-02-25 00:23:35,704 - Knowledge - INFO - done ingest for /app/data/newkinpogroup5515/55/b23195v/lu5-55/docs/v0.1.7/setting/fill/index.html
2026-02-25 00:23:35,736 - Knowledge - INFO - process ingested knowledge for /app/data/newkinpogroup5515/55/b23195v/lu5-55/docs/v0.1.7/math/floor/meta.json
2026-02-25 00:23:35,804 - Knowledge - INFO - done ingest for /app/data/newkinpogroup5515/55/b23195v/lu5-55/docs/v0.1.7/image/Image.crop/index.html
2026-02-25 00:23:35,827 - Knowledge - INFO - process ingested knowledge for /app/data/newkinpogroup5515/55/b23195v/lu5-55/docs/v0.1.7/setting/stroke/meta.json
2026-02-25 00:23:35,907 - Knowledge - WARNING - Timeout processing /app/data/newkinpogroup5515/55/b23195v/lu5-55/docs/v0.1.7/math/random/index.html after 90s - using fallback metadata
2026-02-25 00:23:35,986 - Knowledge - INFO - Async storing batch of 10 embeddings
2026-02-25 00:23:36,166 - Knowledge - INFO - process ingested knowledge for /app/data/newkinpogroup5515/55/b23195v/lu5-55/docs/v0.1.7/shapes/rect/index.html
2026-02-25 00:23:36,238 - Knowledge - INFO - Batch sizing: calculated=8, max_allowed=10, queue=907, active_workers=20/20
2026-02-25 00:23:36,419 - Knowledge - INFO - done ingest for /app/data/newkinpogroup5515/55/b23195v/lu5-55/docs/v0.1.7/keyboard/keyPressed/index.html
2026-02-25 00:23:36,739 - Knowledge - INFO - Batch sizing: calculated=8, max_allowed=10, queue=907, active_workers=20/20
2026-02-25 00:23:36,780 - Knowledge - INFO - [LLM_CALL] Completed: index.html:chunk1, Duration: 38ms, PromptTokens: 4882, CompletionTokens: 59, Cost: $0.00051
2026-02-25 00:23:36,846 - Knowledge - INFO - Batch sizing: calculated=8, max_allowed=10, queue=907, active_workers=20/20
2026-02-25 00:23:37,265 - Knowledge - WARNING - Timeout processing /app/data/newkinpogroup5515/55/b23195v/lu5-55/docs/v0.1.7/classes/class/index.html after 90s - using fallback metadata
2026-02-25 00:23:37,351 - Knowledge - INFO - process ingested knowledge for /app/data/newkinpogroup5515/55/b23195v/lu5-55/docs/v0.1.7/models/loadModel/index.html
2026-02-25 00:23:37,695 - Knowledge - INFO - process ingested knowledge for /app/data/newkinpogroup5515/55/b23195v/lu5-55/docs/v0.1.7/math/sin/index.html
2026-02-25 00:23:38,040 - Knowledge - INFO - Worker kw2 processing /app/data/newkinpogroup5515/55/b23195v/lu5-55/docs/v0.1.7/shapes3D/sphere/index.html
2026-02-25 00:23:38,247 - Knowledge - INFO - process ingested knowledge for /app/data/newkinpogroup5515/55/b23195v/lu5-55/docs/v0.1.7/shapes/rect/meta.json
2026-02-25 00:23:38,535 - Knowledge - INFO - done ingest for /app/data/newkinpogroup5515/55/b23195v/lu5-55/docs/v0.1.7/mouse/mouseIsPressed/index.html
2026-02-25 00:23:38,537 - Knowledge - INFO - [LLM_CALL] Completed: index.html:chunk1, Duration: 1ms, PromptTokens: 4902, CompletionTokens: 59, Cost: $0.00051
2026-02-25 00:23:38,706 - Knowledge - WARNING - Timeout processing /app/data/newkinpogroup5515/55/b23195v/lu5-55/docs/v0.1.7/classes/index.html after 90s - using fallback metadata
2026-02-25 00:23:38,876 - Knowledge - INFO - process ingested knowledge for /app/data/newkinpogroup5515/55/b23195v/lu5-55/docs/v0.1.7/models/loadModel/meta.json
2026-02-25 00:23:38,894 - Knowledge - INFO - process ingested knowledge for /app/data/newkinpogroup5515/55/b23195v/lu5-55/docs/v0.1.7/math/sin/meta.json
2026-02-25 00:23:38,993 - Knowledge - INFO - Worker kw2 processing /app/data/newkinpogroup5515/55/b23195v/lu5-55/docs/v0.1.7/shapes3D/sphere/meta.json
2026-02-25 00:23:39,075 - Knowledge - INFO - process ingested knowledge for /app/data/newkinpogroup5515/55/b23195v/lu5-55/docs/v0.1.7/shapes/square/index.html
2026-02-25 00:23:39,297 - Knowledge - INFO - done ingest for /app/data/newkinpogroup5515/55/b23195v/lu5-55/docs/v0.1.7/vector/Vector.copy/index.html
2026-02-25 00:23:39,300 - Knowledge - INFO - Processing batch of 8 files
2026-02-25 00:23:39,301 - Knowledge - INFO - [LLM_CALL] Completed: index.html:chunk1, Duration: 3ms, PromptTokens: 4900, CompletionTokens: 59, Cost: $0.00051
2026-02-25 00:23:39,542 - Knowledge - INFO - process ingested knowledge for /app/data/newkinpogroup5515/55/b23195v/lu5-55/docs/v0.1.7/models/model/index.html
2026-02-25 00:23:39,652 - Knowledge - INFO - Async storage completed for 10 embeddings
2026-02-25 00:23:39,761 - Knowledge - INFO - Fast-tracked /app/data/newkinpogroup5515/55/b23195v/lu5-55/docs/v0.1.7/shapes3D/sphere/meta.json (ext=.json, size=524)
2026-02-25 00:23:39,896 - Knowledge - INFO - process ingested knowledge for /app/data/newkinpogroup5515/55/b23195v/lu5-55/docs/v0.1.7/shapes/square/meta.json
2026-02-25 00:23:40,102 - Knowledge - INFO - process ingested knowledge for /app/data/newkinpogroup5515/55/b23195v/lu5-55/docs/v0.1.7/mouse/pmouseY/meta.json
2026-02-25 00:23:40,223 - Knowledge - INFO - done ingest for /app/data/newkinpogroup5515/55/b23195v/lu5-55/docs/v0.1.7/setting/pop/index.html
2026-02-25 00:23:40,225 - Knowledge - INFO - [LLM_CALL] Completed: index.html:chunk1, Duration: 1ms, PromptTokens: 4748, CompletionTokens: 59, Cost: $0.00050
2026-02-25 00:23:40,497 - Knowledge - INFO - Worker kw2 processing /app/data/newkinpogroup5515/55/b23195v/lu5-55/docs/v0.1.7/index.html
2026-02-25 00:23:40,676 - Knowledge - INFO - process ingested knowledge for /app/data/newkinpogroup5515/55/b23195v/lu5-55/docs/v0.1.7/shapes/quad/index.html
2026-02-25 00:23:40,781 - Knowledge - INFO - process ingested knowledge for /app/data/newkinpogroup5515/55/b23195v/lu5-55/docs/v0.1.7/mouse/mouseY/index.html
2026-02-25 00:23:40,856 - Knowledge - INFO - done ingest for /app/data/newkinpogroup5515/55/b23195v/lu5-55/docs/v0.1.7/camera/index.html
2026-02-25 00:23:40,857 - Knowledge - INFO - Processing batch of 10 files
2026-02-25 00:23:40,858 - Knowledge - INFO - Processing batch of 8 files
2026-02-25 00:23:40,858 - Knowledge - INFO - Async storing batch of 10 embeddings
2026-02-25 00:23:40,858 - Knowledge - INFO - Async storing batch of 10 embeddings
2026-02-25 00:23:40,859 - Knowledge - INFO - Async storing batch of 10 embeddings
2026-02-25 00:23:40,860 - Knowledge - INFO - Processing batch of 10 files
2026-02-25 00:23:40,860 - Knowledge - INFO - done ingest for /app/data/newkinpogroup5515/55/b23195v/lu5-55/docs/v0.1.7/mouse/index.html
2026-02-25 00:23:40,861 - Knowledge - INFO - [LLM_CALL] Completed: index.html:chunk1, Duration: 0ms, PromptTokens: 5114, CompletionTokens: 59, Cost: $0.00053
2026-02-25 00:23:40,960 - Knowledge - INFO - Worker kw2 processing /app/data/newkinpogroup5515/55/b23195v/lu5-55/docs/v0.1.7/typography/textSize/index.html
2026-02-25 00:23:41,245 - Knowledge - INFO - [kw13] Queue=875, InProgress=0, PendingWorkers=20/20, Completed=492/1455 (33.8%)
2026-02-25 00:23:41,246 - Knowledge - INFO - process ingested knowledge for /app/data/newkinpogroup5515/55/b23195v/lu5-55/docs/v0.1.7/shapes/quad/meta.json
2026-02-25 00:23:41,415 - Knowledge - INFO - process ingested knowledge for /app/data/newkinpogroup5515/55/b23195v/lu5-55/docs/v0.1.7/math/abs/index.html
2026-02-25 00:23:41,507 - Knowledge - INFO - process ingested knowledge for /app/data/newkinpogroup5515/55/b23195v/lu5-55/docs/v0.1.7/mouse/mouseY/meta.json
2026-02-25 00:23:41,565 - Knowledge - INFO - process ingested knowledge for /app/data/newkinpogroup5515/55/b23195v/lu5-55/docs/v0.1.7/keyboard/keyReleased/meta.json
2026-02-25 00:23:41,648 - Knowledge - INFO - Worker kw19 processing /app/data/newkinpogroup5515/55/b23195v/lu5-55/docs/v0.1.7/typography/textFont/meta.json
2026-02-25 00:23:41,760 - Knowledge - INFO - Worker kw3 processing /app/data/newkinpogroup5515/55/b23195v/lu5-55/docs/v0.0.4/io/index.html
2026-02-25 00:23:41,847 - Knowledge - INFO - Worker kw1 processing /app/data/newkinpogroup5515/55/b23195v/lu5-55/docs/v0.0.4/window/height/meta.json
2026-02-25 00:23:41,947 - Knowledge - INFO - process ingested knowledge for /app/data/newkinpogroup5515/55/b23195v/lu5-55/docs/v0.1.7/math/cos/index.html
2026-02-25 00:23:42,161 - Knowledge - INFO - done ingest for /app/data/newkinpogroup5515/55/b23195v/lu5-55/docs/v0.1.7/vector/Vector.dot/index.html
2026-02-25 00:23:42,163 - Knowledge - INFO - [kw18] Queue=875, InProgress=0, PendingWorkers=20/20, Completed=500/1455 (34.4%)
2026-02-25 00:23:42,163 - Knowledge - INFO - [kw5] Queue=875, InProgress=0, PendingWorkers=20/20, Completed=500/1455 (34.4%)
2026-02-25 00:23:42,163 - Knowledge - INFO - done ingest for /app/data/newkinpogroup5515/55/b23195v/lu5-55/docs/v0.1.7/vector/Vector.print/index.html
2026-02-25 00:23:42,163 - Knowledge - INFO - done ingest for /app/data/newkinpogroup5515/55/b23195v/lu5-55/docs/v0.1.7/keyboard/keyReleased/index.html
2026-02-25 00:23:42,163 - Knowledge - INFO - [WEBSOCKET] Sent: Type=progress_update, Size: 295, Duration: 1ms
2026-02-25 00:23:42,237 - Knowledge - INFO - Worker kw2 processing /app/data/newkinpogroup5515/55/b23195v/lu5-55/docs/v0.1.7/typography/textSize/meta.json
2026-02-25 00:23:42,336 - Knowledge - INFO - Batch sizing: calculated=8, max_allowed=10, queue=875, active_workers=20/20
2026-02-25 00:23:42,414 - Knowledge - INFO - process ingested knowledge for /app/data/newkinpogroup5515/55/b23195v/lu5-55/docs/v0.1.7/shapes/index.html
2026-02-25 00:23:42,498 - Knowledge - INFO - process ingested knowledge for /app/data/newkinpogroup5515/55/b23195v/lu5-55/docs/v0.1.7/math/abs/meta.json
2026-02-25 00:23:42,578 - Knowledge - INFO - process ingested knowledge for /app/data/newkinpogroup5515/55/b23195v/lu5-55/docs/v0.1.7/mouse/mouseReleased/index.html
2026-02-25 00:23:42,700 - Knowledge - INFO - process ingested knowledge for /app/data/newkinpogroup5515/55/b23195v/lu5-55/docs/v0.1.7/keyboard/keyIsDown/index.html
2026-02-25 00:23:42,798 - Knowledge - INFO - Fast-tracked /app/data/newkinpogroup5515/55/b23195v/lu5-55/docs/v0.1.7/typography/textFont/meta.json (ext=.json, size=472)
2026-02-25 00:23:42,905 - Knowledge - INFO - Worker kw3 processing /app/data/newkinpogroup5515/55/b23195v/lu5-55/docs/v0.0.4/window/width/index.html
2026-02-25 00:23:42,999 - Knowledge - INFO - Fast-tracked /app/data/newkinpogroup5515/55/b23195v/lu5-55/docs/v0.0.4/window/height/meta.json (ext=.json, size=365)
2026-02-25 00:23:43,100 - Knowledge - INFO - process ingested knowledge for /app/data/newkinpogroup5515/55/b23195v/lu5-55/docs/v0.1.7/math/cos/meta.json
2026-02-25 00:23:43,283 - Knowledge - INFO - Batch sizing: calculated=8, max_allowed=10, queue=875, active_workers=20/20
2026-02-25 00:23:43,384 - Knowledge - INFO - Batch sizing: calculated=8, max_allowed=10, queue=875, active_workers=20/20
2026-02-25 00:23:43,698 - Knowledge - INFO - done ingest for /app/data/newkinpogroup5515/55/b23195v/lu5-55/docs/v0.1.7/camera/orbitControl/index.html
2026-02-25 00:23:43,699 - Knowledge - INFO - Processing batch of 8 files
2026-02-25 00:23:43,700 - Knowledge - INFO - [LLM_CALL] Completed: index.html:chunk1, Duration: 0ms, PromptTokens: 5208, CompletionTokens: 59, Cost: $0.00054
2026-02-25 00:23:43,831 - Knowledge - INFO - Fast-tracked /app/data/newkinpogroup5515/55/b23195v/lu5-55/docs/v0.1.7/typography/textSize/meta.json (ext=.json, size=597)
2026-02-25 00:23:44,041 - Knowledge - INFO - process ingested knowledge for /app/data/newkinpogroup5515/55/b23195v/lu5-55/docs/v0.1.7/transform/rotateY/index.html
2026-02-25 00:23:44,139 - Knowledge - INFO - process ingested knowledge for /app/data/newkinpogroup5515/55/b23195v/lu5-55/docs/v0.1.7/math/max/index.html
2026-02-25 00:23:44,218 - Knowledge - INFO - process ingested knowledge for /app/data/newkinpogroup5515/55/b23195v/lu5-55/docs/v0.1.7/mouse/mouseReleased/meta.json
2026-02-25 00:23:44,317 - Knowledge - INFO - process ingested knowledge for /app/data/newkinpogroup5515/55/b23195v/lu5-55/docs/v0.1.7/keyboard/keyIsDown/meta.json
2026-02-25 00:23:44,428 - Knowledge - INFO - Worker kw19 processing /app/data/newkinpogroup5515/55/b23195v/lu5-55/docs/v0.1.7/typography/text/index.html
2026-02-25 00:23:44,545 - Knowledge - INFO - Worker kw3 processing /app/data/newkinpogroup5515/55/b23195v/lu5-55/docs/v0.0.4/window/width/meta.json
2026-02-25 00:23:44,647 - Knowledge - INFO - Worker kw1 processing /app/data/newkinpogroup5515/55/b23195v/lu5-55/docs/v0.0.4/window/deltaTime/index.html
2026-02-25 00:23:44,751 - Knowledge - INFO - process ingested knowledge for /app/data/newkinpogroup5515/55/b23195v/lu5-55/docs/v0.1.7/math/ceil/index.html
2026-02-25 00:23:45,222 - Knowledge - INFO - process ingested knowledge for /app/data/newkinpogroup5515/55/b23195v/lu5-55/docs/v0.1.7/mouse/pmouseX/meta.json
2026-02-25 00:23:45,346 - Knowledge - INFO - done ingest for /app/data/newkinpogroup5515/55/b23195v/lu5-55/docs/v0.1.7/vector/Vector.div/index.html
2026-02-25 00:23:45,349 - Knowledge - INFO - done ingest for /app/data/newkinpogroup5515/55/b23195v/lu5-55/docs/v0.1.7/vector/Vector.add/index.html
2026-02-25 00:23:45,349 - Knowledge - INFO - Processing batch of 8 files
2026-02-25 00:23:45,350 - Knowledge - INFO - [WEBSOCKET] Sent: Type=unknown, Size: ?, Duration: 3188ms
2026-02-25 00:23:45,426 - Knowledge - INFO - Worker kw2 processing /app/data/newkinpogroup5515/55/b23195v/lu5-55/docs/v0.1.7/typography/textAlign/index.html
2026-02-25 00:23:45,531 - Knowledge - INFO - process ingested knowledge for /app/data/newkinpogroup5515/55/b23195v/lu5-55/docs/v0.1.7/transform/rotateY/meta.json
2026-02-25 00:23:45,643 - Knowledge - INFO - process ingested knowledge for /app/data/newkinpogroup5515/55/b23195v/lu5-55/docs/v0.1.7/math/max/meta.json
2026-02-25 00:23:45,718 - Knowledge - INFO - process ingested knowledge for /app/data/newkinpogroup5515/55/b23195v/lu5-55/docs/v0.1.7/mouse/mouseWheel/index.html
2026-02-25 00:23:45,799 - Knowledge - INFO - process ingested knowledge for /app/data/newkinpogroup5515/55/b23195v/lu5-55/docs/v0.1.7/keyboard/index.html
2026-02-25 00:23:45,886 - Knowledge - INFO - Worker kw19 processing /app/data/newkinpogroup5515/55/b23195v/lu5-55/docs/v0.1.7/typography/text/meta.json
2026-02-25 00:23:46,011 - Knowledge - INFO - Fast-tracked /app/data/newkinpogroup5515/55/b23195v/lu5-55/docs/v0.0.4/window/width/meta.json (ext=.json, size=361)
2026-02-25 00:23:46,134 - Knowledge - INFO - Worker kw1 processing /app/data/newkinpogroup5515/55/b23195v/lu5-55/docs/v0.0.4/window/deltaTime/meta.json
2026-02-25 00:23:46,237 - Knowledge - INFO - process ingested knowledge for /app/data/newkinpogroup5515/55/b23195v/lu5-55/docs/v0.1.7/math/ceil/meta.json
2026-02-25 00:23:46,327 - Knowledge - INFO - process ingested knowledge for /app/data/newkinpogroup5515/55/b23195v/lu5-55/docs/v0.1.7/mouse/mouseX/index.html
2026-02-25 00:23:46,626 - Knowledge - INFO - process ingested knowledge for /app/data/newkinpogroup5515/55/b23195v/lu5-55/docs/v0.1.7/setting/index.html
2026-02-25 00:23:46,739 - Knowledge - INFO - Progress: 33.8% | Files: 516/1455 | Rate: 1.62 files/sec | Queue: 851
2026-02-25 00:23:46,741 - Knowledge - INFO - Async storing batch of 8 embeddings
2026-02-25 00:23:46,741 - Knowledge - INFO - Async storing batch of 10 embeddings
2026-02-25 00:23:46,741 - Knowledge - INFO - Async storing batch of 10 embeddings
2026-02-25 00:23:46,742 - Knowledge - INFO - done ingest for /app/data/newkinpogroup5515/55/b23195v/lu5-55/docs/v0.1.7/image/image/index.html
2026-02-25 00:23:46,742 - Knowledge - INFO - Processing batch of 8 files
2026-02-25 00:23:46,742 - Knowledge - INFO - [LLM_CALL] Completed: index.html:chunk1, Duration: 0ms, PromptTokens: 5204, CompletionTokens: 59, Cost: $0.00054
2026-02-25 00:23:46,885 - Knowledge - INFO - Worker kw2 processing /app/data/newkinpogroup5515/55/b23195v/lu5-55/docs/v0.1.7/typography/textAlign/meta.json
2026-02-25 00:23:46,971 - Knowledge - INFO - process ingested knowledge for /app/data/newkinpogroup5515/55/b23195v/lu5-55/docs/v0.1.7/transform/scale/index.html
2026-02-25 00:23:47,067 - Knowledge - INFO - process ingested knowledge for /app/data/newkinpogroup5515/55/b23195v/lu5-55/docs/v0.1.7/math/map/index.html
2026-02-25 00:23:47,157 - Knowledge - INFO - process ingested knowledge for /app/data/newkinpogroup5515/55/b23195v/lu5-55/docs/v0.1.7/mouse/mouseWheel/meta.json
2026-02-25 00:23:47,267 - Knowledge - INFO - process ingested knowledge for /app/data/newkinpogroup5515/55/b23195v/lu5-55/docs/v0.1.7/keyboard/keyPressed/index.html
2026-02-25 00:23:47,384 - Knowledge - INFO - Fast-tracked /app/data/newkinpogroup5515/55/b23195v/lu5-55/docs/v0.1.7/typography/text/meta.json (ext=.json, size=583)
2026-02-25 00:23:47,466 - Knowledge - INFO - Worker kw3 processing /app/data/newkinpogroup5515/55/b23195v/lu5-55/docs/v0.0.4/window/createWindow/index.html
2026-02-25 00:23:47,574 - Knowledge - INFO - Fast-tracked /app/data/newkinpogroup5515/55/b23195v/lu5-55/docs/v0.0.4/window/deltaTime/meta.json (ext=.json, size=520)
2026-02-25 00:23:47,684 - Knowledge - INFO - process ingested knowledge for /app/data/newkinpogroup5515/55/b23195v/lu5-55/docs/v0.1.7/math/tan/index.html
2026-02-25 00:23:47,765 - Knowledge - INFO - process ingested knowledge for /app/data/newkinpogroup5515/55/b23195v/lu5-55/docs/v0.1.7/mouse/mouseX/meta.json
2026-02-25 00:23:47,856 - Knowledge - INFO - process ingested knowledge for /app/data/newkinpogroup5515/55/b23195v/lu5-55/docs/v0.1.7/setting/fill/index.html
2026-02-25 00:23:47,996 - Knowledge - INFO - [kw4] Queue=851, InProgress=0, PendingWorkers=20/20, Completed=516/1455 (35.5%)
2026-02-25 00:23:48,088 - Knowledge - INFO - Worker kw13 processing /app/data/newkinpogroup5515/55/b23195v/lu5-55/docs/v0.0.4/shapes/endShape/index.html
2026-02-25 00:23:48,198 - Knowledge - INFO - Worker kw18 processing /app/data/newkinpogroup5515/55/b23195v/lu5-55/docs/v0.0.4/shapes/triangle/index.html
2026-02-25 00:23:48,281 - Knowledge - INFO - Worker kw5 processing /app/data/newkinpogroup5515/55/b23195v/lu5-55/docs/v0.0.4/shapes/rect/index.html
2026-02-25 00:23:48,415 - Knowledge - INFO - Async storage completed for 10 embeddings
2026-02-25 00:23:48,473 - Knowledge - INFO - process ingested knowledge for /app/data/newkinpogroup5515/55/b23195v/lu5-55/docs/v0.1.7/image/loadImage/meta.json
2026-02-25 00:23:48,506 - Knowledge - INFO - Async storage completed for 10 embeddings
2026-02-25 00:23:48,594 - Knowledge - INFO - done ingest for /app/data/newkinpogroup5515/55/b23195v/lu5-55/docs/v0.1.7/vector/Vector.mult/index.html
2026-02-25 00:23:48,732 - Knowledge - INFO - done ingest for /app/data/newkinpogroup5515/55/b23195v/lu5-55/docs/v0.1.7/image/loadImage/index.html
2026-02-25 00:23:48,736 - Knowledge - INFO - Fast-tracked /app/data/newkinpogroup5515/55/b23195v/lu5-55/docs/v0.1.7/typography/textAlign/meta.json (ext=.json, size=490)
2026-02-25 00:23:48,903 - Knowledge - INFO - process ingested knowledge for /app/data/newkinpogroup5515/55/b23195v/lu5-55/docs/v0.1.7/math/map/meta.json
2026-02-25 00:23:48,993 - Knowledge - INFO - process ingested knowledge for /app/data/newkinpogroup5515/55/b23195v/lu5-55/docs/v0.1.7/mouse/pmouseX/index.html
2026-02-25 00:23:49,089 - Knowledge - INFO - process ingested knowledge for /app/data/newkinpogroup5515/55/b23195v/lu5-55/docs/v0.1.7/keyboard/keyPressed/meta.json
2026-02-25 00:23:49,199 - Knowledge - INFO - Worker kw19 processing /app/data/newkinpogroup5515/55/b23195v/lu5-55/docs/v0.1.7/typography/index.html
2026-02-25 00:23:49,295 - Knowledge - INFO - Worker kw3 processing /app/data/newkinpogroup5515/55/b23195v/lu5-55/docs/v0.0.4/window/createWindow/meta.json
2026-02-25 00:23:49,404 - Knowledge - INFO - Worker kw1 processing /app/data/newkinpogroup5515/55/b23195v/lu5-55/docs/v0.0.4/window/index.html
2026-02-25 00:23:49,487 - Knowledge - INFO - process ingested knowledge for /app/data/newkinpogroup5515/55/b23195v/lu5-55/docs/v0.1.7/math/tan/meta.json
2026-02-25 00:23:49,644 - Knowledge - INFO - process ingested knowledge for /app/data/newkinpogroup5515/55/b23195v/lu5-55/docs/v0.1.7/mouse/mouseIsPressed/index.html
2026-02-25 00:23:49,661 - Knowledge - INFO - process ingested knowledge for /app/data/newkinpogroup5515/55/b23195v/lu5-55/docs/v0.1.7/setting/fill/meta.json
2026-02-25 00:23:49,750 - Knowledge - INFO - Batch sizing: calculated=8, max_allowed=10, queue=851, active_workers=20/20
2026-02-25 00:23:49,761 - Knowledge - INFO - [kw17] Queue=851, InProgress=0, PendingWorkers=20/20, Completed=516/1455 (35.5%)
2026-02-25 00:23:49,846 - Knowledge - INFO - Worker kw13 processing /app/data/newkinpogroup5515/55/b23195v/lu5-55/docs/v0.0.4/shapes/endShape/meta.json
2026-02-25 00:23:49,929 - Knowledge - INFO - Worker kw18 processing /app/data/newkinpogroup5515/55/b23195v/lu5-55/docs/v0.0.4/shapes/triangle/meta.json
2026-02-25 00:23:50,029 - Knowledge - INFO - Worker kw5 processing /app/data/newkinpogroup5515/55/b23195v/lu5-55/docs/v0.0.4/shapes/rect/meta.json
2026-02-25 00:23:50,192 - Knowledge - INFO - process ingested knowledge for /app/data/newkinpogroup5515/55/b23195v/lu5-55/docs/v0.1.7/image/index.html
2026-02-25 00:23:50,446 - Knowledge - INFO - done ingest for /app/data/newkinpogroup5515/55/b23195v/lu5-55/docs/v0.1.7/vector/Vector.idiv/index.html
2026-02-25 00:23:50,485 - Knowledge - INFO - Processing batch of 8 files
2026-02-25 00:23:50,584 - Knowledge - INFO - Worker kw2 processing /app/data/newkinpogroup5515/55/b23195v/lu5-55/docs/v0.1.7/typography/textFont/index.html
2026-02-25 00:23:50,664 - Knowledge - INFO - process ingested knowledge for /app/data/newkinpogroup5515/55/b23195v/lu5-55/docs/v0.1.7/math/constrain/index.html
2026-02-25 00:23:50,889 - Knowledge - INFO - process ingested knowledge for /app/data/newkinpogroup5515/55/b23195v/lu5-55/docs/v0.1.7/modules.json
2026-02-25 00:23:50,981 - Knowledge - INFO - Worker kw19 processing /app/data/newkinpogroup5515/55/b23195v/lu5-55/docs/v0.1.7/typography/loadFont/index.html
2026-02-25 00:23:51,058 - Knowledge - INFO - Fast-tracked /app/data/newkinpogroup5515/55/b23195v/lu5-55/docs/v0.0.4/window/createWindow/meta.json (ext=.json, size=533)
2026-02-25 00:23:51,226 - Knowledge - INFO - Worker kw1 processing /app/data/newkinpogroup5515/55/b23195v/lu5-55/docs/v0.0.4/window/frameRate/index.html
2026-02-25 00:23:51,300 - Knowledge - INFO - done ingest for /app/data/newkinpogroup5515/55/b23195v/lu5-55/docs/v0.1.7/vector/Vector/index.html
2026-02-25 00:23:51,456 - Knowledge - INFO - done ingest for /app/data/newkinpogroup5515/55/b23195v/lu5-55/docs/v0.1.7/shapes3D/box/index.html
2026-02-25 00:23:51,459 - Knowledge - INFO - process ingested knowledge for /app/data/newkinpogroup5515/55/b23195v/lu5-55/docs/v0.1.7/math/index.html
2026-02-25 00:23:51,459 - Knowledge - INFO - process ingested knowledge for /app/data/newkinpogroup5515/55/b23195v/lu5-55/docs/v0.1.7/mouse/mouseIsPressed/meta.json
2026-02-25 00:23:51,477 - Knowledge - INFO - process ingested knowledge for /app/data/newkinpogroup5515/55/b23195v/lu5-55/docs/v0.1.7/setting/pop/index.html
2026-02-25 00:23:51,652 - Knowledge - INFO - Async storing batch of 8 embeddings
2026-02-25 00:23:51,680 - Knowledge - INFO - Batch sizing: calculated=8, max_allowed=10, queue=851, active_workers=20/20
2026-02-25 00:23:51,762 - Knowledge - INFO - Fast-tracked /app/data/newkinpogroup5515/55/b23195v/lu5-55/docs/v0.0.4/shapes/endShape/meta.json (ext=.json, size=277)
2026-02-25 00:23:51,871 - Knowledge - INFO - [WEBSOCKET] Sent: Type=progress_update, Size: 294, Duration: 0ms
2026-02-25 00:23:51,887 - Knowledge - INFO - Fast-tracked /app/data/newkinpogroup5515/55/b23195v/lu5-55/docs/v0.0.4/shapes/triangle/meta.json (ext=.json, size=216)
2026-02-25 00:23:52,002 - Knowledge - INFO - Fast-tracked /app/data/newkinpogroup5515/55/b23195v/lu5-55/docs/v0.0.4/shapes/rect/meta.json (ext=.json, size=423)
2026-02-25 00:23:52,119 - Knowledge - INFO - process ingested knowledge for /app/data/newkinpogroup5515/55/b23195v/lu5-55/docs/v0.1.7/vector/Vector.dot/index.html
2026-02-25 00:23:52,331 - Knowledge - INFO - process ingested knowledge for /app/data/newkinpogroup5515/55/b23195v/lu5-55/docs/v0.1.7/camera/orbitControl/index.html
2026-02-25 00:23:52,544 - Knowledge - INFO - process ingested knowledge for /app/data/newkinpogroup5515/55/b23195v/lu5-55/docs/v0.1.7/math/constrain/meta.json
2026-02-25 00:23:52,641 - Knowledge - INFO - process ingested knowledge for /app/data/newkinpogroup5515/55/b23195v/lu5-55/docs/v0.1.7/mouse/pmouseY/index.html
2026-02-25 00:23:52,728 - Knowledge - INFO - Worker kw19 processing /app/data/newkinpogroup5515/55/b23195v/lu5-55/docs/v0.1.7/typography/loadFont/meta.json
2026-02-25 00:23:52,838 - Knowledge - INFO - Worker kw3 processing /app/data/newkinpogroup5515/55/b23195v/lu5-55/docs/v0.0.4/window/windowResized/index.html
2026-02-25 00:23:52,933 - Knowledge - INFO - Worker kw1 processing /app/data/newkinpogroup5515/55/b23195v/lu5-55/docs/v0.0.4/window/frameRate/meta.json
2026-02-25 00:23:53,251 - Knowledge - INFO - process ingested knowledge for /app/data/newkinpogroup5515/55/b23195v/lu5-55/docs/v0.1.7/classes/class/index.html
2026-02-25 00:23:53,326 - Knowledge - INFO - process ingested knowledge for /app/data/newkinpogroup5515/55/b23195v/lu5-55/docs/v0.1.7/mouse/index.html
2026-02-25 00:23:53,410 - Knowledge - INFO - process ingested knowledge for /app/data/newkinpogroup5515/55/b23195v/lu5-55/docs/v0.1.7/setting/pop/meta.json
2026-02-25 00:23:53,496 - Knowledge - INFO - Worker kw4 processing /app/data/newkinpogroup5515/55/b23195v/lu5-55/docs/v0.0.4/math/round/meta.json
2026-02-25 00:23:53,669 - Knowledge - INFO - Worker kw13 processing /app/data/newkinpogroup5515/55/b23195v/lu5-55/docs/v0.0.4/shapes/circle/index.html
2026-02-25 00:23:53,798 - Knowledge - INFO - Processing batch of 8 files
2026-02-25 00:23:53,801 - Knowledge - INFO - [LLM_CALL] Completed: index.html:chunk1, Duration: 1ms, PromptTokens: 11386, CompletionTokens: 59, Cost: $0.00116
2026-02-25 00:23:53,877 - Knowledge - INFO - Worker kw18 processing /app/data/newkinpogroup5515/55/b23195v/lu5-55/docs/v0.0.4/shapes/arc/index.html
2026-02-25 00:23:53,974 - Knowledge - INFO - Worker kw5 processing /app/data/newkinpogroup5515/55/b23195v/lu5-55/docs/v0.0.4/shapes/square/index.html
2026-02-25 00:23:54,057 - Knowledge - INFO - process ingested knowledge for /app/data/newkinpogroup5515/55/b23195v/lu5-55/docs/v0.1.7/vector/Vector.dot/meta.json
2026-02-25 00:23:54,134 - Knowledge - INFO - process ingested knowledge for /app/data/newkinpogroup5515/55/b23195v/lu5-55/docs/v0.1.7/camera/orbitControl/meta.json
2026-02-25 00:23:54,227 - Knowledge - INFO - process ingested knowledge for /app/data/newkinpogroup5515/55/b23195v/lu5-55/docs/v0.1.7/math/random/index.html
2026-02-25 00:23:54,444 - Knowledge - INFO - Fast-tracked /app/data/newkinpogroup5515/55/b23195v/lu5-55/docs/v0.1.7/typography/loadFont/meta.json (ext=.json, size=808)
2026-02-25 00:23:54,532 - Knowledge - INFO - Worker kw3 processing /app/data/newkinpogroup5515/55/b23195v/lu5-55/docs/v0.0.4/window/windowResized/meta.json
2026-02-25 00:23:54,647 - Knowledge - INFO - Fast-tracked /app/data/newkinpogroup5515/55/b23195v/lu5-55/docs/v0.0.4/window/frameRate/meta.json (ext=.json, size=562)
2026-02-25 00:23:54,712 - Knowledge - INFO - process ingested knowledge for /app/data/newkinpogroup5515/55/b23195v/lu5-55/docs/v0.1.7/classes/class/meta.json
2026-02-25 00:23:54,836 - Knowledge - INFO - process ingested knowledge for /app/data/newkinpogroup5515/55/b23195v/lu5-55/docs/v0.1.7/mouse/mousePressed/index.html
2026-02-25 00:23:54,948 - Knowledge - INFO - process ingested knowledge for /app/data/newkinpogroup5515/55/b23195v/lu5-55/docs/v0.1.7/keyboard/keyHeld/index.html
2026-02-25 00:23:54,974 - Knowledge - INFO - Fast-tracked /app/data/newkinpogroup5515/55/b23195v/lu5-55/docs/v0.0.4/math/round/meta.json (ext=.json, size=327)
2026-02-25 00:23:55,048 - Knowledge - INFO - Worker kw13 processing /app/data/newkinpogroup5515/55/b23195v/lu5-55/docs/v0.0.4/shapes/circle/meta.json
2026-02-25 00:23:55,126 - Knowledge - INFO - process ingested knowledge for /app/data/newkinpogroup5515/55/b23195v/lu5-55/docs/v0.1.7/vector/Vector.add/index.html
2026-02-25 00:23:55,246 - Knowledge - INFO - done ingest for /app/data/newkinpogroup5515/55/b23195v/lu5-55/docs/v0.1.7/vector/index.html
2026-02-25 00:23:55,247 - Knowledge - INFO - done ingest for /app/data/newkinpogroup5515/55/b23195v/lu5-55/docs/v0.1.7/shapes3D/torus/index.html
2026-02-25 00:23:55,247 - Knowledge - INFO - Async storing batch of 10 embeddings
2026-02-25 00:23:55,247 - Knowledge - INFO - [WEBSOCKET] Sent: Type=unknown, Size: ?, Duration: 3376ms
2026-02-25 00:23:55,365 - Knowledge - INFO - Worker kw18 processing /app/data/newkinpogroup5515/55/b23195v/lu5-55/docs/v0.0.4/shapes/arc/meta.json
2026-02-25 00:23:55,448 - Knowledge - INFO - Worker kw5 processing /app/data/newkinpogroup5515/55/b23195v/lu5-55/docs/v0.0.4/shapes/square/meta.json
2026-02-25 00:23:55,567 - Knowledge - INFO - process ingested knowledge for /app/data/newkinpogroup5515/55/b23195v/lu5-55/docs/v0.1.7/vector/Vector.div/index.html
2026-02-25 00:23:55,655 - Knowledge - INFO - process ingested knowledge for /app/data/newkinpogroup5515/55/b23195v/lu5-55/docs/v0.1.7/camera/index.html
2026-02-25 00:23:55,753 - Knowledge - INFO - process ingested knowledge for /app/data/newkinpogroup5515/55/b23195v/lu5-55/docs/v0.1.7/math/random/meta.json
2026-02-25 00:23:55,839 - Knowledge - INFO - Worker kw19 processing /app/data/newkinpogroup5515/55/b23195v/lu5-55/docs/v0.0.4/io/print/index.html
2026-02-25 00:23:55,948 - Knowledge - INFO - Fast-tracked /app/data/newkinpogroup5515/55/b23195v/lu5-55/docs/v0.0.4/window/windowResized/meta.json (ext=.json, size=226)
2026-02-25 00:23:56,058 - Knowledge - INFO - Worker kw1 processing /app/data/newkinpogroup5515/55/b23195v/lu5-55/docs/v0.0.4/shapes/line/index.html
2026-02-25 00:23:56,137 - Knowledge - INFO - process ingested knowledge for /app/data/newkinpogroup5515/55/b23195v/lu5-55/docs/v0.1.7/classes/index.html
2026-02-25 00:23:56,219 - Knowledge - INFO - process ingested knowledge for /app/data/newkinpogroup5515/55/b23195v/lu5-55/docs/v0.1.7/mouse/mousePressed/meta.json
2026-02-25 00:23:56,314 - Knowledge - INFO - process ingested knowledge for /app/data/newkinpogroup5515/55/b23195v/lu5-55/docs/v0.1.7/keyboard/keyHeld/meta.json
2026-02-25 00:23:56,396 - Knowledge - INFO - Worker kw4 processing /app/data/newkinpogroup5515/55/b23195v/lu5-55/docs/v0.0.4/math/min/index.html
2026-02-25 00:23:56,522 - Knowledge - INFO - Fast-tracked /app/data/newkinpogroup5515/55/b23195v/lu5-55/docs/v0.0.4/shapes/circle/meta.json (ext=.json, size=391)
2026-02-25 00:23:56,598 - Knowledge - INFO - process ingested knowledge for /app/data/newkinpogroup5515/55/b23195v/lu5-55/docs/v0.1.7/vector/Vector.add/meta.json
2026-02-25 00:23:56,955 - Knowledge - INFO - Worker kw17 processing /app/data/newkinpogroup5515/55/b23195v/lu5-55/docs/v0.0.4/math/floor/meta.json
2026-02-25 00:23:57,053 - Knowledge - INFO - Progress: 36.0% | Files: 532/1455 | Rate: 1.62 files/sec | Queue: 835
2026-02-25 00:23:57,054 - Knowledge - INFO - [LLM_CALL] Completed: index.html:chunk1, Duration: 0ms, PromptTokens: 5566, CompletionTokens: 59, Cost: $0.00058
2026-02-25 00:23:57,157 - Knowledge - INFO - Fast-tracked /app/data/newkinpogroup5515/55/b23195v/lu5-55/docs/v0.0.4/shapes/arc/meta.json (ext=.json, size=207)
2026-02-25 00:23:57,276 - Knowledge - INFO - Fast-tracked /app/data/newkinpogroup5515/55/b23195v/lu5-55/docs/v0.0.4/shapes/square/meta.json (ext=.json, size=387)
2026-02-25 00:23:57,377 - Knowledge - INFO - process ingested knowledge for /app/data/newkinpogroup5515/55/b23195v/lu5-55/docs/v0.1.7/vector/Vector.div/meta.json
2026-02-25 00:23:57,459 - Knowledge - INFO - process ingested knowledge for /app/data/newkinpogroup5515/55/b23195v/lu5-55/docs/v0.1.7/image/Image.crop/index.html
2026-02-25 00:23:57,675 - Knowledge - INFO - Worker kw19 processing /app/data/newkinpogroup5515/55/b23195v/lu5-55/docs/v0.0.4/io/print/meta.json
2026-02-25 00:23:57,776 - Knowledge - INFO - Worker kw3 processing /app/data/newkinpogroup5515/55/b23195v/lu5-55/docs/v0.0.4/window/height/index.html
2026-02-25 00:23:57,853 - Knowledge - INFO - Worker kw1 processing /app/data/newkinpogroup5515/55/b23195v/lu5-55/docs/v0.0.4/shapes/line/meta.json
2026-02-25 00:23:58,241 - Knowledge - INFO - process ingested knowledge for /app/data/newkinpogroup5515/55/b23195v/lu5-55/docs/v0.1.7/keyboard/keyReleased/index.html
2026-02-25 00:23:58,256 - Knowledge - INFO - Worker kw4 processing /app/data/newkinpogroup5515/55/b23195v/lu5-55/docs/v0.0.4/math/min/meta.json
2026-02-25 00:23:58,366 - Knowledge - INFO - Worker kw13 processing /app/data/newkinpogroup5515/55/b23195v/lu5-55/docs/v0.0.4/shapes/point/index.html
2026-02-25 00:23:58,560 - Knowledge - INFO - Fast-tracked /app/data/newkinpogroup5515/55/b23195v/lu5-55/docs/v0.0.4/math/floor/meta.json (ext=.json, size=498)
2026-02-25 00:23:58,608 - Knowledge - INFO - process ingested knowledge for /app/data/newkinpogroup5515/55/b23195v/lu5-55/docs/v0.1.7/vector/Vector.print/index.html
2026-02-25 00:23:58,762 - Knowledge - INFO - done ingest for /app/data/newkinpogroup5515/55/b23195v/lu5-55/docs/v0.1.7/shapes3D/plane/index.html
2026-02-25 00:23:58,763 - Knowledge - INFO - done ingest for /app/data/newkinpogroup5515/55/b23195v/lu5-55/docs/v0.1.7/shapes3D/index.html
2026-02-25 00:23:58,777 - Knowledge - INFO - [kw15] Queue=835, InProgress=0, PendingWorkers=20/20, Completed=532/1455 (36.6%)
2026-02-25 00:23:58,850 - Knowledge - INFO - Worker kw18 processing /app/data/newkinpogroup5515/55/b23195v/lu5-55/docs/v0.0.4/shapes/ellipse/index.html
2026-02-25 00:23:58,960 - Knowledge - INFO - [kw7] Queue=835, InProgress=0, PendingWorkers=20/20, Completed=532/1455 (36.6%)
2026-02-25 00:23:58,975 - Knowledge - INFO - Worker kw5 processing /app/data/newkinpogroup5515/55/b23195v/lu5-55/docs/v0.0.4/shapes/quad/index.html
2026-02-25 00:23:59,191 - Knowledge - INFO - process ingested knowledge for /app/data/newkinpogroup5515/55/b23195v/lu5-55/docs/v0.1.7/vector/Vector.copy/index.html
2026-02-25 00:23:59,277 - Knowledge - INFO - process ingested knowledge for /app/data/newkinpogroup5515/55/b23195v/lu5-55/docs/v0.1.7/image/Image.crop/meta.json
2026-02-25 00:23:59,307 - Knowledge - INFO - Fast-tracked /app/data/newkinpogroup5515/55/b23195v/lu5-55/docs/v0.0.4/io/print/meta.json (ext=.json, size=297)
2026-02-25 00:23:59,363 - Knowledge - INFO - [kw6] Queue=835, InProgress=0, PendingWorkers=20/20, Completed=532/1455 (36.6%)
2026-02-25 00:23:59,531 - Knowledge - INFO - Fast-tracked /app/data/newkinpogroup5515/55/b23195v/lu5-55/docs/v0.0.4/shapes/line/meta.json (ext=.json, size=473)
2026-02-25 00:23:59,710 - Knowledge - INFO - Fast-tracked /app/data/newkinpogroup5515/55/b23195v/lu5-55/docs/v0.0.4/math/min/meta.json (ext=.json, size=530)
2026-02-25 00:23:59,718 - Knowledge - INFO - [kw20] Queue=835, InProgress=0, PendingWorkers=20/20, Completed=532/1455 (36.6%)
2026-02-25 00:23:59,796 - Knowledge - INFO - [kw8] Queue=835, InProgress=0, PendingWorkers=20/20, Completed=532/1455 (36.6%)
2026-02-25 00:23:59,807 - Knowledge - INFO - Worker kw13 processing /app/data/newkinpogroup5515/55/b23195v/lu5-55/docs/v0.0.4/shapes/point/meta.json
2026-02-25 00:23:59,890 - Knowledge - INFO - Worker kw17 processing /app/data/newkinpogroup5515/55/b23195v/lu5-55/docs/v0.0.4/math/sin/index.html
2026-02-25 00:24:00,035 - Knowledge - INFO - process ingested knowledge for /app/data/newkinpogroup5515/55/b23195v/lu5-55/docs/v0.1.7/vector/Vector.print/meta.json
2026-02-25 00:24:00,132 - Knowledge - INFO - [LLM_CALL] Completed: index.html:chunk1, Duration: 303ms, PromptTokens: 5472, CompletionTokens: 59, Cost: $0.00057
2026-02-25 00:24:00,359 - Knowledge - INFO - Batch sizing: calculated=8, max_allowed=10, queue=835, active_workers=20/20
2026-02-25 00:24:00,446 - Knowledge - INFO - Worker kw18 processing /app/data/newkinpogroup5515/55/b23195v/lu5-55/docs/v0.0.4/shapes/ellipse/meta.json
2026-02-25 00:24:00,545 - Knowledge - INFO - Batch sizing: calculated=8, max_allowed=10, queue=835, active_workers=20/20
2026-02-25 00:24:00,666 - Knowledge - INFO - Worker kw5 processing /app/data/newkinpogroup5515/55/b23195v/lu5-55/docs/v0.0.4/shapes/quad/meta.json
2026-02-25 00:24:00,778 - Knowledge - INFO - process ingested knowledge for /app/data/newkinpogroup5515/55/b23195v/lu5-55/docs/v0.1.7/vector/Vector.copy/meta.json
2026-02-25 00:24:00,833 - Knowledge - INFO - process ingested knowledge for /app/data/newkinpogroup5515/55/b23195v/lu5-55/docs/v0.1.7/image/image/index.html
2026-02-25 00:24:01,030 - Knowledge - INFO - Batch sizing: calculated=8, max_allowed=10, queue=835, active_workers=20/20
2026-02-25 00:24:01,230 - Knowledge - INFO - Worker kw4 processing /app/data/newkinpogroup5515/55/b23195v/lu5-55/docs/v0.0.4/math/QUARTER_PI/index.html
2026-02-25 00:24:01,334 - Knowledge - INFO - Batch sizing: calculated=8, max_allowed=10, queue=835, active_workers=20/20
2026-02-25 00:24:01,416 - Knowledge - INFO - Batch sizing: calculated=8, max_allowed=10, queue=835, active_workers=20/20
2026-02-25 00:24:01,536 - Knowledge - INFO - Fast-tracked /app/data/newkinpogroup5515/55/b23195v/lu5-55/docs/v0.0.4/shapes/point/meta.json (ext=.json, size=210)
2026-02-25 00:24:01,645 - Knowledge - INFO - Worker kw17 processing /app/data/newkinpogroup5515/55/b23195v/lu5-55/docs/v0.0.4/math/sin/meta.json
2026-02-25 00:24:01,766 - Knowledge - INFO - process ingested knowledge for /app/data/newkinpogroup5515/55/b23195v/lu5-55/docs/v0.1.7/vector/Vector.idiv/index.html
2026-02-25 00:24:01,883 - Knowledge - INFO - done ingest for /app/data/newkinpogroup5515/55/b23195v/lu5-55/docs/v0.1.7/vector/createVector/index.html
2026-02-25 00:24:01,884 - Knowledge - INFO - done ingest for /app/data/newkinpogroup5515/55/b23195v/lu5-55/docs/v0.1.7/shapes3D/cylinder/index.html
2026-02-25 00:24:01,888 - Knowledge - INFO - [kw9] Queue=835, InProgress=0, PendingWorkers=20/20, Completed=532/1455 (36.6%)
2026-02-25 00:24:01,985 - Knowledge - INFO - Async storing batch of 8 embeddings
2026-02-25 00:24:02,070 - Knowledge - INFO - Fast-tracked /app/data/newkinpogroup5515/55/b23195v/lu5-55/docs/v0.0.4/shapes/ellipse/meta.json (ext=.json, size=221)
2026-02-25 00:24:02,164 - Knowledge - INFO - Async storing batch of 8 embeddings
2026-02-25 00:24:02,254 - Knowledge - INFO - Fast-tracked /app/data/newkinpogroup5515/55/b23195v/lu5-55/docs/v0.0.4/shapes/quad/meta.json (ext=.json, size=723)
2026-02-25 00:24:02,463 - Knowledge - INFO - process ingested knowledge for /app/data/newkinpogroup5515/55/b23195v/lu5-55/docs/v0.1.7/image/image/meta.json
2026-02-25 00:24:02,611 - Knowledge - INFO - Async storing batch of 10 embeddings
2026-02-25 00:24:02,681 - Knowledge - INFO - Worker kw4 processing /app/data/newkinpogroup5515/55/b23195v/lu5-55/docs/v0.0.4/math/QUARTER_PI/meta.json
2026-02-25 00:24:02,756 - Knowledge - INFO - Async storing batch of 8 embeddings
2026-02-25 00:24:02,862 - Knowledge - INFO - Async storing batch of 10 embeddings
2026-02-25 00:24:02,926 - Knowledge - INFO - Worker kw13 processing /app/data/newkinpogroup5515/55/b23195v/lu5-55/docs/v0.0.4/shapes/beginShape/index.html
2026-02-25 00:24:03,050 - Knowledge - INFO - Fast-tracked /app/data/newkinpogroup5515/55/b23195v/lu5-55/docs/v0.0.4/math/sin/meta.json (ext=.json, size=319)
2026-02-25 00:24:03,213 - Knowledge - INFO - process ingested knowledge for /app/data/newkinpogroup5515/55/b23195v/lu5-55/docs/v0.1.7/vector/Vector.idiv/meta.json
2026-02-25 00:24:03,358 - Knowledge - INFO - [LLM_CALL] Completed: index.html:chunk1, Duration: 1470ms, PromptTokens: 5206, CompletionTokens: 59, Cost: $0.00054
2026-02-25 00:24:03,480 - Knowledge - INFO - Batch sizing: calculated=8, max_allowed=10, queue=835, active_workers=20/20
2026-02-25 00:24:03,581 - Knowledge - INFO - Worker kw15 processing /app/data/newkinpogroup5515/55/b23195v/lu5-55/docs/v0.0.4/math/map/meta.json
2026-02-25 00:24:03,666 - Knowledge - INFO - Worker kw18 processing /app/data/newkinpogroup5515/55/b23195v/lu5-55/docs/v0.0.4/shapes/vertex/index.html
2026-02-25 00:24:03,776 - Knowledge - INFO - Worker kw7 processing /app/data/newkinpogroup5515/55/b23195v/lu5-55/docs/v0.0.4/math/ceil/meta.json
2026-02-25 00:24:03,850 - Knowledge - INFO - Worker kw5 processing /app/data/newkinpogroup5515/55/b23195v/lu5-55/docs/v0.0.4/shapes/index.html
2026-02-25 00:24:03,949 - Knowledge - INFO - process ingested knowledge for /app/data/newkinpogroup5515/55/b23195v/lu5-55/docs/v0.1.7/image/loadImage/index.html
2026-02-25 00:24:04,033 - Knowledge - INFO - Worker kw6 processing /app/data/newkinpogroup5515/55/b23195v/lu5-55/docs/v0.0.4/classes/index.html
2026-02-25 00:24:04,137 - Knowledge - INFO - Fast-tracked /app/data/newkinpogroup5515/55/b23195v/lu5-55/docs/v0.0.4/math/QUARTER_PI/meta.json (ext=.json, size=193)
2026-02-25 00:24:04,216 - Knowledge - INFO - Worker kw20 processing /app/data/newkinpogroup5515/55/b23195v/lu5-55/docs/v0.0.4/setting/stroke/meta.json
2026-02-25 00:24:04,311 - Knowledge - INFO - Worker kw8 processing /app/data/newkinpogroup5515/55/b23195v/lu5-55/docs/v0.0.4/setting/pop/index.html
2026-02-25 00:24:04,405 - Knowledge - INFO - Worker kw13 processing /app/data/newkinpogroup5515/55/b23195v/lu5-55/docs/v0.0.4/shapes/beginShape/meta.json
2026-02-25 00:24:04,512 - Knowledge - INFO - Worker kw17 processing /app/data/newkinpogroup5515/55/b23195v/lu5-55/docs/v0.0.4/math/abs/index.html
2026-02-25 00:24:04,591 - Knowledge - INFO - process ingested knowledge for /app/data/newkinpogroup5515/55/b23195v/lu5-55/docs/v0.1.7/vector/Vector.mult/index.html
2026-02-25 00:24:04,690 - Knowledge - INFO - done ingest for /app/data/newkinpogroup5515/55/b23195v/lu5-55/docs/v0.1.7/vector/Vector.sub/index.html
2026-02-25 00:24:04,690 - Knowledge - INFO - Processing batch of 8 files
2026-02-25 00:24:04,691 - Knowledge - INFO - [kw16] Queue=795, InProgress=0, PendingWorkers=20/20, Completed=540/1455 (37.1%)
2026-02-25 00:24:04,781 - Knowledge - INFO - Async storing batch of 8 embeddings
2026-02-25 00:24:04,903 - Knowledge - INFO - Fast-tracked /app/data/newkinpogroup5515/55/b23195v/lu5-55/docs/v0.0.4/math/map/meta.json (ext=.json, size=574)
2026-02-25 00:24:05,015 - Knowledge - INFO - Worker kw18 processing /app/data/newkinpogroup5515/55/b23195v/lu5-55/docs/v0.0.4/shapes/vertex/meta.json
2026-02-25 00:24:05,119 - Knowledge - INFO - Fast-tracked /app/data/newkinpogroup5515/55/b23195v/lu5-55/docs/v0.0.4/math/ceil/meta.json (ext=.json, size=475)
2026-02-25 00:24:05,203 - Knowledge - INFO - Worker kw5 processing /app/data/newkinpogroup5515/55/b23195v/lu5-55/docs/v0.0.4/math/round/index.html
2026-02-25 00:24:05,385 - Knowledge - INFO - Worker kw6 processing /app/data/newkinpogroup5515/55/b23195v/lu5-55/docs/v0.0.4/setting/strokeWeight/index.html
2026-02-25 00:24:05,480 - Knowledge - INFO - Worker kw4 processing /app/data/newkinpogroup5515/55/b23195v/lu5-55/docs/v0.0.4/math/TWO_PI/index.html
2026-02-25 00:24:05,565 - Knowledge - INFO - Fast-tracked /app/data/newkinpogroup5515/55/b23195v/lu5-55/docs/v0.0.4/setting/stroke/meta.json (ext=.json, size=485)
2026-02-25 00:24:05,654 - Knowledge - INFO - Async storage completed for 10 embeddings
2026-02-25 00:24:05,661 - Knowledge - INFO - Worker kw8 processing /app/data/newkinpogroup5515/55/b23195v/lu5-55/docs/v0.0.4/setting/pop/meta.json
2026-02-25 00:24:05,738 - Knowledge - INFO - Fast-tracked /app/data/newkinpogroup5515/55/b23195v/lu5-55/docs/v0.0.4/shapes/beginShape/meta.json (ext=.json, size=612)
2026-02-25 00:24:05,851 - Knowledge - INFO - Worker kw17 processing /app/data/newkinpogroup5515/55/b23195v/lu5-55/docs/v0.0.4/math/abs/meta.json
2026-02-25 00:24:05,981 - Knowledge - INFO - process ingested knowledge for /app/data/newkinpogroup5515/55/b23195v/lu5-55/docs/v0.1.7/vector/Vector.mult/meta.json
2026-02-25 00:24:06,087 - Knowledge - INFO - Processing batch of 8 files
2026-02-25 00:24:06,125 - Knowledge - INFO - process ingested knowledge for /app/data/newkinpogroup5515/55/b23195v/lu5-55/docs/v0.1.7/shapes3D/plane/meta.json
2026-02-25 00:24:06,232 - Knowledge - INFO - [kw12] Queue=787, InProgress=0, PendingWorkers=20/20, Completed=548/1455 (37.7%)
2026-02-25 00:24:06,237 - Knowledge - INFO - Batch sizing: calculated=8, max_allowed=10, queue=795, active_workers=20/20
2026-02-25 00:24:06,345 - Knowledge - INFO - Worker kw9 processing /app/data/newkinpogroup5515/55/b23195v/lu5-55/docs/v0.0.4/keyboard/ENTER/index.html
2026-02-25 00:24:06,470 - Knowledge - INFO - Worker kw15 processing /app/data/newkinpogroup5515/55/b23195v/lu5-55/docs/v0.0.4/math/constrain/index.html
2026-02-25 00:24:06,563 - Knowledge - INFO - Fast-tracked /app/data/newkinpogroup5515/55/b23195v/lu5-55/docs/v0.0.4/shapes/vertex/meta.json (ext=.json, size=373)
2026-02-25 00:24:06,648 - Knowledge - INFO - Worker kw7 processing /app/data/newkinpogroup5515/55/b23195v/lu5-55/docs/v0.0.4/math/HALF_PI/index.html
2026-02-25 00:24:06,854 - Knowledge - INFO - Worker kw6 processing /app/data/newkinpogroup5515/55/b23195v/lu5-55/docs/v0.0.4/setting/strokeWeight/meta.json
2026-02-25 00:24:06,936 - Knowledge - INFO - Worker kw4 processing /app/data/newkinpogroup5515/55/b23195v/lu5-55/docs/v0.0.4/math/TWO_PI/meta.json
2026-02-25 00:24:07,017 - Knowledge - INFO - Worker kw20 processing /app/data/newkinpogroup5515/55/b23195v/lu5-55/docs/v0.0.4/setting/noFill/index.html
2026-02-25 00:24:07,186 - Knowledge - INFO - Fast-tracked /app/data/newkinpogroup5515/55/b23195v/lu5-55/docs/v0.0.4/setting/pop/meta.json (ext=.json, size=210)
2026-02-25 00:24:07,371 - Knowledge - INFO - Fast-tracked /app/data/newkinpogroup5515/55/b23195v/lu5-55/docs/v0.0.4/math/abs/meta.json (ext=.json, size=438)
2026-02-25 00:24:07,551 - Knowledge - INFO - process ingested knowledge for /app/data/newkinpogroup5515/55/b23195v/lu5-55/docs/v0.1.7/vector/Vector/index.html
2026-02-25 00:24:07,668 - Knowledge - INFO - process ingested knowledge for /app/data/newkinpogroup5515/55/b23195v/lu5-55/docs/v0.1.7/shapes3D/cylinder/index.html
2026-02-25 00:24:07,739 - Knowledge - INFO - Batch sizing: calculated=8, max_allowed=10, queue=787, active_workers=20/20
2026-02-25 00:24:07,946 - Knowledge - INFO - Async storing batch of 8 embeddings
2026-02-25 00:24:07,960 - Knowledge - INFO - Worker kw9 processing /app/data/newkinpogroup5515/55/b23195v/lu5-55/docs/v0.0.4/keyboard/ENTER/meta.json
2026-02-25 00:24:08,048 - Knowledge - INFO - Worker kw15 processing /app/data/newkinpogroup5515/55/b23195v/lu5-55/docs/v0.0.4/math/constrain/meta.json
2026-02-25 00:24:08,249 - Knowledge - INFO - Worker kw7 processing /app/data/newkinpogroup5515/55/b23195v/lu5-55/docs/v0.0.4/math/HALF_PI/meta.json
2026-02-25 00:24:08,334 - Knowledge - INFO - Fast-tracked /app/data/newkinpogroup5515/55/b23195v/lu5-55/docs/v0.0.4/setting/strokeWeight/meta.json (ext=.json, size=323)
2026-02-25 00:24:08,410 - Knowledge - INFO - Fast-tracked /app/data/newkinpogroup5515/55/b23195v/lu5-55/docs/v0.0.4/math/TWO_PI/meta.json (ext=.json, size=189)
2026-02-25 00:24:08,516 - Knowledge - INFO - Worker kw20 processing /app/data/newkinpogroup5515/55/b23195v/lu5-55/docs/v0.0.4/setting/noFill/meta.json
2026-02-25 00:24:08,584 - Knowledge - INFO - [kw11] Queue=779, InProgress=0, PendingWorkers=20/20, Completed=548/1455 (37.7%)
2026-02-25 00:24:08,613 - Knowledge - INFO - Worker kw8 processing /app/data/newkinpogroup5515/55/b23195v/lu5-55/docs/v0.0.4/keyboard/RIGHT_ARROW/index.html
2026-02-25 00:24:08,695 - Knowledge - INFO - Worker kw17 processing /app/data/newkinpogroup5515/55/b23195v/lu5-55/docs/v0.0.4/math/max/index.html
2026-02-25 00:24:08,788 - Knowledge - INFO - process ingested knowledge for /app/data/newkinpogroup5515/55/b23195v/lu5-55/docs/v0.1.7/vector/Vector/meta.json
2026-02-25 00:24:08,870 - Knowledge - INFO - process ingested knowledge for /app/data/newkinpogroup5515/55/b23195v/lu5-55/docs/v0.1.7/shapes3D/cylinder/meta.json
2026-02-25 00:24:08,964 - Knowledge - INFO - Async storing batch of 8 embeddings
2026-02-25 00:24:09,059 - Knowledge - INFO - Worker kw16 processing /app/data/newkinpogroup5515/55/b23195v/lu5-55/docs/v0.0.4/keyboard/isKeyDown/index.html
2026-02-25 00:24:09,186 - Knowledge - INFO - Fast-tracked /app/data/newkinpogroup5515/55/b23195v/lu5-55/docs/v0.0.4/keyboard/ENTER/meta.json (ext=.json, size=186)
2026-02-25 00:24:09,299 - Knowledge - INFO - Fast-tracked /app/data/newkinpogroup5515/55/b23195v/lu5-55/docs/v0.0.4/math/constrain/meta.json (ext=.json, size=438)
2026-02-25 00:24:09,390 - Knowledge - INFO - Fast-tracked /app/data/newkinpogroup5515/55/b23195v/lu5-55/docs/v0.0.4/math/HALF_PI/meta.json (ext=.json, size=190)
2026-02-25 00:24:09,482 - Knowledge - INFO - Worker kw6 processing /app/data/newkinpogroup5515/55/b23195v/lu5-55/docs/v0.0.4/setting/push/index.html
2026-02-25 00:24:09,595 - Knowledge - INFO - Worker kw4 processing /app/data/newkinpogroup5515/55/b23195v/lu5-55/docs/v0.0.4/math/floor/index.html
2026-02-25 00:24:09,713 - Knowledge - INFO - Fast-tracked /app/data/newkinpogroup5515/55/b23195v/lu5-55/docs/v0.0.4/setting/noFill/meta.json (ext=.json, size=198)
2026-02-25 00:24:09,851 - Knowledge - INFO - Batch sizing: calculated=8, max_allowed=10, queue=779, active_workers=20/20
2026-02-25 00:24:09,978 - Knowledge - INFO - Worker kw8 processing /app/data/newkinpogroup5515/55/b23195v/lu5-55/docs/v0.0.4/keyboard/RIGHT_ARROW/meta.json
2026-02-25 00:24:10,103 - Knowledge - INFO - Worker kw17 processing /app/data/newkinpogroup5515/55/b23195v/lu5-55/docs/v0.0.4/math/max/meta.json
2026-02-25 00:24:10,227 - Knowledge - INFO - process ingested knowledge for /app/data/newkinpogroup5515/55/b23195v/lu5-55/docs/v0.1.7/vector/Vector.sub/index.html
2026-02-25 00:24:10,303 - Knowledge - INFO - process ingested knowledge for /app/data/newkinpogroup5515/55/b23195v/lu5-55/docs/v0.1.7/shapes3D/box/index.html
2026-02-25 00:24:10,406 - Knowledge - INFO - Worker kw12 processing /app/data/newkinpogroup5515/55/b23195v/lu5-55/docs/v0.0.4/mouse/mouseY/index.html
2026-02-25 00:24:10,481 - Knowledge - INFO - Worker kw16 processing /app/data/newkinpogroup5515/55/b23195v/lu5-55/docs/v0.0.4/keyboard/isKeyDown/meta.json
2026-02-25 00:24:10,566 - Knowledge - INFO - Worker kw9 processing /app/data/newkinpogroup5515/55/b23195v/lu5-55/docs/v0.0.4/keyboard/keyReleased/index.html
2026-02-25 00:24:10,592 - Knowledge - INFO - [LLM_CALL] Completed: index.html:chunk1, Duration: 1145ms, PromptTokens: 5596, CompletionTokens: 59, Cost: $0.00058
2026-02-25 00:24:10,683 - Knowledge - INFO - Worker kw15 processing /app/data/newkinpogroup5515/55/b23195v/lu5-55/docs/v0.0.4/math/PI/index.html
2026-02-25 00:24:10,794 - Knowledge - INFO - Worker kw7 processing /app/data/newkinpogroup5515/55/b23195v/lu5-55/docs/v0.0.4/math/tan/index.html
2026-02-25 00:24:10,914 - Knowledge - INFO - Worker kw6 processing /app/data/newkinpogroup5515/55/b23195v/lu5-55/docs/v0.0.4/setting/push/meta.json
2026-02-25 00:24:11,100 - Knowledge - INFO - Worker kw20 processing /app/data/newkinpogroup5515/55/b23195v/lu5-55/docs/v0.0.4/setting/noStroke/index.html
2026-02-25 00:24:11,298 - Knowledge - INFO - Fast-tracked /app/data/newkinpogroup5515/55/b23195v/lu5-55/docs/v0.0.4/keyboard/RIGHT_ARROW/meta.json (ext=.json, size=192)
2026-02-25 00:24:11,415 - Knowledge - INFO - Fast-tracked /app/data/newkinpogroup5515/55/b23195v/lu5-55/docs/v0.0.4/math/max/meta.json (ext=.json, size=528)
2026-02-25 00:24:11,494 - Knowledge - INFO - process ingested knowledge for /app/data/newkinpogroup5515/55/b23195v/lu5-55/docs/v0.1.7/vector/Vector.sub/meta.json
2026-02-25 00:24:11,592 - Knowledge - INFO - process ingested knowledge for /app/data/newkinpogroup5515/55/b23195v/lu5-55/docs/v0.1.7/shapes3D/box/meta.json
2026-02-25 00:24:11,702 - Knowledge - INFO - Worker kw12 processing /app/data/newkinpogroup5515/55/b23195v/lu5-55/docs/v0.0.4/mouse/mouseY/meta.json
2026-02-25 00:24:11,810 - Knowledge - INFO - Fast-tracked /app/data/newkinpogroup5515/55/b23195v/lu5-55/docs/v0.0.4/keyboard/isKeyDown/meta.json (ext=.json, size=677)
2026-02-25 00:24:11,926 - Knowledge - INFO - Worker kw9 processing /app/data/newkinpogroup5515/55/b23195v/lu5-55/docs/v0.0.4/keyboard/keyReleased/meta.json
2026-02-25 00:24:12,011 - Knowledge - INFO - done ingest for /app/data/newkinpogroup5515/55/b23195v/lu5-55/docs/v0.1.7/typography/textFont/index.html
2026-02-25 00:24:12,012 - Knowledge - INFO - Async storing batch of 8 embeddings
2026-02-25 00:24:12,140 - Knowledge - INFO - Worker kw15 processing /app/data/newkinpogroup5515/55/b23195v/lu5-55/docs/v0.0.4/math/PI/meta.json
2026-02-25 00:24:12,258 - Knowledge - INFO - Worker kw7 processing /app/data/newkinpogroup5515/55/b23195v/lu5-55/docs/v0.0.4/math/tan/meta.json
2026-02-25 00:24:12,347 - Knowledge - INFO - Fast-tracked /app/data/newkinpogroup5515/55/b23195v/lu5-55/docs/v0.0.4/setting/push/meta.json (ext=.json, size=207)
2026-02-25 00:24:12,435 - Knowledge - INFO - Worker kw20 processing /app/data/newkinpogroup5515/55/b23195v/lu5-55/docs/v0.0.4/setting/noStroke/meta.json
2026-02-25 00:24:12,526 - Knowledge - INFO - Worker kw8 processing /app/data/newkinpogroup5515/55/b23195v/lu5-55/docs/v0.0.4/keyboard/DOWN_ARROW/index.html
2026-02-25 00:24:12,636 - Knowledge - INFO - Worker kw17 processing /app/data/newkinpogroup5515/55/b23195v/lu5-55/docs/v0.0.4/math/map/index.html
2026-02-25 00:24:12,731 - Knowledge - INFO - process ingested knowledge for /app/data/newkinpogroup5515/55/b23195v/lu5-55/docs/v0.1.7/vector/index.html
2026-02-25 00:24:12,818 - Knowledge - INFO - process ingested knowledge for /app/data/newkinpogroup5515/55/b23195v/lu5-55/docs/v0.1.7/shapes3D/torus/index.html
2026-02-25 00:24:12,923 - Knowledge - INFO - Fast-tracked /app/data/newkinpogroup5515/55/b23195v/lu5-55/docs/v0.0.4/mouse/mouseY/meta.json (ext=.json, size=337)
2026-02-25 00:24:13,043 - Knowledge - INFO - Worker kw16 processing /app/data/newkinpogroup5515/55/b23195v/lu5-55/docs/v0.0.4/keyboard/index.html
2026-02-25 00:24:13,142 - Knowledge - INFO - Fast-tracked /app/data/newkinpogroup5515/55/b23195v/lu5-55/docs/v0.0.4/keyboard/keyReleased/meta.json (ext=.json, size=272)
2026-02-25 00:24:13,271 - Knowledge - INFO - [LLM_CALL] Completed: index.html:chunk1, Duration: 333ms, PromptTokens: 8834, CompletionTokens: 59, Cost: $0.00091
2026-02-25 00:24:13,315 - Knowledge - INFO - Worker kw11 processing /app/data/newkinpogroup5515/55/b23195v/lu5-55/docs/v0.0.4/mouse/index.html
2026-02-25 00:24:13,394 - Knowledge - INFO - Fast-tracked /app/data/newkinpogroup5515/55/b23195v/lu5-55/docs/v0.0.4/math/PI/meta.json (ext=.json, size=185)
2026-02-25 00:24:13,513 - Knowledge - INFO - Fast-tracked /app/data/newkinpogroup5515/55/b23195v/lu5-55/docs/v0.0.4/math/tan/meta.json (ext=.json, size=322)
2026-02-25 00:24:13,598 - Knowledge - INFO - Worker kw6 processing /app/data/newkinpogroup5515/55/b23195v/lu5-55/docs/v0.0.4/setting/background/index.html
2026-02-25 00:24:13,703 - Knowledge - INFO - Fast-tracked /app/data/newkinpogroup5515/55/b23195v/lu5-55/docs/v0.0.4/setting/noStroke/meta.json (ext=.json, size=303)
2026-02-25 00:24:13,802 - Knowledge - INFO - Worker kw8 processing /app/data/newkinpogroup5515/55/b23195v/lu5-55/docs/v0.0.4/keyboard/DOWN_ARROW/meta.json
2026-02-25 00:24:13,996 - Knowledge - INFO - process ingested knowledge for /app/data/newkinpogroup5515/55/b23195v/lu5-55/docs/v0.1.7/vector/createVector/index.html
2026-02-25 00:24:14,116 - Knowledge - INFO - process ingested knowledge for /app/data/newkinpogroup5515/55/b23195v/lu5-55/docs/v0.1.7/shapes3D/torus/meta.json
2026-02-25 00:24:14,207 - Knowledge - INFO - Worker kw12 processing /app/data/newkinpogroup5515/55/b23195v/lu5-55/docs/v0.0.4/mouse/mouseReleased/index.html
2026-02-25 00:24:14,293 - Knowledge - INFO - Worker kw16 processing /app/data/newkinpogroup5515/55/b23195v/lu5-55/docs/v0.0.4/keyboard/keyPressed/index.html
2026-02-25 00:24:14,373 - Knowledge - INFO - Worker kw9 processing /app/data/newkinpogroup5515/55/b23195v/lu5-55/docs/v0.0.4/keyboard/LEFT_ARROW/index.html
2026-02-25 00:24:14,497 - Knowledge - INFO - done ingest for /app/data/newkinpogroup5515/55/b23195v/lu5-55/docs/v0.1.7/index.html
2026-02-25 00:24:14,612 - Knowledge - INFO - Worker kw11 processing /app/data/newkinpogroup5515/55/b23195v/lu5-55/docs/v0.0.4/mouse/mousePressed/index.html
2026-02-25 00:24:14,730 - Knowledge - INFO - Worker kw15 processing /app/data/newkinpogroup5515/55/b23195v/lu5-55/docs/v0.0.4/math/cos/index.html
2026-02-25 00:24:14,853 - Knowledge - INFO - Worker kw7 processing /app/data/newkinpogroup5515/55/b23195v/lu5-55/docs/v0.0.4/math/index.html
2026-02-25 00:24:14,963 - Knowledge - INFO - Worker kw6 processing /app/data/newkinpogroup5515/55/b23195v/lu5-55/docs/v0.0.4/setting/background/meta.json
2026-02-25 00:24:15,040 - Knowledge - INFO - Worker kw20 processing /app/data/newkinpogroup5515/55/b23195v/lu5-55/docs/v0.0.4/setting/index.html
2026-02-25 00:24:15,152 - Knowledge - INFO - Fast-tracked /app/data/newkinpogroup5515/55/b23195v/lu5-55/docs/v0.0.4/keyboard/DOWN_ARROW/meta.json (ext=.json, size=191)
2026-02-25 00:24:15,238 - Knowledge - INFO - process ingested knowledge for /app/data/newkinpogroup5515/55/b23195v/lu5-55/docs/v0.1.7/vector/createVector/meta.json
2026-02-25 00:24:15,328 - Knowledge - INFO - process ingested knowledge for /app/data/newkinpogroup5515/55/b23195v/lu5-55/docs/v0.1.7/shapes3D/index.html
2026-02-25 00:24:15,408 - Knowledge - INFO - Worker kw12 processing /app/data/newkinpogroup5515/55/b23195v/lu5-55/docs/v0.0.4/mouse/mouseReleased/meta.json
2026-02-25 00:24:15,501 - Knowledge - INFO - Worker kw16 processing /app/data/newkinpogroup5515/55/b23195v/lu5-55/docs/v0.0.4/keyboard/keyPressed/meta.json
2026-02-25 00:24:15,580 - Knowledge - INFO - Worker kw9 processing /app/data/newkinpogroup5515/55/b23195v/lu5-55/docs/v0.0.4/keyboard/LEFT_ARROW/meta.json
2026-02-25 00:24:15,713 - Knowledge - INFO - [LLM_CALL] Completed: index.html:chunk1, Duration: 598ms, PromptTokens: 5664, CompletionTokens: 59, Cost: $0.00059
2026-02-25 00:24:15,801 - Knowledge - INFO - Worker kw11 processing /app/data/newkinpogroup5515/55/b23195v/lu5-55/docs/v0.0.4/mouse/mousePressed/meta.json
2026-02-25 00:24:15,903 - Knowledge - INFO - Worker kw15 processing /app/data/newkinpogroup5515/55/b23195v/lu5-55/docs/v0.0.4/math/cos/meta.json
2026-02-25 00:24:16,005 - Knowledge - INFO - Worker kw7 processing /app/data/newkinpogroup5515/55/b23195v/lu5-55/docs/v0.0.4/classes/class/index.html
2026-02-25 00:24:16,086 - Knowledge - INFO - Fast-tracked /app/data/newkinpogroup5515/55/b23195v/lu5-55/docs/v0.0.4/setting/background/meta.json (ext=.json, size=392)
2026-02-25 00:24:16,169 - Knowledge - INFO - Worker kw20 processing /app/data/newkinpogroup5515/55/b23195v/lu5-55/docs/v0.0.4/setting/fill/index.html
2026-02-25 00:24:16,249 - Knowledge - INFO - Worker kw8 processing /app/data/newkinpogroup5515/55/b23195v/lu5-55/docs/v0.0.4/keyboard/keyHeld/index.html
2026-02-25 00:24:16,360 - Knowledge - INFO - process ingested knowledge for /app/data/newkinpogroup5515/55/b23195v/lu5-55/docs/v0.1.7/shapes3D/plane/index.html
2026-02-25 00:24:16,589 - Knowledge - INFO - Fast-tracked /app/data/newkinpogroup5515/55/b23195v/lu5-55/docs/v0.0.4/mouse/mouseReleased/meta.json (ext=.json, size=682)
2026-02-25 00:24:16,681 - Knowledge - INFO - Fast-tracked /app/data/newkinpogroup5515/55/b23195v/lu5-55/docs/v0.0.4/keyboard/keyPressed/meta.json (ext=.json, size=269)
2026-02-25 00:24:16,795 - Knowledge - INFO - Fast-tracked /app/data/newkinpogroup5515/55/b23195v/lu5-55/docs/v0.0.4/keyboard/LEFT_ARROW/meta.json (ext=.json, size=191)
2026-02-25 00:24:16,873 - Knowledge - INFO - done ingest for /app/data/newkinpogroup5515/55/b23195v/lu5-55/docs/v0.1.7/shapes3D/sphere/index.html
2026-02-25 00:24:16,986 - Knowledge - INFO - Fast-tracked /app/data/newkinpogroup5515/55/b23195v/lu5-55/docs/v0.0.4/mouse/mousePressed/meta.json (ext=.json, size=638)
2026-02-25 00:24:17,084 - Knowledge - INFO - Fast-tracked /app/data/newkinpogroup5515/55/b23195v/lu5-55/docs/v0.0.4/math/cos/meta.json (ext=.json, size=321)
2026-02-25 00:24:17,165 - Knowledge - INFO - Worker kw7 processing /app/data/newkinpogroup5515/55/b23195v/lu5-55/docs/v0.0.4/classes/class/meta.json
2026-02-25 00:24:17,240 - Knowledge - INFO - Worker kw6 processing /app/data/newkinpogroup5515/55/b23195v/lu5-55/docs/v0.0.4/setting/stroke/index.html
2026-02-25 00:24:17,351 - Knowledge - INFO - Worker kw20 processing /app/data/newkinpogroup5515/55/b23195v/lu5-55/docs/v0.0.4/setting/fill/meta.json
2026-02-25 00:24:17,429 - Knowledge - INFO - Worker kw8 processing /app/data/newkinpogroup5515/55/b23195v/lu5-55/docs/v0.0.4/keyboard/keyHeld/meta.json
2026-02-25 00:24:17,630 - Knowledge - INFO - Worker kw12 processing /app/data/newkinpogroup5515/55/b23195v/lu5-55/docs/v0.0.4/mouse/mouseX/index.html
2026-02-25 00:24:17,720 - Knowledge - INFO - Worker kw16 processing /app/data/newkinpogroup5515/55/b23195v/lu5-55/docs/v0.0.4/keyboard/UP_ARROW/index.html
2026-02-25 00:24:17,747 - Knowledge - INFO - [kw14] Queue=763, InProgress=0, PendingWorkers=20/20, Completed=548/1455 (37.7%)
2026-02-25 00:24:17,831 - Knowledge - INFO - Worker kw9 processing /app/data/newkinpogroup5515/55/b23195v/lu5-55/docs/v0.0.4/keyboard/BACKSPACE/index.html
2026-02-25 00:24:17,994 - Knowledge - INFO - [LLM_CALL] Completed: index.html:chunk1, Duration: 1121ms, PromptTokens: 5660, CompletionTokens: 59, Cost: $0.00059
2026-02-25 00:24:18,113 - Knowledge - INFO - Worker kw11 processing /app/data/newkinpogroup5515/55/b23195v/lu5-55/docs/v0.0.4/image/image/index.html
2026-02-25 00:24:18,226 - Knowledge - INFO - Worker kw15 processing /app/data/newkinpogroup5515/55/b23195v/lu5-55/docs/v0.0.4/math/ceil/index.html
2026-02-25 00:24:18,335 - Knowledge - INFO - Fast-tracked /app/data/newkinpogroup5515/55/b23195v/lu5-55/docs/v0.0.4/classes/class/meta.json (ext=.json, size=680)
2026-02-25 00:24:18,494 - Knowledge - INFO - Fast-tracked /app/data/newkinpogroup5515/55/b23195v/lu5-55/docs/v0.0.4/setting/fill/meta.json (ext=.json, size=508)
2026-02-25 00:24:18,597 - Knowledge - INFO - Fast-tracked /app/data/newkinpogroup5515/55/b23195v/lu5-55/docs/v0.0.4/keyboard/keyHeld/meta.json (ext=.json, size=265)
2026-02-25 00:24:18,685 - Knowledge - INFO - Worker kw12 processing /app/data/newkinpogroup5515/55/b23195v/lu5-55/docs/v0.0.4/mouse/mouseX/meta.json
2026-02-25 00:24:18,792 - Knowledge - INFO - Worker kw16 processing /app/data/newkinpogroup5515/55/b23195v/lu5-55/docs/v0.0.4/keyboard/UP_ARROW/meta.json
2026-02-25 00:24:18,874 - Knowledge - INFO - Batch sizing: calculated=8, max_allowed=10, queue=763, active_workers=20/20
2026-02-25 00:24:18,948 - Knowledge - INFO - Worker kw9 processing /app/data/newkinpogroup5515/55/b23195v/lu5-55/docs/v0.0.4/keyboard/BACKSPACE/meta.json
2026-02-25 00:24:19,029 - Knowledge - INFO - done ingest for /app/data/newkinpogroup5515/55/b23195v/lu5-55/docs/v0.1.7/typography/textAlign/index.html
2026-02-25 00:24:19,030 - Knowledge - INFO - [kw10] Queue=763, InProgress=0, PendingWorkers=20/20, Completed=548/1455 (37.7%)
2026-02-25 00:24:19,124 - Knowledge - INFO - Worker kw11 processing /app/data/newkinpogroup5515/55/b23195v/lu5-55/docs/v0.0.4/image/image/meta.json
2026-02-25 00:24:19,618 - Knowledge - INFO - Fast-tracked /app/data/newkinpogroup5515/55/b23195v/lu5-55/docs/v0.0.4/mouse/mouseX/meta.json (ext=.json, size=337)
2026-02-25 00:24:19,696 - Knowledge - INFO - Fast-tracked /app/data/newkinpogroup5515/55/b23195v/lu5-55/docs/v0.0.4/keyboard/UP_ARROW/meta.json (ext=.json, size=189)
2026-02-25 00:24:19,820 - Knowledge - INFO - Async storing batch of 8 embeddings
2026-02-25 00:24:19,917 - Knowledge - INFO - Fast-tracked /app/data/newkinpogroup5515/55/b23195v/lu5-55/docs/v0.0.4/keyboard/BACKSPACE/meta.json (ext=.json, size=190)
2026-02-25 00:24:20,075 - Knowledge - INFO - [LLM_CALL] Completed: index.html:chunk1, Duration: 544ms, PromptTokens: 5650, CompletionTokens: 59, Cost: $0.00059
2026-02-25 00:24:20,100 - Knowledge - INFO - Batch sizing: calculated=8, max_allowed=10, queue=763, active_workers=20/20
2026-02-25 00:24:20,197 - Knowledge - INFO - Fast-tracked /app/data/newkinpogroup5515/55/b23195v/lu5-55/docs/v0.0.4/image/image/meta.json (ext=.json, size=562)
2026-02-25 00:24:20,312 - Knowledge - INFO - Worker kw12 processing /app/data/newkinpogroup5515/55/b23195v/lu5-55/docs/v0.0.4/mouse/mouseIsPressed/index.html
2026-02-25 00:24:20,440 - Knowledge - INFO - Worker kw16 processing /app/data/newkinpogroup5515/55/b23195v/lu5-55/docs/v0.0.4/modules.json
2026-02-25 00:24:20,536 - Knowledge - INFO - Worker kw14 processing /app/data/newkinpogroup5515/55/b23195v/lu5-55/docs/v0.0.4/index.html
2026-02-25 00:24:20,751 - Knowledge - INFO - done ingest for /app/data/newkinpogroup5515/55/b23195v/lu5-55/docs/v0.1.7/typography/textSize/index.html
2026-02-25 00:24:20,853 - Knowledge - INFO - Async storing batch of 8 embeddings
2026-02-25 00:24:20,952 - Knowledge - INFO - Worker kw11 processing /app/data/newkinpogroup5515/55/b23195v/lu5-55/docs/v0.0.4/image/loadImage/index.html
2026-02-25 00:24:21,077 - Knowledge - INFO - Worker kw12 processing /app/data/newkinpogroup5515/55/b23195v/lu5-55/docs/v0.0.4/mouse/mouseIsPressed/meta.json
2026-02-25 00:24:21,172 - Knowledge - INFO - Fast-tracked /app/data/newkinpogroup5515/55/b23195v/lu5-55/docs/v0.0.4/modules.json (ext=.json, size=2409)
2026-02-25 00:24:21,256 - Knowledge - INFO - Worker kw14 processing /app/data/newkinpogroup5515/55/b23195v/lu5-55/docs/v0.0.4/typography/textSize/index.html
2026-02-25 00:24:21,353 - Knowledge - INFO - Processing batch of 8 files
2026-02-25 00:24:21,452 - Knowledge - INFO - Worker kw10 processing /app/data/newkinpogroup5515/55/b23195v/lu5-55/docs/v0.0.4/typography/loadFont/index.html
2026-02-25 00:24:21,563 - Knowledge - INFO - Worker kw11 processing /app/data/newkinpogroup5515/55/b23195v/lu5-55/docs/v0.0.4/image/loadImage/meta.json
2026-02-25 00:24:21,651 - Knowledge - INFO - Fast-tracked /app/data/newkinpogroup5515/55/b23195v/lu5-55/docs/v0.0.4/mouse/mouseIsPressed/meta.json (ext=.json, size=309)
2026-02-25 00:24:21,824 - Knowledge - INFO - Worker kw14 processing /app/data/newkinpogroup5515/55/b23195v/lu5-55/docs/v0.0.4/typography/textSize/meta.json
2026-02-25 00:24:21,931 - Knowledge - INFO - process ingested knowledge for /app/data/newkinpogroup5515/55/b23195v/lu5-55/docs/v0.1.7/shapes3D/sphere/index.html
2026-02-25 00:24:22,025 - Knowledge - INFO - Worker kw10 processing /app/data/newkinpogroup5515/55/b23195v/lu5-55/docs/v0.0.4/typography/loadFont/meta.json
2026-02-25 00:24:22,124 - Knowledge - INFO - Fast-tracked /app/data/newkinpogroup5515/55/b23195v/lu5-55/docs/v0.0.4/image/loadImage/meta.json (ext=.json, size=508)
2026-02-25 00:24:22,299 - Knowledge - INFO - Fast-tracked /app/data/newkinpogroup5515/55/b23195v/lu5-55/docs/v0.0.4/typography/textSize/meta.json (ext=.json, size=476)
2026-02-25 00:24:22,380 - Knowledge - INFO - process ingested knowledge for /app/data/newkinpogroup5515/55/b23195v/lu5-55/docs/v0.1.7/shapes3D/sphere/meta.json
2026-02-25 00:24:22,458 - Knowledge - INFO - Async storage completed for 10 embeddings
2026-02-25 00:24:22,470 - Knowledge - INFO - Fast-tracked /app/data/newkinpogroup5515/55/b23195v/lu5-55/docs/v0.0.4/typography/loadFont/meta.json (ext=.json, size=547)
2026-02-25 00:24:22,576 - Knowledge - INFO - Worker kw11 processing /app/data/newkinpogroup5515/55/b23195v/lu5-55/docs/v0.0.4/image/index.html
2026-02-25 00:24:22,666 - Knowledge - INFO - Worker kw14 processing /app/data/newkinpogroup5515/55/b23195v/lu5-55/docs/v0.0.4/typography/textFont/index.html
2026-02-25 00:24:22,791 - Knowledge - INFO - process ingested knowledge for /app/data/newkinpogroup5515/55/b23195v/lu5-55/docs/v0.1.7/index.html
2026-02-25 00:24:23,031 - Knowledge - INFO - Worker kw10 processing /app/data/newkinpogroup5515/55/b23195v/lu5-55/docs/v0.1.6/io/loadStrings/index.html
2026-02-25 00:24:23,200 - Knowledge - INFO - Worker kw14 processing /app/data/newkinpogroup5515/55/b23195v/lu5-55/docs/v0.0.4/typography/textFont/meta.json
2026-02-25 00:24:23,287 - Knowledge - INFO - process ingested knowledge for /app/data/newkinpogroup5515/55/b23195v/lu5-55/docs/v0.1.7/typography/textSize/index.html
2026-02-25 00:24:23,424 - Knowledge - INFO - Worker kw10 processing /app/data/newkinpogroup5515/55/b23195v/lu5-55/docs/v0.1.6/io/loadStrings/meta.json
2026-02-25 00:24:23,550 - Knowledge - INFO - Fast-tracked /app/data/newkinpogroup5515/55/b23195v/lu5-55/docs/v0.0.4/typography/textFont/meta.json (ext=.json, size=363)
2026-02-25 00:24:23,648 - Knowledge - INFO - process ingested knowledge for /app/data/newkinpogroup5515/55/b23195v/lu5-55/docs/v0.1.7/typography/textSize/meta.json
2026-02-25 00:24:23,725 - Knowledge - INFO - Fast-tracked /app/data/newkinpogroup5515/55/b23195v/lu5-55/docs/v0.1.6/io/loadStrings/meta.json (ext=.json, size=370)
2026-02-25 00:24:23,804 - Knowledge - INFO - Worker kw14 processing /app/data/newkinpogroup5515/55/b23195v/lu5-55/docs/v0.0.4/typography/text/index.html
2026-02-25 00:24:23,901 - Knowledge - INFO - process ingested knowledge for /app/data/newkinpogroup5515/55/b23195v/lu5-55/docs/v0.1.7/typography/textAlign/index.html
2026-02-25 00:24:24,011 - Knowledge - INFO - Worker kw10 processing /app/data/newkinpogroup5515/55/b23195v/lu5-55/docs/v0.1.6/io/loadText/index.html
2026-02-25 00:24:24,086 - Knowledge - INFO - Async storage completed for 10 embeddings
2026-02-25 00:24:24,115 - Knowledge - INFO - Worker kw14 processing /app/data/newkinpogroup5515/55/b23195v/lu5-55/docs/v0.0.4/typography/text/meta.json
2026-02-25 00:24:24,309 - Knowledge - INFO - process ingested knowledge for /app/data/newkinpogroup5515/55/b23195v/lu5-55/docs/v0.1.7/typography/textAlign/meta.json
2026-02-25 00:24:24,386 - Knowledge - INFO - Worker kw10 processing /app/data/newkinpogroup5515/55/b23195v/lu5-55/docs/v0.1.6/io/loadText/meta.json
2026-02-25 00:24:24,609 - Knowledge - INFO - Fast-tracked /app/data/newkinpogroup5515/55/b23195v/lu5-55/docs/v0.0.4/typography/text/meta.json (ext=.json, size=475)
2026-02-25 00:24:24,734 - Knowledge - INFO - process ingested knowledge for /app/data/newkinpogroup5515/55/b23195v/lu5-55/docs/v0.1.7/typography/textFont/index.html
2026-02-25 00:24:24,801 - Knowledge - INFO - [LLM_CALL] Completed: index.html:chunk1, Duration: 1673ms, PromptTokens: 4674, CompletionTokens: 59, Cost: $0.00049
2026-02-25 00:24:24,820 - Knowledge - INFO - Fast-tracked /app/data/newkinpogroup5515/55/b23195v/lu5-55/docs/v0.1.6/io/loadText/meta.json (ext=.json, size=339)
2026-02-25 00:24:24,940 - Knowledge - INFO - Worker kw14 processing /app/data/newkinpogroup5515/55/b23195v/lu5-55/docs/v0.0.4/typography/index.html
2026-02-25 00:24:25,157 - Knowledge - INFO - done ingest for /app/data/newkinpogroup5515/55/b23195v/lu5-55/docs/v0.0.4/window/height/index.html
2026-02-25 00:24:25,267 - Knowledge - INFO - Worker kw10 processing /app/data/newkinpogroup5515/55/b23195v/lu5-55/docs/v0.1.6/io/print/index.html
2026-02-25 00:24:25,528 - Knowledge - INFO - Worker kw10 processing /app/data/newkinpogroup5515/55/b23195v/lu5-55/docs/v0.1.6/io/print/meta.json
2026-02-25 00:24:25,713 - Knowledge - INFO - Fast-tracked /app/data/newkinpogroup5515/55/b23195v/lu5-55/docs/v0.1.6/io/print/meta.json (ext=.json, size=383)
2026-02-25 00:24:25,967 - Knowledge - INFO - [WEBSOCKET] Sent: Type=progress_update, Size: 296, Duration: 0ms
2026-02-25 00:24:26,124 - Knowledge - INFO - [WEBSOCKET] Sent: Type=unknown, Size: ?, Duration: 157ms
2026-02-25 00:24:26,296 - Knowledge - INFO - Progress: 38.2% | Files: 556/1455 | Rate: 1.53 files/sec | Queue: 747
2026-02-25 00:24:26,516 - Knowledge - INFO - [kw2] Queue=747, InProgress=0, PendingWorkers=20/20, Completed=556/1455 (38.2%)
2026-02-25 00:24:26,520 - Knowledge - INFO - [LLM_CALL] Completed: index.html:chunk1, Duration: 611ms, PromptTokens: 4748, CompletionTokens: 59, Cost: $0.00050
2026-02-25 00:24:26,701 - Knowledge - INFO - Batch sizing: calculated=8, max_allowed=10, queue=747, active_workers=20/20
2026-02-25 00:24:26,822 - Knowledge - INFO - done ingest for /app/data/newkinpogroup5515/55/b23195v/lu5-55/docs/v0.0.4/window/deltaTime/index.html
2026-02-25 00:24:26,936 - Knowledge - INFO - Async storing batch of 8 embeddings
2026-02-25 00:24:27,104 - Knowledge - INFO - Worker kw2 processing /app/data/newkinpogroup5515/55/b23195v/lu5-55/docs/v0.1.6/io/index.html
2026-02-25 00:24:27,277 - Knowledge - INFO - Worker kw2 processing /app/data/newkinpogroup5515/55/b23195v/lu5-55/docs/v0.1.6/window/width/index.html
2026-02-25 00:24:27,495 - Knowledge - INFO - Worker kw2 processing /app/data/newkinpogroup5515/55/b23195v/lu5-55/docs/v0.1.6/window/width/meta.json
2026-02-25 00:24:27,500 - Knowledge - INFO - done ingest for /app/data/newkinpogroup5515/55/b23195v/lu5-55/docs/v0.0.4/window/windowResized/index.html
2026-02-25 00:24:27,677 - Knowledge - INFO - Fast-tracked /app/data/newkinpogroup5515/55/b23195v/lu5-55/docs/v0.1.6/window/width/meta.json (ext=.json, size=361)
2026-02-25 00:24:27,891 - Knowledge - INFO - Worker kw2 processing /app/data/newkinpogroup5515/55/b23195v/lu5-55/docs/v0.1.6/window/createWindow/index.html
2026-02-25 00:24:28,076 - Knowledge - INFO - Worker kw2 processing /app/data/newkinpogroup5515/55/b23195v/lu5-55/docs/v0.1.6/window/createWindow/meta.json
2026-02-25 00:24:28,281 - Knowledge - INFO - Fast-tracked /app/data/newkinpogroup5515/55/b23195v/lu5-55/docs/v0.1.6/window/createWindow/meta.json (ext=.json, size=634)
2026-02-25 00:24:28,318 - Knowledge - INFO - Async storage completed for 10 embeddings
2026-02-25 00:24:28,491 - Knowledge - INFO - Worker kw2 processing /app/data/newkinpogroup5515/55/b23195v/lu5-55/docs/v0.1.6/window/windowResized/index.html
2026-02-25 00:24:28,699 - Knowledge - INFO - Worker kw2 processing /app/data/newkinpogroup5515/55/b23195v/lu5-55/docs/v0.1.6/window/windowResized/meta.json
2026-02-25 00:24:28,883 - Knowledge - INFO - Fast-tracked /app/data/newkinpogroup5515/55/b23195v/lu5-55/docs/v0.1.6/window/windowResized/meta.json (ext=.json, size=402)
2026-02-25 00:24:29,072 - Knowledge - INFO - Worker kw2 processing /app/data/newkinpogroup5515/55/b23195v/lu5-55/docs/v0.1.6/window/height/index.html
2026-02-25 00:24:29,276 - Knowledge - INFO - done ingest for /app/data/newkinpogroup5515/55/b23195v/lu5-55/docs/v0.0.4/shapes/line/index.html
2026-02-25 00:24:29,993 - Knowledge - INFO - [LLM_CALL] Completed: index.html:chunk1, Duration: 638ms, PromptTokens: 4674, CompletionTokens: 59, Cost: $0.00049
2026-02-25 00:24:30,208 - Knowledge - INFO - done ingest for /app/data/newkinpogroup5515/55/b23195v/lu5-55/docs/v0.0.4/window/width/index.html
2026-02-25 00:24:31,704 - Knowledge - INFO - done ingest for /app/data/newkinpogroup5515/55/b23195v/lu5-55/docs/v0.0.4/window/frameRate/index.html
2026-02-25 00:24:32,627 - Knowledge - INFO - [LLM_CALL] Completed: index.html:chunk1, Duration: 442ms, PromptTokens: 4342, CompletionTokens: 59, Cost: $0.00046
2026-02-25 00:24:32,780 - Knowledge - INFO - done ingest for /app/data/newkinpogroup5515/55/b23195v/lu5-55/docs/v0.0.4/io/index.html
2026-02-25 00:24:33,150 - Knowledge - INFO - [LLM_CALL] Completed: index.html:chunk1, Duration: 197ms, PromptTokens: 4586, CompletionTokens: 59, Cost: $0.00048
2026-02-25 00:24:33,325 - Knowledge - INFO - done ingest for /app/data/newkinpogroup5515/55/b23195v/lu5-55/docs/v0.0.4/io/print/index.html
2026-02-25 00:24:33,582 - Knowledge - INFO - [LLM_CALL] Completed: index.html:chunk1, Duration: 123ms, PromptTokens: 5664, CompletionTokens: 59, Cost: $0.00059
2026-02-25 00:24:33,730 - Knowledge - INFO - done ingest for /app/data/newkinpogroup5515/55/b23195v/lu5-55/docs/v0.1.7/typography/text/index.html
2026-02-25 00:24:34,784 - Knowledge - INFO - [LLM_CALL] Completed: index.html:chunk1, Duration: 290ms, PromptTokens: 6518, CompletionTokens: 417, Cost: $0.00082
2026-02-25 00:24:34,977 - Knowledge - INFO - done ingest for /app/data/newkinpogroup5515/55/b23195v/lu5-55/docs/v0.0.4/window/index.html
2026-02-25 00:24:35,151 - Knowledge - INFO - Processing batch of 8 files
2026-02-25 00:24:35,321 - Knowledge - INFO - process ingested knowledge for /app/data/newkinpogroup5515/55/b23195v/lu5-55/docs/v0.0.4/window/height/meta.json
2026-02-25 00:24:35,480 - Knowledge - INFO - [LLM_CALL] Completed: index.html:chunk1, Duration: 476ms, PromptTokens: 4760, CompletionTokens: 59, Cost: $0.00050
2026-02-25 00:24:35,551 - Knowledge - INFO - process ingested knowledge for /app/data/newkinpogroup5515/55/b23195v/lu5-55/docs/v0.0.4/window/deltaTime/index.html
2026-02-25 00:24:35,670 - Knowledge - INFO - done ingest for /app/data/newkinpogroup5515/55/b23195v/lu5-55/docs/v0.0.4/window/createWindow/index.html
2026-02-25 00:24:35,768 - Knowledge - INFO - process ingested knowledge for /app/data/newkinpogroup5515/55/b23195v/lu5-55/docs/v0.0.4/window/deltaTime/meta.json
2026-02-25 00:24:35,897 - Knowledge - INFO - Processing batch of 8 files
2026-02-25 00:24:36,007 - Knowledge - INFO - process ingested knowledge for /app/data/newkinpogroup5515/55/b23195v/lu5-55/docs/v0.0.4/window/index.html
2026-02-25 00:24:36,083 - Knowledge - INFO - process ingested knowledge for /app/data/newkinpogroup5515/55/b23195v/lu5-55/docs/v0.0.4/io/index.html
2026-02-25 00:24:36,204 - Knowledge - INFO - process ingested knowledge for /app/data/newkinpogroup5515/55/b23195v/lu5-55/docs/v0.0.4/window/frameRate/index.html
2026-02-25 00:24:36,319 - Knowledge - INFO - process ingested knowledge for /app/data/newkinpogroup5515/55/b23195v/lu5-55/docs/v0.0.4/window/width/index.html
2026-02-25 00:24:36,453 - Knowledge - INFO - process ingested knowledge for /app/data/newkinpogroup5515/55/b23195v/lu5-55/docs/v0.0.4/window/frameRate/meta.json
2026-02-25 00:24:36,497 - Knowledge - INFO - [LLM_CALL] Completed: index.html:chunk1, Duration: 817ms, PromptTokens: 5874, CompletionTokens: 59, Cost: $0.00061
2026-02-25 00:24:36,545 - Knowledge - INFO - process ingested knowledge for /app/data/newkinpogroup5515/55/b23195v/lu5-55/docs/v0.0.4/window/width/meta.json
2026-02-25 00:24:36,656 - Knowledge - INFO - process ingested knowledge for /app/data/newkinpogroup5515/55/b23195v/lu5-55/docs/v0.0.4/shapes/line/index.html
2026-02-25 00:24:36,780 - Knowledge - INFO - done ingest for /app/data/newkinpogroup5515/55/b23195v/lu5-55/docs/v0.1.7/typography/loadFont/index.html
2026-02-25 00:24:36,876 - Knowledge - INFO - process ingested knowledge for /app/data/newkinpogroup5515/55/b23195v/lu5-55/docs/v0.0.4/window/createWindow/index.html
2026-02-25 00:24:37,002 - Knowledge - INFO - process ingested knowledge for /app/data/newkinpogroup5515/55/b23195v/lu5-55/docs/v0.0.4/shapes/line/meta.json
2026-02-25 00:24:37,203 - Knowledge - INFO - process ingested knowledge for /app/data/newkinpogroup5515/55/b23195v/lu5-55/docs/v0.0.4/window/createWindow/meta.json
2026-02-25 00:24:37,405 - Knowledge - INFO - process ingested knowledge for /app/data/newkinpogroup5515/55/b23195v/lu5-55/docs/v0.0.4/window/windowResized/index.html
2026-02-25 00:24:37,668 - Knowledge - INFO - process ingested knowledge for /app/data/newkinpogroup5515/55/b23195v/lu5-55/docs/v0.0.4/window/windowResized/meta.json
2026-02-25 00:24:37,870 - Knowledge - INFO - process ingested knowledge for /app/data/newkinpogroup5515/55/b23195v/lu5-55/docs/v0.0.4/window/height/index.html
2026-02-25 00:24:38,309 - Knowledge - INFO - [kw1] Queue=739, InProgress=0, PendingWorkers=20/20, Completed=572/1455 (39.3%)
2026-02-25 00:24:38,495 - Knowledge - INFO - Batch sizing: calculated=8, max_allowed=10, queue=739, active_workers=20/20
2026-02-25 00:24:38,645 - Knowledge - INFO - Async storing batch of 8 embeddings
2026-02-25 00:24:38,840 - Knowledge - INFO - [LLM_CALL] Completed: index.html:chunk1, Duration: 751ms, PromptTokens: 10910, CompletionTokens: 59, Cost: $0.00111
2026-02-25 00:24:38,905 - Knowledge - INFO - Worker kw1 processing /app/data/newkinpogroup5515/55/b23195v/lu5-55/docs/v0.1.6/window/height/meta.json
2026-02-25 00:24:39,030 - Knowledge - INFO - done ingest for /app/data/newkinpogroup5515/55/b23195v/lu5-55/docs/v0.1.7/typography/index.html
2026-02-25 00:24:39,148 - Knowledge - INFO - Fast-tracked /app/data/newkinpogroup5515/55/b23195v/lu5-55/docs/v0.1.6/window/height/meta.json (ext=.json, size=365)
2026-02-25 00:24:39,180 - Knowledge - INFO - [kw3] Queue=731, InProgress=0, PendingWorkers=20/20, Completed=572/1455 (39.3%)
2026-02-25 00:24:39,271 - Knowledge - INFO - Processing batch of 8 files
2026-02-25 00:24:39,372 - Knowledge - INFO - Worker kw1 processing /app/data/newkinpogroup5515/55/b23195v/lu5-55/docs/v0.1.6/window/deltaTime/index.html
2026-02-25 00:24:39,500 - Knowledge - INFO - Batch sizing: calculated=8, max_allowed=10, queue=731, active_workers=20/20
2026-02-25 00:24:39,602 - Knowledge - INFO - process ingested knowledge for /app/data/newkinpogroup5515/55/b23195v/lu5-55/docs/v0.1.7/typography/textFont/meta.json
2026-02-25 00:24:39,682 - Knowledge - INFO - Worker kw1 processing /app/data/newkinpogroup5515/55/b23195v/lu5-55/docs/v0.1.6/window/deltaTime/meta.json
2026-02-25 00:24:39,787 - Knowledge - INFO - Async storing batch of 8 embeddings
2026-02-25 00:24:39,863 - Knowledge - INFO - process ingested knowledge for /app/data/newkinpogroup5515/55/b23195v/lu5-55/docs/v0.1.7/typography/text/index.html
2026-02-25 00:24:39,956 - Knowledge - INFO - Fast-tracked /app/data/newkinpogroup5515/55/b23195v/lu5-55/docs/v0.1.6/window/deltaTime/meta.json (ext=.json, size=520)
2026-02-25 00:24:40,035 - Knowledge - INFO - Worker kw3 processing /app/data/newkinpogroup5515/55/b23195v/lu5-55/docs/v0.1.6/models/model/index.html
2026-02-25 00:24:40,133 - Knowledge - INFO - process ingested knowledge for /app/data/newkinpogroup5515/55/b23195v/lu5-55/docs/v0.1.7/typography/text/meta.json
2026-02-25 00:24:40,208 - Knowledge - INFO - Worker kw1 processing /app/data/newkinpogroup5515/55/b23195v/lu5-55/docs/v0.1.6/window/index.html
2026-02-25 00:24:40,300 - Knowledge - INFO - Worker kw3 processing /app/data/newkinpogroup5515/55/b23195v/lu5-55/docs/v0.1.6/models/model/meta.json
2026-02-25 00:24:40,400 - Knowledge - INFO - process ingested knowledge for /app/data/newkinpogroup5515/55/b23195v/lu5-55/docs/v0.1.7/typography/index.html
2026-02-25 00:24:40,512 - Knowledge - INFO - Worker kw1 processing /app/data/newkinpogroup5515/55/b23195v/lu5-55/docs/v0.1.6/window/frameRate/index.html
2026-02-25 00:24:40,620 - Knowledge - INFO - Fast-tracked /app/data/newkinpogroup5515/55/b23195v/lu5-55/docs/v0.1.6/models/model/meta.json (ext=.json, size=243)
2026-02-25 00:24:40,756 - Knowledge - INFO - process ingested knowledge for /app/data/newkinpogroup5515/55/b23195v/lu5-55/docs/v0.1.7/typography/loadFont/index.html
2026-02-25 00:24:40,861 - Knowledge - INFO - Worker kw1 processing /app/data/newkinpogroup5515/55/b23195v/lu5-55/docs/v0.1.6/window/frameRate/meta.json
2026-02-25 00:24:40,965 - Knowledge - INFO - Worker kw3 processing /app/data/newkinpogroup5515/55/b23195v/lu5-55/docs/v0.1.6/models/index.html
2026-02-25 00:24:41,100 - Knowledge - INFO - process ingested knowledge for /app/data/newkinpogroup5515/55/b23195v/lu5-55/docs/v0.1.7/typography/loadFont/meta.json
2026-02-25 00:24:41,181 - Knowledge - INFO - Fast-tracked /app/data/newkinpogroup5515/55/b23195v/lu5-55/docs/v0.1.6/window/frameRate/meta.json (ext=.json, size=562)
2026-02-25 00:24:41,270 - Knowledge - INFO - Worker kw3 processing /app/data/newkinpogroup5515/55/b23195v/lu5-55/docs/v0.1.6/shapes/line/index.html
2026-02-25 00:24:41,359 - Knowledge - INFO - process ingested knowledge for /app/data/newkinpogroup5515/55/b23195v/lu5-55/docs/v0.0.4/io/print/index.html
2026-02-25 00:24:41,469 - Knowledge - INFO - Worker kw1 processing /app/data/newkinpogroup5515/55/b23195v/lu5-55/docs/v0.1.6/models/loadModel/index.html
2026-02-25 00:24:41,568 - Knowledge - INFO - Worker kw3 processing /app/data/newkinpogroup5515/55/b23195v/lu5-55/docs/v0.1.6/shapes/line/meta.json
2026-02-25 00:24:41,681 - Knowledge - INFO - process ingested knowledge for /app/data/newkinpogroup5515/55/b23195v/lu5-55/docs/v0.0.4/io/print/meta.json
2026-02-25 00:24:41,778 - Knowledge - INFO - Worker kw1 processing /app/data/newkinpogroup5515/55/b23195v/lu5-55/docs/v0.1.6/models/loadModel/meta.json
2026-02-25 00:24:41,896 - Knowledge - INFO - Fast-tracked /app/data/newkinpogroup5515/55/b23195v/lu5-55/docs/v0.1.6/shapes/line/meta.json (ext=.json, size=473)
2026-02-25 00:24:42,078 - Knowledge - INFO - Fast-tracked /app/data/newkinpogroup5515/55/b23195v/lu5-55/docs/v0.1.6/models/loadModel/meta.json (ext=.json, size=248)
2026-02-25 00:24:42,186 - Knowledge - INFO - Worker kw3 processing /app/data/newkinpogroup5515/55/b23195v/lu5-55/docs/v0.1.6/shapes/endShape/index.html
2026-02-25 00:24:42,384 - Knowledge - INFO - Worker kw3 processing /app/data/newkinpogroup5515/55/b23195v/lu5-55/docs/v0.1.6/shapes/endShape/meta.json
2026-02-25 00:24:42,546 - Knowledge - INFO - Fast-tracked /app/data/newkinpogroup5515/55/b23195v/lu5-55/docs/v0.1.6/shapes/endShape/meta.json (ext=.json, size=277)
2026-02-25 00:24:42,773 - Knowledge - INFO - Worker kw3 processing /app/data/newkinpogroup5515/55/b23195v/lu5-55/docs/v0.1.6/shapes/circle/index.html
2026-02-25 00:24:42,957 - Knowledge - INFO - [kw19] Queue=723, InProgress=0, PendingWorkers=20/20, Completed=580/1455 (39.9%)
2026-02-25 00:24:43,136 - Knowledge - INFO - Batch sizing: calculated=8, max_allowed=10, queue=723, active_workers=20/20
2026-02-25 00:24:43,372 - Knowledge - INFO - Async storing batch of 8 embeddings
2026-02-25 00:24:43,576 - Knowledge - INFO - Worker kw19 processing /app/data/newkinpogroup5515/55/b23195v/lu5-55/docs/v0.1.6/shapes/circle/meta.json
2026-02-25 00:24:43,783 - Knowledge - INFO - Fast-tracked /app/data/newkinpogroup5515/55/b23195v/lu5-55/docs/v0.1.6/shapes/circle/meta.json (ext=.json, size=390)
2026-02-25 00:24:44,030 - Knowledge - INFO - Worker kw19 processing /app/data/newkinpogroup5515/55/b23195v/lu5-55/docs/v0.1.6/shapes/point/index.html
2026-02-25 00:24:44,235 - Knowledge - INFO - Worker kw19 processing /app/data/newkinpogroup5515/55/b23195v/lu5-55/docs/v0.1.6/shapes/point/meta.json
2026-02-25 00:24:44,465 - Knowledge - INFO - Fast-tracked /app/data/newkinpogroup5515/55/b23195v/lu5-55/docs/v0.1.6/shapes/point/meta.json (ext=.json, size=210)
2026-02-25 00:24:44,669 - Knowledge - INFO - Worker kw19 processing /app/data/newkinpogroup5515/55/b23195v/lu5-55/docs/v0.1.6/shapes/beginShape/index.html
2026-02-25 00:24:44,865 - Knowledge - INFO - Worker kw19 processing /app/data/newkinpogroup5515/55/b23195v/lu5-55/docs/v0.1.6/shapes/beginShape/meta.json
2026-02-25 00:24:45,060 - Knowledge - INFO - Fast-tracked /app/data/newkinpogroup5515/55/b23195v/lu5-55/docs/v0.1.6/shapes/beginShape/meta.json (ext=.json, size=612)
2026-02-25 00:24:45,243 - Knowledge - INFO - Worker kw19 processing /app/data/newkinpogroup5515/55/b23195v/lu5-55/docs/v0.1.6/shapes/triangle/index.html
2026-02-25 00:24:45,405 - Knowledge - INFO - Worker kw19 processing /app/data/newkinpogroup5515/55/b23195v/lu5-55/docs/v0.1.6/shapes/triangle/meta.json
2026-02-25 00:24:45,586 - Knowledge - INFO - Fast-tracked /app/data/newkinpogroup5515/55/b23195v/lu5-55/docs/v0.1.6/shapes/triangle/meta.json (ext=.json, size=217)
2026-02-25 00:24:45,759 - Knowledge - INFO - Worker kw19 processing /app/data/newkinpogroup5515/55/b23195v/lu5-55/docs/v0.1.6/shapes/arc/index.html
2026-02-25 00:24:48,699 - Knowledge - INFO - Async storage completed for 8 embeddings
2026-02-25 00:24:51,306 - Knowledge - INFO - [LLM_CALL] Completed: index.html:chunk1, Duration: 1036ms, PromptTokens: 4692, CompletionTokens: 59, Cost: $0.00049
2026-02-25 00:24:51,473 - Knowledge - INFO - done ingest for /app/data/newkinpogroup5515/55/b23195v/lu5-55/docs/v0.0.4/shapes/circle/index.html
2026-02-25 00:24:53,737 - Knowledge - INFO - [LLM_CALL] Completed: index.html:chunk1, Duration: 1120ms, PromptTokens: 4466, CompletionTokens: 59, Cost: $0.00047
2026-02-25 00:24:53,975 - Knowledge - INFO - done ingest for /app/data/newkinpogroup5515/55/b23195v/lu5-55/docs/v0.0.4/shapes/point/index.html
2026-02-25 00:24:56,110 - Knowledge - INFO - [LLM_CALL] Completed: index.html:chunk1, Duration: 1053ms, PromptTokens: 4912, CompletionTokens: 59, Cost: $0.00051
2026-02-25 00:24:56,287 - Knowledge - INFO - done ingest for /app/data/newkinpogroup5515/55/b23195v/lu5-55/docs/v0.0.4/shapes/beginShape/index.html
2026-02-25 00:24:58,523 - Knowledge - INFO - [LLM_CALL] Completed: index.html:chunk1, Duration: 407ms, PromptTokens: 4534, CompletionTokens: 59, Cost: $0.00048
2026-02-25 00:24:58,680 - Knowledge - INFO - done ingest for /app/data/newkinpogroup5515/55/b23195v/lu5-55/docs/v0.0.4/shapes/endShape/index.html
2026-02-25 00:24:58,873 - Knowledge - INFO - Processing batch of 8 files
2026-02-25 00:24:59,094 - Knowledge - INFO - process ingested knowledge for /app/data/newkinpogroup5515/55/b23195v/lu5-55/docs/v0.0.4/shapes/endShape/index.html
2026-02-25 00:24:59,255 - Knowledge - INFO - process ingested knowledge for /app/data/newkinpogroup5515/55/b23195v/lu5-55/docs/v0.0.4/shapes/endShape/meta.json
2026-02-25 00:24:59,433 - Knowledge - INFO - process ingested knowledge for /app/data/newkinpogroup5515/55/b23195v/lu5-55/docs/v0.0.4/shapes/circle/index.html
2026-02-25 00:24:59,584 - Knowledge - INFO - process ingested knowledge for /app/data/newkinpogroup5515/55/b23195v/lu5-55/docs/v0.0.4/shapes/circle/meta.json
2026-02-25 00:24:59,764 - Knowledge - INFO - process ingested knowledge for /app/data/newkinpogroup5515/55/b23195v/lu5-55/docs/v0.0.4/shapes/point/index.html
2026-02-25 00:24:59,934 - Knowledge - INFO - process ingested knowledge for /app/data/newkinpogroup5515/55/b23195v/lu5-55/docs/v0.0.4/shapes/point/meta.json
2026-02-25 00:25:00,091 - Knowledge - INFO - process ingested knowledge for /app/data/newkinpogroup5515/55/b23195v/lu5-55/docs/v0.0.4/shapes/beginShape/index.html
2026-02-25 00:25:00,245 - Knowledge - INFO - process ingested knowledge for /app/data/newkinpogroup5515/55/b23195v/lu5-55/docs/v0.0.4/shapes/beginShape/meta.json
2026-02-25 00:25:01,091 - Knowledge - INFO - Async storage completed for 10 embeddings
2026-02-25 00:25:01,335 - Knowledge - INFO - [WEBSOCKET] Sent: Type=progress_update, Size: 296, Duration: 0ms
2026-02-25 00:25:01,524 - Knowledge - INFO - [WEBSOCKET] Sent: Type=unknown, Size: ?, Duration: 189ms
2026-02-25 00:25:01,713 - Knowledge - INFO - Progress: 40.4% | Files: 588/1455 | Rate: 1.48 files/sec | Queue: 715
2026-02-25 00:25:01,873 - Knowledge - INFO - [kw13] Queue=715, InProgress=0, PendingWorkers=20/20, Completed=588/1455 (40.4%)
2026-02-25 00:25:02,065 - Knowledge - INFO - Batch sizing: calculated=8, max_allowed=10, queue=715, active_workers=20/20
2026-02-25 00:25:02,268 - Knowledge - INFO - Async storing batch of 8 embeddings
2026-02-25 00:25:02,475 - Knowledge - INFO - Worker kw13 processing /app/data/newkinpogroup5515/55/b23195v/lu5-55/docs/v0.1.6/shapes/arc/meta.json
2026-02-25 00:25:02,634 - Knowledge - INFO - Fast-tracked /app/data/newkinpogroup5515/55/b23195v/lu5-55/docs/v0.1.6/shapes/arc/meta.json (ext=.json, size=207)
2026-02-25 00:25:02,796 - Knowledge - INFO - Worker kw13 processing /app/data/newkinpogroup5515/55/b23195v/lu5-55/docs/v0.1.6/shapes/ellipse/index.html
2026-02-25 00:25:02,988 - Knowledge - INFO - Worker kw13 processing /app/data/newkinpogroup5515/55/b23195v/lu5-55/docs/v0.1.6/shapes/ellipse/meta.json
2026-02-25 00:25:03,163 - Knowledge - INFO - Fast-tracked /app/data/newkinpogroup5515/55/b23195v/lu5-55/docs/v0.1.6/shapes/ellipse/meta.json (ext=.json, size=221)
2026-02-25 00:25:03,367 - Knowledge - INFO - Worker kw13 processing /app/data/newkinpogroup5515/55/b23195v/lu5-55/docs/v0.1.6/shapes/vertex/index.html
2026-02-25 00:25:03,435 - Knowledge - INFO - [LLM_CALL] Completed: index.html:chunk1, Duration: 1401ms, PromptTokens: 4676, CompletionTokens: 59, Cost: $0.00049
2026-02-25 00:25:03,566 - Knowledge - INFO - Worker kw13 processing /app/data/newkinpogroup5515/55/b23195v/lu5-55/docs/v0.1.6/shapes/vertex/meta.json
2026-02-25 00:25:03,680 - Knowledge - INFO - done ingest for /app/data/newkinpogroup5515/55/b23195v/lu5-55/docs/v0.0.4/shapes/vertex/index.html
2026-02-25 00:25:03,786 - Knowledge - INFO - Fast-tracked /app/data/newkinpogroup5515/55/b23195v/lu5-55/docs/v0.1.6/shapes/vertex/meta.json (ext=.json, size=373)
2026-02-25 00:25:03,993 - Knowledge - INFO - Worker kw13 processing /app/data/newkinpogroup5515/55/b23195v/lu5-55/docs/v0.1.6/shapes/rect/index.html
2026-02-25 00:25:04,192 - Knowledge - INFO - Worker kw13 processing /app/data/newkinpogroup5515/55/b23195v/lu5-55/docs/v0.1.6/shapes/rect/meta.json
2026-02-25 00:25:04,380 - Knowledge - INFO - Fast-tracked /app/data/newkinpogroup5515/55/b23195v/lu5-55/docs/v0.1.6/shapes/rect/meta.json (ext=.json, size=423)
2026-02-25 00:25:04,585 - Knowledge - INFO - Worker kw13 processing /app/data/newkinpogroup5515/55/b23195v/lu5-55/docs/v0.1.6/shapes/square/index.html
2026-02-25 00:25:05,081 - Knowledge - INFO - Async storage completed for 10 embeddings
2026-02-25 00:25:05,942 - Knowledge - INFO - [LLM_CALL] Completed: index.html:chunk1, Duration: 1182ms, PromptTokens: 4466, CompletionTokens: 59, Cost: $0.00047
2026-02-25 00:25:06,125 - Knowledge - INFO - done ingest for /app/data/newkinpogroup5515/55/b23195v/lu5-55/docs/v0.0.4/shapes/arc/index.html
2026-02-25 00:25:07,688 - Knowledge - INFO - [LLM_CALL] Completed: index.html:chunk1, Duration: 1003ms, PromptTokens: 4626, CompletionTokens: 59, Cost: $0.00049
2026-02-25 00:25:07,881 - Knowledge - INFO - done ingest for /app/data/newkinpogroup5515/55/b23195v/lu5-55/docs/v0.0.4/math/round/index.html
2026-02-25 00:25:08,268 - Knowledge - INFO - [LLM_CALL] Completed: index.html:chunk1, Duration: 301ms, PromptTokens: 4476, CompletionTokens: 59, Cost: $0.00047
2026-02-25 00:25:08,482 - Knowledge - INFO - done ingest for /app/data/newkinpogroup5515/55/b23195v/lu5-55/docs/v0.0.4/shapes/ellipse/index.html
2026-02-25 00:25:09,295 - Knowledge - INFO - Async storage completed for 8 embeddings
2026-02-25 00:25:10,159 - Knowledge - INFO - [LLM_CALL] Completed: index.html:chunk1, Duration: 787ms, PromptTokens: 4748, CompletionTokens: 59, Cost: $0.00050
2026-02-25 00:25:10,360 - Knowledge - INFO - done ingest for /app/data/newkinpogroup5515/55/b23195v/lu5-55/docs/v0.0.4/shapes/rect/index.html
2026-02-25 00:25:11,935 - Knowledge - INFO - [LLM_CALL] Completed: index.html:chunk1, Duration: 759ms, PromptTokens: 4906, CompletionTokens: 59, Cost: $0.00051
2026-02-25 00:25:12,144 - Knowledge - INFO - done ingest for /app/data/newkinpogroup5515/55/b23195v/lu5-55/docs/v0.0.4/math/min/index.html
2026-02-25 00:25:12,536 - Knowledge - INFO - [LLM_CALL] Completed: index.html:chunk1, Duration: 392ms, PromptTokens: 4466, CompletionTokens: 59, Cost: $0.00047
2026-02-25 00:25:12,742 - Knowledge - INFO - done ingest for /app/data/newkinpogroup5515/55/b23195v/lu5-55/docs/v0.0.4/shapes/triangle/index.html
2026-02-25 00:25:12,744 - Knowledge - INFO - done ingest for /app/data/newkinpogroup5515/55/b23195v/lu5-55/docs/v0.0.4/shapes/square/index.html
2026-02-25 00:25:12,938 - Knowledge - INFO - Processing batch of 8 files
2026-02-25 00:25:13,118 - Knowledge - INFO - process ingested knowledge for /app/data/newkinpogroup5515/55/b23195v/lu5-55/docs/v0.0.4/shapes/triangle/index.html
2026-02-25 00:25:13,329 - Knowledge - INFO - process ingested knowledge for /app/data/newkinpogroup5515/55/b23195v/lu5-55/docs/v0.0.4/shapes/triangle/meta.json
2026-02-25 00:25:13,522 - Knowledge - INFO - process ingested knowledge for /app/data/newkinpogroup5515/55/b23195v/lu5-55/docs/v0.0.4/shapes/arc/index.html
2026-02-25 00:25:13,698 - Knowledge - INFO - process ingested knowledge for /app/data/newkinpogroup5515/55/b23195v/lu5-55/docs/v0.0.4/shapes/arc/meta.json
2026-02-25 00:25:13,888 - Knowledge - INFO - process ingested knowledge for /app/data/newkinpogroup5515/55/b23195v/lu5-55/docs/v0.0.4/shapes/ellipse/index.html
2026-02-25 00:25:14,095 - Knowledge - INFO - process ingested knowledge for /app/data/newkinpogroup5515/55/b23195v/lu5-55/docs/v0.0.4/shapes/ellipse/meta.json
2026-02-25 00:25:14,278 - Knowledge - INFO - process ingested knowledge for /app/data/newkinpogroup5515/55/b23195v/lu5-55/docs/v0.0.4/shapes/vertex/index.html
2026-02-25 00:25:14,452 - Knowledge - INFO - done ingest for /app/data/newkinpogroup5515/55/b23195v/lu5-55/docs/v0.0.4/math/floor/index.html
2026-02-25 00:25:14,547 - Knowledge - INFO - process ingested knowledge for /app/data/newkinpogroup5515/55/b23195v/lu5-55/docs/v0.0.4/shapes/vertex/meta.json
2026-02-25 00:25:15,013 - Knowledge - INFO - [LLM_CALL] Completed: index.html:chunk1, Duration: 376ms, PromptTokens: 5056, CompletionTokens: 59, Cost: $0.00053
2026-02-25 00:25:15,204 - Knowledge - INFO - done ingest for /app/data/newkinpogroup5515/55/b23195v/lu5-55/docs/v0.0.4/shapes/quad/index.html
2026-02-25 00:25:15,609 - Knowledge - INFO - [kw18] Queue=707, InProgress=0, PendingWorkers=20/20, Completed=596/1455 (41.0%)
2026-02-25 00:25:15,788 - Knowledge - INFO - Batch sizing: calculated=8, max_allowed=10, queue=707, active_workers=20/20
2026-02-25 00:25:16,016 - Knowledge - INFO - Async storing batch of 8 embeddings
2026-02-25 00:25:16,030 - Knowledge - INFO - Async storage completed for 10 embeddings
2026-02-25 00:25:16,188 - Knowledge - INFO - Worker kw18 processing /app/data/newkinpogroup5515/55/b23195v/lu5-55/docs/v0.1.6/shapes/square/meta.json
2026-02-25 00:25:16,443 - Knowledge - INFO - Fast-tracked /app/data/newkinpogroup5515/55/b23195v/lu5-55/docs/v0.1.6/shapes/square/meta.json (ext=.json, size=387)
2026-02-25 00:25:16,505 - Knowledge - INFO - [LLM_CALL] Completed: index.html:chunk1, Duration: 779ms, PromptTokens: 4514, CompletionTokens: 59, Cost: $0.00047
2026-02-25 00:25:16,623 - Knowledge - INFO - Worker kw18 processing /app/data/newkinpogroup5515/55/b23195v/lu5-55/docs/v0.1.6/shapes/quad/index.html
2026-02-25 00:25:16,734 - Knowledge - INFO - done ingest for /app/data/newkinpogroup5515/55/b23195v/lu5-55/docs/v0.0.4/math/QUARTER_PI/index.html
2026-02-25 00:25:16,849 - Knowledge - INFO - Worker kw18 processing /app/data/newkinpogroup5515/55/b23195v/lu5-55/docs/v0.1.6/shapes/quad/meta.json
2026-02-25 00:25:17,053 - Knowledge - INFO - Fast-tracked /app/data/newkinpogroup5515/55/b23195v/lu5-55/docs/v0.1.6/shapes/quad/meta.json (ext=.json, size=723)
2026-02-25 00:25:17,271 - Knowledge - INFO - Worker kw18 processing /app/data/newkinpogroup5515/55/b23195v/lu5-55/docs/v0.1.6/shapes/index.html
2026-02-25 00:25:17,464 - Knowledge - INFO - Worker kw18 processing /app/data/newkinpogroup5515/55/b23195v/lu5-55/docs/v0.1.6/transform/rotateY/index.html
2026-02-25 00:25:17,681 - Knowledge - INFO - Worker kw18 processing /app/data/newkinpogroup5515/55/b23195v/lu5-55/docs/v0.1.6/transform/rotateY/meta.json
2026-02-25 00:25:17,834 - Knowledge - INFO - Fast-tracked /app/data/newkinpogroup5515/55/b23195v/lu5-55/docs/v0.1.6/transform/rotateY/meta.json (ext=.json, size=276)
2026-02-25 00:25:17,994 - Knowledge - INFO - Worker kw18 processing /app/data/newkinpogroup5515/55/b23195v/lu5-55/docs/v0.1.6/transform/scale/index.html
2026-02-25 00:25:18,202 - Knowledge - INFO - Worker kw18 processing /app/data/newkinpogroup5515/55/b23195v/lu5-55/docs/v0.1.6/transform/scale/meta.json
2026-02-25 00:25:18,380 - Knowledge - INFO - [LLM_CALL] Completed: index.html:chunk1, Duration: 1021ms, PromptTokens: 4926, CompletionTokens: 59, Cost: $0.00052
2026-02-25 00:25:18,489 - Knowledge - INFO - Fast-tracked /app/data/newkinpogroup5515/55/b23195v/lu5-55/docs/v0.1.6/transform/scale/meta.json (ext=.json, size=362)
2026-02-25 00:25:18,588 - Knowledge - INFO - done ingest for /app/data/newkinpogroup5515/55/b23195v/lu5-55/docs/v0.0.4/math/map/index.html
2026-02-25 00:25:18,947 - Knowledge - INFO - [LLM_CALL] Completed: index.html:chunk1, Duration: 177ms, PromptTokens: 4474, CompletionTokens: 59, Cost: $0.00047
2026-02-25 00:25:19,130 - Knowledge - INFO - done ingest for /app/data/newkinpogroup5515/55/b23195v/lu5-55/docs/v0.0.4/math/TWO_PI/index.html
2026-02-25 00:25:19,130 - Knowledge - INFO - done ingest for /app/data/newkinpogroup5515/55/b23195v/lu5-55/docs/v0.0.4/shapes/index.html
2026-02-25 00:25:19,333 - Knowledge - INFO - Processing batch of 8 files
2026-02-25 00:25:19,419 - Knowledge - INFO - Processing batch of 8 files
2026-02-25 00:25:19,529 - Knowledge - INFO - process ingested knowledge for /app/data/newkinpogroup5515/55/b23195v/lu5-55/docs/v0.0.4/math/round/meta.json
2026-02-25 00:25:19,619 - Knowledge - INFO - process ingested knowledge for /app/data/newkinpogroup5515/55/b23195v/lu5-55/docs/v0.0.4/shapes/rect/index.html
2026-02-25 00:25:19,739 - Knowledge - INFO - process ingested knowledge for /app/data/newkinpogroup5515/55/b23195v/lu5-55/docs/v0.0.4/math/min/index.html
2026-02-25 00:25:19,812 - Knowledge - INFO - process ingested knowledge for /app/data/newkinpogroup5515/55/b23195v/lu5-55/docs/v0.0.4/shapes/rect/meta.json
2026-02-25 00:25:19,969 - Knowledge - INFO - process ingested knowledge for /app/data/newkinpogroup5515/55/b23195v/lu5-55/docs/v0.0.4/math/min/meta.json
2026-02-25 00:25:20,105 - Knowledge - INFO - process ingested knowledge for /app/data/newkinpogroup5515/55/b23195v/lu5-55/docs/v0.0.4/shapes/square/index.html
2026-02-25 00:25:20,195 - Knowledge - INFO - process ingested knowledge for /app/data/newkinpogroup5515/55/b23195v/lu5-55/docs/v0.0.4/math/QUARTER_PI/index.html
2026-02-25 00:25:20,307 - Knowledge - INFO - process ingested knowledge for /app/data/newkinpogroup5515/55/b23195v/lu5-55/docs/v0.0.4/shapes/square/meta.json
2026-02-25 00:25:20,429 - Knowledge - INFO - process ingested knowledge for /app/data/newkinpogroup5515/55/b23195v/lu5-55/docs/v0.0.4/math/QUARTER_PI/meta.json
2026-02-25 00:25:20,517 - Knowledge - INFO - process ingested knowledge for /app/data/newkinpogroup5515/55/b23195v/lu5-55/docs/v0.0.4/shapes/quad/index.html
2026-02-25 00:25:20,627 - Knowledge - INFO - process ingested knowledge for /app/data/newkinpogroup5515/55/b23195v/lu5-55/docs/v0.0.4/math/TWO_PI/index.html
2026-02-25 00:25:20,721 - Knowledge - INFO - process ingested knowledge for /app/data/newkinpogroup5515/55/b23195v/lu5-55/docs/v0.0.4/shapes/quad/meta.json
2026-02-25 00:25:20,846 - Knowledge - INFO - process ingested knowledge for /app/data/newkinpogroup5515/55/b23195v/lu5-55/docs/v0.0.4/math/TWO_PI/meta.json
2026-02-25 00:25:20,935 - Knowledge - INFO - process ingested knowledge for /app/data/newkinpogroup5515/55/b23195v/lu5-55/docs/v0.0.4/shapes/index.html
2026-02-25 00:25:21,134 - Knowledge - INFO - process ingested knowledge for /app/data/newkinpogroup5515/55/b23195v/lu5-55/docs/v0.0.4/math/floor/index.html
2026-02-25 00:25:21,255 - Knowledge - INFO - process ingested knowledge for /app/data/newkinpogroup5515/55/b23195v/lu5-55/docs/v0.0.4/math/round/index.html
2026-02-25 00:25:22,388 - Knowledge - INFO - [kw4] Queue=699, InProgress=0, PendingWorkers=20/20, Completed=612/1455 (42.1%)
2026-02-25 00:25:22,503 - Knowledge - INFO - [kw5] Queue=699, InProgress=0, PendingWorkers=20/20, Completed=612/1455 (42.1%)
2026-02-25 00:25:22,616 - Knowledge - INFO - Batch sizing: calculated=8, max_allowed=10, queue=699, active_workers=20/20
2026-02-25 00:25:22,726 - Knowledge - INFO - Batch sizing: calculated=8, max_allowed=10, queue=699, active_workers=20/20
2026-02-25 00:25:22,819 - Knowledge - INFO - Async storing batch of 8 embeddings
2026-02-25 00:25:22,911 - Knowledge - INFO - Async storing batch of 8 embeddings
2026-02-25 00:25:22,988 - Knowledge - INFO - Worker kw4 processing /app/data/newkinpogroup5515/55/b23195v/lu5-55/docs/v0.1.6/transform/translate/index.html
2026-02-25 00:25:23,086 - Knowledge - INFO - Worker kw5 processing /app/data/newkinpogroup5515/55/b23195v/lu5-55/docs/v0.1.6/transform/rotate/meta.json
2026-02-25 00:25:23,205 - Knowledge - INFO - Worker kw4 processing /app/data/newkinpogroup5515/55/b23195v/lu5-55/docs/v0.1.6/transform/translate/meta.json
2026-02-25 00:25:23,328 - Knowledge - INFO - Fast-tracked /app/data/newkinpogroup5515/55/b23195v/lu5-55/docs/v0.1.6/transform/rotate/meta.json (ext=.json, size=263)
2026-02-25 00:25:23,441 - Knowledge - INFO - Fast-tracked /app/data/newkinpogroup5515/55/b23195v/lu5-55/docs/v0.1.6/transform/translate/meta.json (ext=.json, size=382)
2026-02-25 00:25:23,565 - Knowledge - INFO - Worker kw5 processing /app/data/newkinpogroup5515/55/b23195v/lu5-55/docs/v0.1.6/math/round/index.html
2026-02-25 00:25:23,661 - Knowledge - INFO - Worker kw4 processing /app/data/newkinpogroup5515/55/b23195v/lu5-55/docs/v0.1.6/transform/rotateZ/index.html
2026-02-25 00:25:23,760 - Knowledge - INFO - Worker kw5 processing /app/data/newkinpogroup5515/55/b23195v/lu5-55/docs/v0.1.6/math/round/meta.json
2026-02-25 00:25:23,858 - Knowledge - INFO - Worker kw4 processing /app/data/newkinpogroup5515/55/b23195v/lu5-55/docs/v0.1.6/transform/rotateZ/meta.json
2026-02-25 00:25:23,995 - Knowledge - INFO - Fast-tracked /app/data/newkinpogroup5515/55/b23195v/lu5-55/docs/v0.1.6/math/round/meta.json (ext=.json, size=328)
2026-02-25 00:25:24,133 - Knowledge - INFO - Fast-tracked /app/data/newkinpogroup5515/55/b23195v/lu5-55/docs/v0.1.6/transform/rotateZ/meta.json (ext=.json, size=276)
2026-02-25 00:25:24,211 - Knowledge - INFO - Worker kw5 processing /app/data/newkinpogroup5515/55/b23195v/lu5-55/docs/v0.1.6/math/min/index.html
2026-02-25 00:25:24,318 - Knowledge - INFO - Worker kw4 processing /app/data/newkinpogroup5515/55/b23195v/lu5-55/docs/v0.1.6/transform/index.html
2026-02-25 00:25:24,397 - Knowledge - INFO - Worker kw5 processing /app/data/newkinpogroup5515/55/b23195v/lu5-55/docs/v0.1.6/math/min/meta.json
2026-02-25 00:25:24,535 - Knowledge - INFO - Worker kw4 processing /app/data/newkinpogroup5515/55/b23195v/lu5-55/docs/v0.1.6/transform/rotateX/index.html
2026-02-25 00:25:24,547 - Knowledge - INFO - Async storage completed for 8 embeddings
2026-02-25 00:25:24,759 - Knowledge - INFO - Fast-tracked /app/data/newkinpogroup5515/55/b23195v/lu5-55/docs/v0.1.6/math/min/meta.json (ext=.json, size=530)
2026-02-25 00:25:24,764 - Knowledge - INFO - [LLM_CALL] Completed: index.html:chunk1, Duration: 2559ms, PromptTokens: 4636, CompletionTokens: 59, Cost: $0.00049
2026-02-25 00:25:24,771 - Knowledge - INFO - Worker kw4 processing /app/data/newkinpogroup5515/55/b23195v/lu5-55/docs/v0.1.6/transform/rotateX/meta.json
2026-02-25 00:25:24,976 - Knowledge - INFO - Worker kw5 processing /app/data/newkinpogroup5515/55/b23195v/lu5-55/docs/v0.1.6/math/randomSeed/index.html
2026-02-25 00:25:25,081 - Knowledge - INFO - done ingest for /app/data/newkinpogroup5515/55/b23195v/lu5-55/docs/v0.0.4/math/sin/index.html
2026-02-25 00:25:25,197 - Knowledge - INFO - Fast-tracked /app/data/newkinpogroup5515/55/b23195v/lu5-55/docs/v0.1.6/transform/rotateX/meta.json (ext=.json, size=275)
2026-02-25 00:25:25,204 - Knowledge - INFO - Async storage completed for 8 embeddings
2026-02-25 00:25:25,283 - Knowledge - INFO - Worker kw5 processing /app/data/newkinpogroup5515/55/b23195v/lu5-55/docs/v0.1.6/math/randomSeed/meta.json
2026-02-25 00:25:25,451 - Knowledge - INFO - Worker kw4 processing /app/data/newkinpogroup5515/55/b23195v/lu5-55/docs/v0.1.6/transform/rotate/index.html
2026-02-25 00:25:25,516 - Knowledge - INFO - Async storage completed for 10 embeddings
2026-02-25 00:25:25,659 - Knowledge - INFO - Fast-tracked /app/data/newkinpogroup5515/55/b23195v/lu5-55/docs/v0.1.6/math/randomSeed/meta.json (ext=.json, size=313)
2026-02-25 00:25:25,966 - Knowledge - INFO - Worker kw5 processing /app/data/newkinpogroup5515/55/b23195v/lu5-55/docs/v0.1.6/math/floor/index.html
2026-02-25 00:25:26,978 - Knowledge - INFO - [LLM_CALL] Completed: index.html:chunk1, Duration: 744ms, PromptTokens: 4796, CompletionTokens: 59, Cost: $0.00050
2026-02-25 00:25:27,229 - Knowledge - INFO - done ingest for /app/data/newkinpogroup5515/55/b23195v/lu5-55/docs/v0.0.4/math/ceil/index.html
2026-02-25 00:25:27,229 - Knowledge - INFO - done ingest for /app/data/newkinpogroup5515/55/b23195v/lu5-55/docs/v0.0.4/math/abs/index.html
2026-02-25 00:25:27,964 - Knowledge - INFO - done ingest for /app/data/newkinpogroup5515/55/b23195v/lu5-55/docs/v0.0.4/math/max/index.html
2026-02-25 00:25:28,068 - Knowledge - INFO - done ingest for /app/data/newkinpogroup5515/55/b23195v/lu5-55/docs/v0.0.4/classes/class/index.html
2026-02-25 00:25:28,190 - Knowledge - INFO - Processing batch of 8 files
2026-02-25 00:25:28,280 - Knowledge - INFO - [LLM_CALL] Completed: index.html:chunk1, Duration: 204ms, PromptTokens: 4462, CompletionTokens: 59, Cost: $0.00047
2026-02-25 00:25:28,367 - Knowledge - INFO - process ingested knowledge for /app/data/newkinpogroup5515/55/b23195v/lu5-55/docs/v0.0.4/math/floor/meta.json
2026-02-25 00:25:28,499 - Knowledge - INFO - done ingest for /app/data/newkinpogroup5515/55/b23195v/lu5-55/docs/v0.0.4/keyboard/RIGHT_ARROW/index.html
2026-02-25 00:25:28,596 - Knowledge - INFO - process ingested knowledge for /app/data/newkinpogroup5515/55/b23195v/lu5-55/docs/v0.0.4/math/sin/index.html
2026-02-25 00:25:28,792 - Knowledge - INFO - process ingested knowledge for /app/data/newkinpogroup5515/55/b23195v/lu5-55/docs/v0.0.4/math/sin/meta.json
2026-02-25 00:25:28,977 - Knowledge - INFO - process ingested knowledge for /app/data/newkinpogroup5515/55/b23195v/lu5-55/docs/v0.0.4/math/abs/index.html
2026-02-25 00:25:29,085 - Knowledge - INFO - Async storage completed for 8 embeddings
2026-02-25 00:25:29,155 - Knowledge - INFO - process ingested knowledge for /app/data/newkinpogroup5515/55/b23195v/lu5-55/docs/v0.0.4/math/abs/meta.json
2026-02-25 00:25:29,397 - Knowledge - INFO - process ingested knowledge for /app/data/newkinpogroup5515/55/b23195v/lu5-55/docs/v0.0.4/math/max/index.html
2026-02-25 00:25:29,583 - Knowledge - INFO - done ingest for /app/data/newkinpogroup5515/55/b23195v/lu5-55/docs/v0.0.4/math/PI/index.html
2026-02-25 00:25:29,686 - Knowledge - INFO - process ingested knowledge for /app/data/newkinpogroup5515/55/b23195v/lu5-55/docs/v0.0.4/math/max/meta.json
2026-02-25 00:25:29,904 - Knowledge - INFO - process ingested knowledge for /app/data/newkinpogroup5515/55/b23195v/lu5-55/docs/v0.0.4/math/map/index.html
2026-02-25 00:25:30,217 - Knowledge - INFO - done ingest for /app/data/newkinpogroup5515/55/b23195v/lu5-55/docs/v0.0.4/math/tan/index.html
2026-02-25 00:25:30,967 - Knowledge - INFO - [WEBSOCKET] Sent: Type=progress_update, Size: 294, Duration: 0ms
2026-02-25 00:25:31,143 - Knowledge - INFO - [WEBSOCKET] Sent: Type=unknown, Size: ?, Duration: 176ms
2026-02-25 00:25:31,376 - Knowledge - INFO - Progress: 42.6% | Files: 620/1455 | Rate: 1.45 files/sec | Queue: 683
2026-02-25 00:25:31,608 - Knowledge - INFO - [kw17] Queue=683, InProgress=0, PendingWorkers=20/20, Completed=620/1455 (42.6%)
2026-02-25 00:25:31,649 - Knowledge - INFO - [LLM_CALL] Completed: index.html:chunk1, Duration: 696ms, PromptTokens: 7016, CompletionTokens: 59, Cost: $0.00073
2026-02-25 00:25:31,839 - Knowledge - INFO - Batch sizing: calculated=8, max_allowed=10, queue=683, active_workers=20/20
2026-02-25 00:25:31,939 - Knowledge - INFO - done ingest for /app/data/newkinpogroup5515/55/b23195v/lu5-55/docs/v0.0.4/keyboard/index.html
2026-02-25 00:25:31,941 - Knowledge - INFO - done ingest for /app/data/newkinpogroup5515/55/b23195v/lu5-55/docs/v0.0.4/math/cos/index.html
2026-02-25 00:25:32,064 - Knowledge - INFO - Async storing batch of 8 embeddings
2026-02-25 00:25:32,326 - Knowledge - INFO - done ingest for /app/data/newkinpogroup5515/55/b23195v/lu5-55/docs/v0.0.4/math/HALF_PI/index.html
2026-02-25 00:25:32,382 - Knowledge - INFO - Worker kw17 processing /app/data/newkinpogroup5515/55/b23195v/lu5-55/docs/v0.1.6/math/floor/meta.json
2026-02-25 00:25:32,650 - Knowledge - INFO - Fast-tracked /app/data/newkinpogroup5515/55/b23195v/lu5-55/docs/v0.1.6/math/floor/meta.json (ext=.json, size=498)
2026-02-25 00:25:32,867 - Knowledge - INFO - Worker kw17 processing /app/data/newkinpogroup5515/55/b23195v/lu5-55/docs/v0.1.6/math/sin/index.html
2026-02-25 00:25:33,056 - Knowledge - INFO - Async storage completed for 8 embeddings
2026-02-25 00:25:33,091 - Knowledge - INFO - Worker kw17 processing /app/data/newkinpogroup5515/55/b23195v/lu5-55/docs/v0.1.6/math/sin/meta.json
2026-02-25 00:25:33,231 - Knowledge - INFO - Async storage completed for 8 embeddings
2026-02-25 00:25:33,556 - Knowledge - INFO - Async storage completed for 8 embeddings
2026-02-25 00:25:33,673 - Knowledge - INFO - Fast-tracked /app/data/newkinpogroup5515/55/b23195v/lu5-55/docs/v0.1.6/math/sin/meta.json (ext=.json, size=319)
2026-02-25 00:25:33,980 - Knowledge - INFO - Worker kw17 processing /app/data/newkinpogroup5515/55/b23195v/lu5-55/docs/v0.1.6/math/abs/index.html
2026-02-25 00:25:34,270 - Knowledge - INFO - Worker kw17 processing /app/data/newkinpogroup5515/55/b23195v/lu5-55/docs/v0.1.6/math/abs/meta.json
2026-02-25 00:25:34,274 - Knowledge - INFO - done ingest for /app/data/newkinpogroup5515/55/b23195v/lu5-55/docs/v0.0.4/keyboard/UP_ARROW/index.html
2026-02-25 00:25:34,403 - Knowledge - INFO - done ingest for /app/data/newkinpogroup5515/55/b23195v/lu5-55/docs/v0.0.4/math/constrain/index.html
2026-02-25 00:25:34,439 - Knowledge - INFO - Fast-tracked /app/data/newkinpogroup5515/55/b23195v/lu5-55/docs/v0.1.6/math/abs/meta.json (ext=.json, size=411)
2026-02-25 00:25:34,599 - Knowledge - INFO - done ingest for /app/data/newkinpogroup5515/55/b23195v/lu5-55/docs/v0.0.4/setting/pop/index.html
2026-02-25 00:25:34,740 - Knowledge - INFO - done ingest for /app/data/newkinpogroup5515/55/b23195v/lu5-55/docs/v0.0.4/math/index.html
2026-02-25 00:25:34,759 - Knowledge - INFO - Processing batch of 8 files
2026-02-25 00:25:34,848 - Knowledge - INFO - Worker kw17 processing /app/data/newkinpogroup5515/55/b23195v/lu5-55/docs/v0.1.6/math/max/index.html
2026-02-25 00:25:35,062 - Knowledge - INFO - Processing batch of 8 files
2026-02-25 00:25:35,147 - Knowledge - INFO - process ingested knowledge for /app/data/newkinpogroup5515/55/b23195v/lu5-55/docs/v0.0.4/math/map/meta.json
2026-02-25 00:25:35,244 - Knowledge - INFO - Worker kw17 processing /app/data/newkinpogroup5515/55/b23195v/lu5-55/docs/v0.1.6/math/max/meta.json
2026-02-25 00:25:35,370 - Knowledge - INFO - process ingested knowledge for /app/data/newkinpogroup5515/55/b23195v/lu5-55/docs/v0.0.4/math/ceil/meta.json
2026-02-25 00:25:35,542 - Knowledge - INFO - process ingested knowledge for /app/data/newkinpogroup5515/55/b23195v/lu5-55/docs/v0.0.4/math/constrain/index.html
2026-02-25 00:25:35,552 - Knowledge - INFO - [LLM_CALL] Completed: index.html:chunk1, Duration: 194ms, PromptTokens: 4540, CompletionTokens: 59, Cost: $0.00048
2026-02-25 00:25:35,677 - Knowledge - INFO - Fast-tracked /app/data/newkinpogroup5515/55/b23195v/lu5-55/docs/v0.1.6/math/max/meta.json (ext=.json, size=529)
2026-02-25 00:25:35,771 - Knowledge - INFO - process ingested knowledge for /app/data/newkinpogroup5515/55/b23195v/lu5-55/docs/v0.0.4/math/HALF_PI/index.html
2026-02-25 00:25:35,854 - Knowledge - INFO - process ingested knowledge for /app/data/newkinpogroup5515/55/b23195v/lu5-55/docs/v0.0.4/math/constrain/meta.json
2026-02-25 00:25:36,031 - Knowledge - INFO - done ingest for /app/data/newkinpogroup5515/55/b23195v/lu5-55/docs/v0.0.4/setting/noStroke/index.html
2026-02-25 00:25:36,043 - Knowledge - INFO - [LLM_CALL] Completed: index.html:chunk1, Duration: 0ms, PromptTokens: 4438, CompletionTokens: 59, Cost: $0.00047
2026-02-25 00:25:36,114 - Knowledge - INFO - Worker kw17 processing /app/data/newkinpogroup5515/55/b23195v/lu5-55/docs/v0.1.6/math/map/index.html
2026-02-25 00:25:36,184 - Knowledge - INFO - process ingested knowledge for /app/data/newkinpogroup5515/55/b23195v/lu5-55/docs/v0.0.4/math/HALF_PI/meta.json
2026-02-25 00:25:36,273 - Knowledge - INFO - process ingested knowledge for /app/data/newkinpogroup5515/55/b23195v/lu5-55/docs/v0.0.4/math/PI/index.html
2026-02-25 00:25:36,469 - Knowledge - INFO - done ingest for /app/data/newkinpogroup5515/55/b23195v/lu5-55/docs/v0.0.4/keyboard/ENTER/index.html
2026-02-25 00:25:36,614 - Knowledge - INFO - [LLM_CALL] Completed: index.html:chunk1, Duration: 144ms, PromptTokens: 4462, CompletionTokens: 59, Cost: $0.00047
2026-02-25 00:25:36,698 - Knowledge - INFO - process ingested knowledge for /app/data/newkinpogroup5515/55/b23195v/lu5-55/docs/v0.0.4/math/tan/index.html
2026-02-25 00:25:36,801 - Knowledge - INFO - process ingested knowledge for /app/data/newkinpogroup5515/55/b23195v/lu5-55/docs/v0.0.4/math/PI/meta.json
2026-02-25 00:25:37,016 - Knowledge - INFO - done ingest for /app/data/newkinpogroup5515/55/b23195v/lu5-55/docs/v0.0.4/keyboard/DOWN_ARROW/index.html
2026-02-25 00:25:37,102 - Knowledge - INFO - process ingested knowledge for /app/data/newkinpogroup5515/55/b23195v/lu5-55/docs/v0.0.4/math/tan/meta.json
2026-02-25 00:25:37,188 - Knowledge - INFO - process ingested knowledge for /app/data/newkinpogroup5515/55/b23195v/lu5-55/docs/v0.0.4/math/cos/index.html
2026-02-25 00:25:37,384 - Knowledge - INFO - process ingested knowledge for /app/data/newkinpogroup5515/55/b23195v/lu5-55/docs/v0.0.4/math/index.html
2026-02-25 00:25:37,389 - Knowledge - INFO - [LLM_CALL] Completed: index.html:chunk1, Duration: 373ms, PromptTokens: 4624, CompletionTokens: 59, Cost: $0.00049
2026-02-25 00:25:37,479 - Knowledge - INFO - process ingested knowledge for /app/data/newkinpogroup5515/55/b23195v/lu5-55/docs/v0.0.4/math/cos/meta.json
2026-02-25 00:25:37,597 - Knowledge - INFO - process ingested knowledge for /app/data/newkinpogroup5515/55/b23195v/lu5-55/docs/v0.0.4/classes/class/index.html
2026-02-25 00:25:37,722 - Knowledge - INFO - done ingest for /app/data/newkinpogroup5515/55/b23195v/lu5-55/docs/v0.0.4/mouse/mouseIsPressed/index.html
2026-02-25 00:25:37,722 - Knowledge - INFO - done ingest for /app/data/newkinpogroup5515/55/b23195v/lu5-55/docs/v0.0.4/keyboard/isKeyDown/index.html
2026-02-25 00:25:37,813 - Knowledge - INFO - process ingested knowledge for /app/data/newkinpogroup5515/55/b23195v/lu5-55/docs/v0.0.4/math/ceil/index.html
2026-02-25 00:25:37,919 - Knowledge - INFO - process ingested knowledge for /app/data/newkinpogroup5515/55/b23195v/lu5-55/docs/v0.0.4/classes/class/meta.json
2026-02-25 00:25:38,225 - Knowledge - INFO - done ingest for /app/data/newkinpogroup5515/55/b23195v/lu5-55/docs/v0.0.4/setting/fill/index.html
2026-02-25 00:25:38,754 - Knowledge - INFO - done ingest for /app/data/newkinpogroup5515/55/b23195v/lu5-55/docs/v0.0.4/keyboard/keyReleased/index.html
2026-02-25 00:25:39,283 - Knowledge - INFO - done ingest for /app/data/newkinpogroup5515/55/b23195v/lu5-55/docs/v0.0.4/keyboard/keyHeld/index.html
2026-02-25 00:25:39,291 - Knowledge - INFO - Async storage completed for 8 embeddings
2026-02-25 00:25:39,657 - Knowledge - INFO - Async storage completed for 10 embeddings
2026-02-25 00:25:39,682 - Knowledge - INFO - Processing batch of 8 files
2026-02-25 00:25:39,683 - Knowledge - INFO - [kw15] Queue=675, InProgress=0, PendingWorkers=20/20, Completed=644/1455 (44.3%)
2026-02-25 00:25:39,721 - Knowledge - INFO - [kw7] Queue=675, InProgress=0, PendingWorkers=20/20, Completed=644/1455 (44.3%)
2026-02-25 00:25:39,843 - Knowledge - INFO - done ingest for /app/data/newkinpogroup5515/55/b23195v/lu5-55/docs/v0.0.4/mouse/mouseY/index.html
2026-02-25 00:25:40,036 - Knowledge - WARNING - Timeout processing /app/data/newkinpogroup5515/55/b23195v/lu5-55/docs/v0.0.4/classes/index.html after 90s - using fallback metadata
2026-02-25 00:25:40,052 - Knowledge - INFO - done ingest for /app/data/newkinpogroup5515/55/b23195v/lu5-55/docs/v0.0.4/keyboard/keyPressed/index.html
2026-02-25 00:25:40,152 - Knowledge - INFO - process ingested knowledge for /app/data/newkinpogroup5515/55/b23195v/lu5-55/docs/v0.0.4/setting/pop/index.html
2026-02-25 00:25:40,229 - Knowledge - INFO - Batch sizing: calculated=8, max_allowed=10, queue=675, active_workers=20/20
2026-02-25 00:25:40,325 - Knowledge - INFO - Batch sizing: calculated=8, max_allowed=10, queue=675, active_workers=20/20
2026-02-25 00:25:40,510 - Knowledge - INFO - done ingest for /app/data/newkinpogroup5515/55/b23195v/lu5-55/docs/v0.0.4/mouse/mouseX/index.html
2026-02-25 00:25:40,513 - Knowledge - WARNING - Timeout processing /app/data/newkinpogroup5515/55/b23195v/lu5-55/docs/v0.0.4/setting/strokeWeight/index.html after 90s - using fallback metadata
2026-02-25 00:25:40,641 - Knowledge - INFO - Processing batch of 8 files
2026-02-25 00:25:40,746 - Knowledge - INFO - process ingested knowledge for /app/data/newkinpogroup5515/55/b23195v/lu5-55/docs/v0.0.4/setting/pop/meta.json
2026-02-25 00:25:40,852 - Knowledge - INFO - Async storing batch of 8 embeddings
2026-02-25 00:25:40,980 - Knowledge - INFO - done ingest for /app/data/newkinpogroup5515/55/b23195v/lu5-55/docs/v0.0.4/keyboard/LEFT_ARROW/index.html
2026-02-25 00:25:40,999 - Knowledge - INFO - Async storing batch of 8 embeddings
2026-02-25 00:25:41,213 - Knowledge - WARNING - Timeout processing /app/data/newkinpogroup5515/55/b23195v/lu5-55/docs/v0.0.4/setting/push/index.html after 90s - using fallback metadata
2026-02-25 00:25:41,296 - Knowledge - INFO - process ingested knowledge for /app/data/newkinpogroup5515/55/b23195v/lu5-55/docs/v0.0.4/keyboard/isKeyDown/index.html
2026-02-25 00:25:41,374 - Knowledge - INFO - process ingested knowledge for /app/data/newkinpogroup5515/55/b23195v/lu5-55/docs/v0.0.4/keyboard/RIGHT_ARROW/index.html
2026-02-25 00:25:41,481 - Knowledge - INFO - Worker kw15 processing /app/data/newkinpogroup5515/55/b23195v/lu5-55/docs/v0.1.6/math/map/meta.json
2026-02-25 00:25:41,716 - Knowledge - INFO - Worker kw7 processing /app/data/newkinpogroup5515/55/b23195v/lu5-55/docs/v0.1.6/math/ceil/meta.json
2026-02-25 00:25:41,720 - Knowledge - INFO - [LLM_CALL] Completed: index.html:chunk1, Duration: 288ms, PromptTokens: 4916, CompletionTokens: 59, Cost: $0.00052
2026-02-25 00:25:41,902 - Knowledge - INFO - process ingested knowledge for /app/data/newkinpogroup5515/55/b23195v/lu5-55/docs/v0.0.4/keyboard/isKeyDown/meta.json
2026-02-25 00:25:41,999 - Knowledge - INFO - process ingested knowledge for /app/data/newkinpogroup5515/55/b23195v/lu5-55/docs/v0.0.4/keyboard/RIGHT_ARROW/meta.json
2026-02-25 00:25:42,119 - Knowledge - INFO - Fast-tracked /app/data/newkinpogroup5515/55/b23195v/lu5-55/docs/v0.1.6/math/map/meta.json (ext=.json, size=576)
2026-02-25 00:25:42,219 - Knowledge - INFO - Fast-tracked /app/data/newkinpogroup5515/55/b23195v/lu5-55/docs/v0.1.6/math/ceil/meta.json (ext=.json, size=475)
2026-02-25 00:25:42,333 - Knowledge - INFO - done ingest for /app/data/newkinpogroup5515/55/b23195v/lu5-55/docs/v0.1.6/io/loadText/index.html
2026-02-25 00:25:42,333 - Knowledge - INFO - done ingest for /app/data/newkinpogroup5515/55/b23195v/lu5-55/docs/v0.0.4/setting/noFill/index.html
2026-02-25 00:25:42,414 - Knowledge - INFO - process ingested knowledge for /app/data/newkinpogroup5515/55/b23195v/lu5-55/docs/v0.0.4/keyboard/index.html
2026-02-25 00:25:42,527 - Knowledge - INFO - process ingested knowledge for /app/data/newkinpogroup5515/55/b23195v/lu5-55/docs/v0.0.4/keyboard/DOWN_ARROW/index.html
2026-02-25 00:25:42,642 - Knowledge - INFO - Worker kw15 processing /app/data/newkinpogroup5515/55/b23195v/lu5-55/docs/v0.1.6/math/constrain/index.html
2026-02-25 00:25:42,742 - Knowledge - INFO - [LLM_CALL] Completed: index.html:chunk1, Duration: 408ms, PromptTokens: 4848, CompletionTokens: 59, Cost: $0.00051
2026-02-25 00:25:42,752 - Knowledge - INFO - Worker kw7 processing /app/data/newkinpogroup5515/55/b23195v/lu5-55/docs/v0.1.6/math/tan/index.html
2026-02-25 00:25:43,063 - Knowledge - INFO - process ingested knowledge for /app/data/newkinpogroup5515/55/b23195v/lu5-55/docs/v0.0.4/keyboard/keyPressed/index.html
2026-02-25 00:25:43,145 - Knowledge - INFO - process ingested knowledge for /app/data/newkinpogroup5515/55/b23195v/lu5-55/docs/v0.0.4/keyboard/DOWN_ARROW/meta.json
2026-02-25 00:25:43,230 - Knowledge - INFO - Worker kw15 processing /app/data/newkinpogroup5515/55/b23195v/lu5-55/docs/v0.1.6/math/constrain/meta.json
2026-02-25 00:25:43,329 - Knowledge - INFO - done ingest for /app/data/newkinpogroup5515/55/b23195v/lu5-55/docs/v0.0.4/mouse/mouseReleased/index.html
2026-02-25 00:25:43,339 - Knowledge - INFO - done ingest for /app/data/newkinpogroup5515/55/b23195v/lu5-55/docs/v0.0.4/keyboard/BACKSPACE/index.html
2026-02-25 00:25:43,445 - Knowledge - INFO - Worker kw7 processing /app/data/newkinpogroup5515/55/b23195v/lu5-55/docs/v0.1.6/math/tan/meta.json
2026-02-25 00:25:43,541 - Knowledge - INFO - process ingested knowledge for /app/data/newkinpogroup5515/55/b23195v/lu5-55/docs/v0.0.4/keyboard/keyPressed/meta.json
2026-02-25 00:25:43,653 - Knowledge - INFO - process ingested knowledge for /app/data/newkinpogroup5515/55/b23195v/lu5-55/docs/v0.0.4/keyboard/keyHeld/index.html
2026-02-25 00:25:43,789 - Knowledge - INFO - Fast-tracked /app/data/newkinpogroup5515/55/b23195v/lu5-55/docs/v0.1.6/math/constrain/meta.json (ext=.json, size=438)
2026-02-25 00:25:43,795 - Knowledge - INFO - done ingest for /app/data/newkinpogroup5515/55/b23195v/lu5-55/docs/v0.0.4/setting/background/index.html
2026-02-25 00:25:43,876 - Knowledge - INFO - Processing batch of 8 files
2026-02-25 00:25:43,960 - Knowledge - INFO - Processing batch of 8 files
2026-02-25 00:25:44,039 - Knowledge - INFO - Fast-tracked /app/data/newkinpogroup5515/55/b23195v/lu5-55/docs/v0.1.6/math/tan/meta.json (ext=.json, size=322)
2026-02-25 00:25:44,159 - Knowledge - INFO - process ingested knowledge for /app/data/newkinpogroup5515/55/b23195v/lu5-55/docs/v0.0.4/keyboard/UP_ARROW/index.html
2026-02-25 00:25:44,248 - Knowledge - INFO - process ingested knowledge for /app/data/newkinpogroup5515/55/b23195v/lu5-55/docs/v0.0.4/keyboard/keyHeld/meta.json
2026-02-25 00:25:44,351 - Knowledge - INFO - done ingest for /app/data/newkinpogroup5515/55/b23195v/lu5-55/docs/v0.0.4/typography/loadFont/index.html
2026-02-25 00:25:44,358 - Knowledge - INFO - Worker kw15 processing /app/data/newkinpogroup5515/55/b23195v/lu5-55/docs/v0.1.6/math/random/index.html
2026-02-25 00:25:44,536 - Knowledge - INFO - process ingested knowledge for /app/data/newkinpogroup5515/55/b23195v/lu5-55/docs/v0.0.4/mouse/mouseY/index.html
2026-02-25 00:25:44,617 - Knowledge - INFO - process ingested knowledge for /app/data/newkinpogroup5515/55/b23195v/lu5-55/docs/v0.0.4/keyboard/ENTER/index.html
2026-02-25 00:25:44,723 - Knowledge - INFO - Worker kw7 processing /app/data/newkinpogroup5515/55/b23195v/lu5-55/docs/v0.1.6/math/index.html
2026-02-25 00:25:44,835 - Knowledge - INFO - process ingested knowledge for /app/data/newkinpogroup5515/55/b23195v/lu5-55/docs/v0.0.4/keyboard/UP_ARROW/meta.json
2026-02-25 00:25:45,172 - Knowledge - INFO - Worker kw15 processing /app/data/newkinpogroup5515/55/b23195v/lu5-55/docs/v0.1.6/math/random/meta.json
2026-02-25 00:25:45,346 - Knowledge - INFO - process ingested knowledge for /app/data/newkinpogroup5515/55/b23195v/lu5-55/docs/v0.0.4/mouse/mouseY/meta.json
2026-02-25 00:25:45,353 - Knowledge - INFO - process ingested knowledge for /app/data/newkinpogroup5515/55/b23195v/lu5-55/docs/v0.0.4/keyboard/ENTER/meta.json
2026-02-25 00:25:45,449 - Knowledge - INFO - Worker kw7 processing /app/data/newkinpogroup5515/55/b23195v/lu5-55/docs/v0.1.6/classes/class/index.html
2026-02-25 00:25:45,616 - Knowledge - INFO - process ingested knowledge for /app/data/newkinpogroup5515/55/b23195v/lu5-55/docs/v0.0.4/modules.json
2026-02-25 00:25:45,687 - Knowledge - INFO - Fast-tracked /app/data/newkinpogroup5515/55/b23195v/lu5-55/docs/v0.1.6/math/random/meta.json (ext=.json, size=602)
2026-02-25 00:25:45,762 - Knowledge - INFO - done ingest for /app/data/newkinpogroup5515/55/b23195v/lu5-55/docs/v0.0.4/setting/index.html
2026-02-25 00:25:45,811 - Knowledge - INFO - process ingested knowledge for /app/data/newkinpogroup5515/55/b23195v/lu5-55/docs/v0.0.4/mouse/mouseReleased/index.html
2026-02-25 00:25:45,915 - Knowledge - INFO - Async storage completed for 8 embeddings
2026-02-25 00:25:45,984 - Knowledge - INFO - process ingested knowledge for /app/data/newkinpogroup5515/55/b23195v/lu5-55/docs/v0.0.4/keyboard/keyReleased/index.html
2026-02-25 00:25:46,004 - Knowledge - INFO - Worker kw7 processing /app/data/newkinpogroup5515/55/b23195v/lu5-55/docs/v0.1.6/classes/class/meta.json
2026-02-25 00:25:46,191 - Knowledge - INFO - Worker kw15 processing /app/data/newkinpogroup5515/55/b23195v/lu5-55/docs/v0.1.6/math/cos/index.html
2026-02-25 00:25:46,444 - Knowledge - INFO - process ingested knowledge for /app/data/newkinpogroup5515/55/b23195v/lu5-55/docs/v0.0.4/mouse/mouseReleased/meta.json
2026-02-25 00:25:46,451 - Knowledge - INFO - [WEBSOCKET] Sent: Type=progress_update, Size: 293, Duration: 0ms
2026-02-25 00:25:46,644 - Knowledge - INFO - process ingested knowledge for /app/data/newkinpogroup5515/55/b23195v/lu5-55/docs/v0.0.4/keyboard/keyReleased/meta.json
2026-02-25 00:25:46,755 - Knowledge - INFO - Fast-tracked /app/data/newkinpogroup5515/55/b23195v/lu5-55/docs/v0.1.6/classes/class/meta.json (ext=.json, size=849)
2026-02-25 00:25:46,872 - Knowledge - INFO - Worker kw15 processing /app/data/newkinpogroup5515/55/b23195v/lu5-55/docs/v0.1.6/math/cos/meta.json
2026-02-25 00:25:46,997 - Knowledge - INFO - process ingested knowledge for /app/data/newkinpogroup5515/55/b23195v/lu5-55/docs/v0.0.4/mouse/mouseX/index.html
2026-02-25 00:25:47,058 - Knowledge - INFO - Processing batch of 8 files
2026-02-25 00:25:47,058 - Knowledge - INFO - done ingest for /app/data/newkinpogroup5515/55/b23195v/lu5-55/docs/v0.1.6/io/loadStrings/index.html
2026-02-25 00:25:47,059 - Knowledge - INFO - [WEBSOCKET] Sent: Type=unknown, Size: ?, Duration: 608ms
2026-02-25 00:25:47,166 - Knowledge - INFO - process ingested knowledge for /app/data/newkinpogroup5515/55/b23195v/lu5-55/docs/v0.0.4/keyboard/LEFT_ARROW/index.html
2026-02-25 00:25:47,269 - Knowledge - INFO - Worker kw7 processing /app/data/newkinpogroup5515/55/b23195v/lu5-55/docs/v0.1.6/classes/index.html
2026-02-25 00:25:47,422 - Knowledge - INFO - Fast-tracked /app/data/newkinpogroup5515/55/b23195v/lu5-55/docs/v0.1.6/math/cos/meta.json (ext=.json, size=321)
2026-02-25 00:25:47,506 - Knowledge - INFO - process ingested knowledge for /app/data/newkinpogroup5515/55/b23195v/lu5-55/docs/v0.0.4/mouse/mouseX/meta.json
2026-02-25 00:25:47,587 - Knowledge - INFO - process ingested knowledge for /app/data/newkinpogroup5515/55/b23195v/lu5-55/docs/v0.0.4/setting/stroke/meta.json
2026-02-25 00:25:47,628 - Knowledge - INFO - Async storage completed for 8 embeddings
2026-02-25 00:25:47,752 - Knowledge - INFO - Progress: 46.2% | Files: 676/1455 | Rate: 1.52 files/sec | Queue: 659
2026-02-25 00:25:47,752 - Knowledge - INFO - done ingest for /app/data/newkinpogroup5515/55/b23195v/lu5-55/docs/v0.0.4/setting/stroke/index.html
2026-02-25 00:25:47,752 - Knowledge - INFO - [kw16] Queue=659, InProgress=0, PendingWorkers=20/20, Completed=676/1455 (46.5%)
2026-02-25 00:25:47,843 - Knowledge - INFO - process ingested knowledge for /app/data/newkinpogroup5515/55/b23195v/lu5-55/docs/v0.0.4/keyboard/LEFT_ARROW/meta.json
2026-02-25 00:25:47,943 - Knowledge - INFO - Worker kw7 processing /app/data/newkinpogroup5515/55/b23195v/lu5-55/docs/v0.1.6/setting/strokeWeight/index.html
2026-02-25 00:25:48,032 - Knowledge - INFO - Worker kw15 processing /app/data/newkinpogroup5515/55/b23195v/lu5-55/docs/v0.1.6/math/ceil/index.html
2026-02-25 00:25:48,161 - Knowledge - INFO - process ingested knowledge for /app/data/newkinpogroup5515/55/b23195v/lu5-55/docs/v0.0.4/mouse/mouseIsPressed/index.html
2026-02-25 00:25:48,184 - Knowledge - INFO - done ingest for /app/data/newkinpogroup5515/55/b23195v/lu5-55/docs/v0.0.4/typography/text/index.html
2026-02-25 00:25:48,281 - Knowledge - INFO - process ingested knowledge for /app/data/newkinpogroup5515/55/b23195v/lu5-55/docs/v0.0.4/setting/noFill/index.html
2026-02-25 00:25:48,537 - Knowledge - INFO - [kw8] Queue=659, InProgress=0, PendingWorkers=20/20, Completed=676/1455 (46.5%)
2026-02-25 00:25:48,616 - Knowledge - INFO - Processing batch of 8 files
2026-02-25 00:25:48,702 - Knowledge - INFO - Batch sizing: calculated=8, max_allowed=10, queue=659, active_workers=20/20
2026-02-25 00:25:48,780 - Knowledge - INFO - process ingested knowledge for /app/data/newkinpogroup5515/55/b23195v/lu5-55/docs/v0.0.4/keyboard/BACKSPACE/index.html
2026-02-25 00:25:48,923 - Knowledge - INFO - [LLM_CALL] Completed: index.html:chunk1, Duration: 287ms, PromptTokens: 4954, CompletionTokens: 59, Cost: $0.00052
2026-02-25 00:25:48,962 - Knowledge - INFO - Async storage completed for 8 embeddings
2026-02-25 00:25:49,064 - Knowledge - INFO - Async storage completed for 8 embeddings
2026-02-25 00:25:49,172 - Knowledge - INFO - process ingested knowledge for /app/data/newkinpogroup5515/55/b23195v/lu5-55/docs/v0.0.4/mouse/mouseIsPressed/meta.json
2026-02-25 00:25:49,386 - Knowledge - INFO - process ingested knowledge for /app/data/newkinpogroup5515/55/b23195v/lu5-55/docs/v0.0.4/setting/noFill/meta.json
2026-02-25 00:25:49,492 - Knowledge - INFO - Batch sizing: calculated=8, max_allowed=10, queue=659, active_workers=20/20
2026-02-25 00:25:49,603 - Knowledge - INFO - process ingested knowledge for /app/data/newkinpogroup5515/55/b23195v/lu5-55/docs/v0.0.4/classes/index.html
2026-02-25 00:25:49,878 - Knowledge - INFO - process ingested knowledge for /app/data/newkinpogroup5515/55/b23195v/lu5-55/docs/v0.0.4/keyboard/BACKSPACE/meta.json
2026-02-25 00:25:49,886 - Knowledge - INFO - done ingest for /app/data/newkinpogroup5515/55/b23195v/lu5-55/docs/v0.1.6/io/print/index.html
2026-02-25 00:25:49,898 - Knowledge - INFO - [LLM_CALL] Completed: index.html:chunk1, Duration: 1ms, PromptTokens: 7070, CompletionTokens: 59, Cost: $0.00073
2026-02-25 00:25:49,899 - Knowledge - INFO - Async storing batch of 8 embeddings
2026-02-25 00:25:50,014 - Knowledge - WARNING - Timeout processing /app/data/newkinpogroup5515/55/b23195v/lu5-55/docs/v0.0.4/mouse/index.html after 90s - using fallback metadata
2026-02-25 00:25:50,373 - Knowledge - INFO - process ingested knowledge for /app/data/newkinpogroup5515/55/b23195v/lu5-55/docs/v0.0.4/setting/noStroke/index.html
2026-02-25 00:25:50,554 - Knowledge - INFO - process ingested knowledge for /app/data/newkinpogroup5515/55/b23195v/lu5-55/docs/v0.0.4/setting/strokeWeight/index.html
2026-02-25 00:25:50,857 - Knowledge - INFO - done ingest for /app/data/newkinpogroup5515/55/b23195v/lu5-55/docs/v0.1.6/window/index.html
2026-02-25 00:25:50,857 - Knowledge - INFO - done ingest for /app/data/newkinpogroup5515/55/b23195v/lu5-55/docs/v0.0.4/typography/textFont/index.html
2026-02-25 00:25:50,859 - Knowledge - INFO - Async storing batch of 8 embeddings
2026-02-25 00:25:50,955 - Knowledge - INFO - Worker kw16 processing /app/data/newkinpogroup5515/55/b23195v/lu5-55/docs/v0.1.6/setting/strokeWeight/meta.json
2026-02-25 00:25:51,053 - Knowledge - WARNING - Timeout processing /app/data/newkinpogroup5515/55/b23195v/lu5-55/docs/v0.0.4/mouse/mousePressed/index.html after 90s - using fallback metadata
2026-02-25 00:25:51,065 - Knowledge - INFO - Processing batch of 8 files
2026-02-25 00:25:51,158 - Knowledge - INFO - Async storage completed for 8 embeddings
2026-02-25 00:25:51,244 - Knowledge - INFO - process ingested knowledge for /app/data/newkinpogroup5515/55/b23195v/lu5-55/docs/v0.0.4/setting/noStroke/meta.json
2026-02-25 00:25:51,321 - Knowledge - INFO - process ingested knowledge for /app/data/newkinpogroup5515/55/b23195v/lu5-55/docs/v0.0.4/setting/strokeWeight/meta.json
2026-02-25 00:25:51,582 - Knowledge - INFO - Worker kw8 processing /app/data/newkinpogroup5515/55/b23195v/lu5-55/docs/v0.1.6/setting/noFill/meta.json
2026-02-25 00:25:51,617 - Knowledge - INFO - [kw12] Queue=643, InProgress=0, PendingWorkers=20/20, Completed=692/1455 (47.6%)
2026-02-25 00:25:51,714 - Knowledge - INFO - Fast-tracked /app/data/newkinpogroup5515/55/b23195v/lu5-55/docs/v0.1.6/setting/strokeWeight/meta.json (ext=.json, size=323)
2026-02-25 00:25:51,830 - Knowledge - WARNING - Timeout processing /app/data/newkinpogroup5515/55/b23195v/lu5-55/docs/v0.0.4/image/image/index.html after 90s - using fallback metadata
2026-02-25 00:25:51,907 - Knowledge - INFO - [kw9] Queue=643, InProgress=0, PendingWorkers=20/20, Completed=692/1455 (47.6%)
2026-02-25 00:25:51,938 - Knowledge - INFO - process ingested knowledge for /app/data/newkinpogroup5515/55/b23195v/lu5-55/docs/v0.0.4/typography/loadFont/index.html
2026-02-25 00:25:52,147 - Knowledge - INFO - process ingested knowledge for /app/data/newkinpogroup5515/55/b23195v/lu5-55/docs/v0.0.4/setting/index.html
2026-02-25 00:25:52,250 - Knowledge - INFO - process ingested knowledge for /app/data/newkinpogroup5515/55/b23195v/lu5-55/docs/v0.0.4/setting/push/index.html
2026-02-25 00:25:52,254 - Knowledge - INFO - [LLM_CALL] Completed: index.html:chunk1, Duration: 1181ms, PromptTokens: 4732, CompletionTokens: 59, Cost: $0.00050
2026-02-25 00:25:52,390 - Knowledge - INFO - Fast-tracked /app/data/newkinpogroup5515/55/b23195v/lu5-55/docs/v0.1.6/setting/noFill/meta.json (ext=.json, size=198)
2026-02-25 00:25:52,450 - Knowledge - INFO - Batch sizing: calculated=8, max_allowed=10, queue=643, active_workers=20/20
2026-02-25 00:25:52,572 - Knowledge - INFO - Worker kw16 processing /app/data/newkinpogroup5515/55/b23195v/lu5-55/docs/v0.1.6/setting/push/index.html
2026-02-25 00:25:52,704 - Knowledge - WARNING - Timeout processing /app/data/newkinpogroup5515/55/b23195v/lu5-55/docs/v0.0.4/image/loadImage/index.html after 90s - using fallback metadata
2026-02-25 00:25:52,797 - Knowledge - INFO - Batch sizing: calculated=8, max_allowed=10, queue=643, active_workers=20/20
2026-02-25 00:25:52,911 - Knowledge - INFO - process ingested knowledge for /app/data/newkinpogroup5515/55/b23195v/lu5-55/docs/v0.0.4/typography/loadFont/meta.json
2026-02-25 00:25:53,009 - Knowledge - INFO - process ingested knowledge for /app/data/newkinpogroup5515/55/b23195v/lu5-55/docs/v0.0.4/setting/fill/index.html
2026-02-25 00:25:53,091 - Knowledge - INFO - process ingested knowledge for /app/data/newkinpogroup5515/55/b23195v/lu5-55/docs/v0.0.4/setting/push/meta.json
2026-02-25 00:25:53,174 - Knowledge - INFO - done ingest for /app/data/newkinpogroup5515/55/b23195v/lu5-55/docs/v0.1.6/shapes/arc/index.html
2026-02-25 00:25:53,174 - Knowledge - INFO - done ingest for /app/data/newkinpogroup5515/55/b23195v/lu5-55/docs/v0.1.6/window/deltaTime/index.html
2026-02-25 00:25:53,175 - Knowledge - INFO - done ingest for /app/data/newkinpogroup5515/55/b23195v/lu5-55/docs/v0.0.4/typography/index.html
2026-02-25 00:25:53,278 - Knowledge - INFO - Worker kw8 processing /app/data/newkinpogroup5515/55/b23195v/lu5-55/docs/v0.1.6/setting/debugMode/index.html
2026-02-25 00:25:53,469 - Knowledge - INFO - done ingest for /app/data/newkinpogroup5515/55/b23195v/lu5-55/docs/v0.1.6/window/windowResized/index.html
2026-02-25 00:25:53,472 - Knowledge - INFO - Async storing batch of 8 embeddings
2026-02-25 00:25:53,601 - Knowledge - INFO - Worker kw16 processing /app/data/newkinpogroup5515/55/b23195v/lu5-55/docs/v0.1.6/setting/push/meta.json
2026-02-25 00:25:53,697 - Knowledge - WARNING - Timeout processing /app/data/newkinpogroup5515/55/b23195v/lu5-55/docs/v0.0.4/image/index.html after 90s - using fallback metadata
2026-02-25 00:25:53,781 - Knowledge - INFO - Async storing batch of 8 embeddings
2026-02-25 00:25:53,870 - Knowledge - INFO - process ingested knowledge for /app/data/newkinpogroup5515/55/b23195v/lu5-55/docs/v0.1.6/io/loadStrings/index.html
2026-02-25 00:25:53,980 - Knowledge - INFO - process ingested knowledge for /app/data/newkinpogroup5515/55/b23195v/lu5-55/docs/v0.0.4/setting/fill/meta.json
2026-02-25 00:25:54,100 - Knowledge - INFO - process ingested knowledge for /app/data/newkinpogroup5515/55/b23195v/lu5-55/docs/v0.0.4/setting/background/index.html
2026-02-25 00:25:54,437 - Knowledge - INFO - Worker kw8 processing /app/data/newkinpogroup5515/55/b23195v/lu5-55/docs/v0.1.6/setting/debugMode/meta.json
2026-02-25 00:25:54,588 - Knowledge - INFO - Worker kw12 processing /app/data/newkinpogroup5515/55/b23195v/lu5-55/docs/v0.1.6/setting/pop/index.html
2026-02-25 00:25:54,687 - Knowledge - INFO - Fast-tracked /app/data/newkinpogroup5515/55/b23195v/lu5-55/docs/v0.1.6/setting/push/meta.json (ext=.json, size=207)
2026-02-25 00:25:54,814 - Knowledge - INFO - Processing batch of 8 files
2026-02-25 00:25:54,938 - Knowledge - INFO - Worker kw9 processing /app/data/newkinpogroup5515/55/b23195v/lu5-55/docs/v0.1.6/keyboard/index.html
2026-02-25 00:25:55,049 - Knowledge - INFO - process ingested knowledge for /app/data/newkinpogroup5515/55/b23195v/lu5-55/docs/v0.1.6/io/loadStrings/meta.json
2026-02-25 00:25:55,058 - Knowledge - INFO - [LLM_CALL] Completed: index.html:chunk1, Duration: 831ms, PromptTokens: 4732, CompletionTokens: 59, Cost: $0.00050
2026-02-25 00:25:55,367 - Knowledge - INFO - process ingested knowledge for /app/data/newkinpogroup5515/55/b23195v/lu5-55/docs/v0.0.4/setting/background/meta.json
2026-02-25 00:25:55,447 - Knowledge - INFO - Fast-tracked /app/data/newkinpogroup5515/55/b23195v/lu5-55/docs/v0.1.6/setting/debugMode/meta.json (ext=.json, size=783)
2026-02-25 00:25:55,537 - Knowledge - INFO - Worker kw12 processing /app/data/newkinpogroup5515/55/b23195v/lu5-55/docs/v0.1.6/setting/pop/meta.json
2026-02-25 00:25:55,654 - Knowledge - INFO - Worker kw16 processing /app/data/newkinpogroup5515/55/b23195v/lu5-55/docs/v0.1.6/setting/background/index.html
2026-02-25 00:25:55,796 - Knowledge - INFO - process ingested knowledge for /app/data/newkinpogroup5515/55/b23195v/lu5-55/docs/v0.0.4/mouse/index.html
2026-02-25 00:25:55,976 - Knowledge - INFO - Worker kw9 processing /app/data/newkinpogroup5515/55/b23195v/lu5-55/docs/v0.1.6/keyboard/keyPressed/index.html
2026-02-25 00:25:56,058 - Knowledge - INFO - process ingested knowledge for /app/data/newkinpogroup5515/55/b23195v/lu5-55/docs/v0.1.6/io/loadText/index.html
2026-02-25 00:25:56,145 - Knowledge - INFO - done ingest for /app/data/newkinpogroup5515/55/b23195v/lu5-55/docs/v0.1.6/shapes/triangle/index.html
2026-02-25 00:25:56,146 - Knowledge - INFO - done ingest for /app/data/newkinpogroup5515/55/b23195v/lu5-55/docs/v0.1.6/models/loadModel/index.html
2026-02-25 00:25:56,147 - Knowledge - INFO - done ingest for /app/data/newkinpogroup5515/55/b23195v/lu5-55/docs/v0.0.4/typography/textSize/index.html
2026-02-25 00:25:56,147 - Knowledge - INFO - done ingest for /app/data/newkinpogroup5515/55/b23195v/lu5-55/docs/v0.1.6/window/width/index.html
2026-02-25 00:25:56,280 - Knowledge - INFO - process ingested knowledge for /app/data/newkinpogroup5515/55/b23195v/lu5-55/docs/v0.0.4/setting/stroke/index.html
2026-02-25 00:25:56,304 - Knowledge - INFO - [kw20] Queue=627, InProgress=0, PendingWorkers=20/20, Completed=700/1455 (48.1%)
2026-02-25 00:25:56,316 - Knowledge - INFO - Worker kw8 processing /app/data/newkinpogroup5515/55/b23195v/lu5-55/docs/v0.1.6/setting/noStroke/index.html
2026-02-25 00:25:56,440 - Knowledge - INFO - Fast-tracked /app/data/newkinpogroup5515/55/b23195v/lu5-55/docs/v0.1.6/setting/pop/meta.json (ext=.json, size=210)
2026-02-25 00:25:56,496 - Knowledge - INFO - Async storage completed for 8 embeddings
2026-02-25 00:25:56,561 - Knowledge - INFO - Worker kw16 processing /app/data/newkinpogroup5515/55/b23195v/lu5-55/docs/v0.1.6/setting/background/meta.json
2026-02-25 00:25:56,637 - Knowledge - INFO - process ingested knowledge for /app/data/newkinpogroup5515/55/b23195v/lu5-55/docs/v0.0.4/mouse/mousePressed/index.html
2026-02-25 00:25:56,717 - Knowledge - INFO - Worker kw9 processing /app/data/newkinpogroup5515/55/b23195v/lu5-55/docs/v0.1.6/keyboard/keyPressed/meta.json
2026-02-25 00:25:56,809 - Knowledge - INFO - process ingested knowledge for /app/data/newkinpogroup5515/55/b23195v/lu5-55/docs/v0.1.6/io/loadText/meta.json
2026-02-25 00:25:57,422 - Knowledge - INFO - Batch sizing: calculated=8, max_allowed=10, queue=627, active_workers=20/20
2026-02-25 00:25:57,502 - Knowledge - INFO - Worker kw8 processing /app/data/newkinpogroup5515/55/b23195v/lu5-55/docs/v0.1.6/setting/noStroke/meta.json
2026-02-25 00:25:57,614 - Knowledge - INFO - Worker kw12 processing /app/data/newkinpogroup5515/55/b23195v/lu5-55/docs/v0.1.6/keyboard/keyHeld/index.html
2026-02-25 00:25:57,747 - Knowledge - INFO - [LLM_CALL] Completed: index.html:chunk1, Duration: 859ms, PromptTokens: 4732, CompletionTokens: 59, Cost: $0.00050
2026-02-25 00:25:57,893 - Knowledge - INFO - Fast-tracked /app/data/newkinpogroup5515/55/b23195v/lu5-55/docs/v0.1.6/setting/background/meta.json (ext=.json, size=392)
2026-02-25 00:25:58,051 - Knowledge - INFO - process ingested knowledge for /app/data/newkinpogroup5515/55/b23195v/lu5-55/docs/v0.0.4/mouse/mousePressed/meta.json
2026-02-25 00:25:58,114 - Knowledge - INFO - Fast-tracked /app/data/newkinpogroup5515/55/b23195v/lu5-55/docs/v0.1.6/keyboard/keyPressed/meta.json (ext=.json, size=578)
2026-02-25 00:25:58,242 - Knowledge - INFO - process ingested knowledge for /app/data/newkinpogroup5515/55/b23195v/lu5-55/docs/v0.1.6/io/print/index.html
2026-02-25 00:25:58,416 - Knowledge - INFO - Fast-tracked /app/data/newkinpogroup5515/55/b23195v/lu5-55/docs/v0.1.6/setting/noStroke/meta.json (ext=.json, size=303)
2026-02-25 00:25:58,552 - Knowledge - INFO - Worker kw12 processing /app/data/newkinpogroup5515/55/b23195v/lu5-55/docs/v0.1.6/keyboard/keyHeld/meta.json
2026-02-25 00:25:58,637 - Knowledge - INFO - Async storage completed for 8 embeddings
2026-02-25 00:25:58,658 - Knowledge - INFO - done ingest for /app/data/newkinpogroup5515/55/b23195v/lu5-55/docs/v0.1.6/shapes/point/index.html
2026-02-25 00:25:58,659 - Knowledge - INFO - done ingest for /app/data/newkinpogroup5515/55/b23195v/lu5-55/docs/v0.1.6/window/frameRate/index.html
2026-02-25 00:25:58,660 - Knowledge - INFO - done ingest for /app/data/newkinpogroup5515/55/b23195v/lu5-55/docs/v0.0.4/index.html
2026-02-25 00:25:58,675 - Knowledge - INFO - Async storing batch of 8 embeddings
2026-02-25 00:25:58,675 - Knowledge - INFO - done ingest for /app/data/newkinpogroup5515/55/b23195v/lu5-55/docs/v0.1.6/io/index.html
2026-02-25 00:25:58,675 - Knowledge - INFO - [kw6] Queue=619, InProgress=0, PendingWorkers=20/20, Completed=700/1455 (48.1%)
2026-02-25 00:25:58,757 - Knowledge - INFO - Worker kw16 processing /app/data/newkinpogroup5515/55/b23195v/lu5-55/docs/v0.1.6/setting/stroke/index.html
2026-02-25 00:25:58,842 - Knowledge - INFO - process ingested knowledge for /app/data/newkinpogroup5515/55/b23195v/lu5-55/docs/v0.0.4/image/image/index.html
2026-02-25 00:25:58,965 - Knowledge - INFO - Worker kw9 processing /app/data/newkinpogroup5515/55/b23195v/lu5-55/docs/v0.1.6/modules.json
2026-02-25 00:25:59,075 - Knowledge - INFO - process ingested knowledge for /app/data/newkinpogroup5515/55/b23195v/lu5-55/docs/v0.1.6/io/print/meta.json
2026-02-25 00:25:59,159 - Knowledge - INFO - Worker kw8 processing /app/data/newkinpogroup5515/55/b23195v/lu5-55/docs/v0.1.6/setting/index.html
2026-02-25 00:25:59,243 - Knowledge - INFO - Fast-tracked /app/data/newkinpogroup5515/55/b23195v/lu5-55/docs/v0.1.6/keyboard/keyHeld/meta.json (ext=.json, size=386)
2026-02-25 00:25:59,576 - Knowledge - INFO - Processing batch of 8 files
2026-02-25 00:25:59,665 - Knowledge - INFO - Processing batch of 8 files
2026-02-25 00:25:59,833 - Knowledge - INFO - [LLM_CALL] Completed: index.html:chunk1, Duration: 584ms, PromptTokens: 4742, CompletionTokens: 59, Cost: $0.00050
2026-02-25 00:25:59,836 - Knowledge - INFO - Worker kw20 processing /app/data/newkinpogroup5515/55/b23195v/lu5-55/docs/v0.1.6/mouse/mouseReleased/index.html
2026-02-25 00:26:00,015 - Knowledge - INFO - Batch sizing: calculated=8, max_allowed=10, queue=619, active_workers=20/20
2026-02-25 00:26:00,117 - Knowledge - INFO - Worker kw16 processing /app/data/newkinpogroup5515/55/b23195v/lu5-55/docs/v0.1.6/setting/stroke/meta.json
2026-02-25 00:26:00,303 - Knowledge - INFO - process ingested knowledge for /app/data/newkinpogroup5515/55/b23195v/lu5-55/docs/v0.0.4/image/image/meta.json
2026-02-25 00:26:00,409 - Knowledge - INFO - Fast-tracked /app/data/newkinpogroup5515/55/b23195v/lu5-55/docs/v0.1.6/modules.json (ext=.json, size=3269)
2026-02-25 00:26:00,663 - Knowledge - INFO - Worker kw8 processing /app/data/newkinpogroup5515/55/b23195v/lu5-55/docs/v0.1.6/setting/fill/index.html
2026-02-25 00:26:00,695 - Knowledge - INFO - Worker kw12 processing /app/data/newkinpogroup5515/55/b23195v/lu5-55/docs/v0.1.6/keyboard/keyReleased/index.html
2026-02-25 00:26:00,816 - Knowledge - INFO - process ingested knowledge for /app/data/newkinpogroup5515/55/b23195v/lu5-55/docs/v0.1.6/window/height/meta.json
2026-02-25 00:26:00,934 - Knowledge - INFO - process ingested knowledge for /app/data/newkinpogroup5515/55/b23195v/lu5-55/docs/v0.0.4/index.html
2026-02-25 00:26:01,095 - Knowledge - INFO - done ingest for /app/data/newkinpogroup5515/55/b23195v/lu5-55/docs/v0.1.6/shapes/ellipse/index.html
2026-02-25 00:26:01,095 - Knowledge - INFO - [LLM_CALL] Completed: index.html:chunk1, Duration: 0ms, PromptTokens: 5178, CompletionTokens: 59, Cost: $0.00054
2026-02-25 00:26:01,235 - Knowledge - INFO - Worker kw20 processing /app/data/newkinpogroup5515/55/b23195v/lu5-55/docs/v0.1.6/mouse/mouseReleased/meta.json
2026-02-25 00:26:01,408 - Knowledge - INFO - Fast-tracked /app/data/newkinpogroup5515/55/b23195v/lu5-55/docs/v0.1.6/setting/stroke/meta.json (ext=.json, size=485)
2026-02-25 00:26:01,592 - Knowledge - INFO - Worker kw9 processing /app/data/newkinpogroup5515/55/b23195v/lu5-55/docs/v0.1.6/mouse/pmouseY/index.html
2026-02-25 00:26:01,636 - Knowledge - INFO - process ingested knowledge for /app/data/newkinpogroup5515/55/b23195v/lu5-55/docs/v0.0.4/image/loadImage/index.html
2026-02-25 00:26:01,691 - Knowledge - INFO - Worker kw8 processing /app/data/newkinpogroup5515/55/b23195v/lu5-55/docs/v0.1.6/setting/fill/meta.json
2026-02-25 00:26:01,787 - Knowledge - INFO - Worker kw12 processing /app/data/newkinpogroup5515/55/b23195v/lu5-55/docs/v0.1.6/keyboard/keyReleased/meta.json
2026-02-25 00:26:01,872 - Knowledge - INFO - process ingested knowledge for /app/data/newkinpogroup5515/55/b23195v/lu5-55/docs/v0.1.6/window/deltaTime/index.html
2026-02-25 00:26:02,040 - Knowledge - INFO - process ingested knowledge for /app/data/newkinpogroup5515/55/b23195v/lu5-55/docs/v0.0.4/typography/textSize/index.html
2026-02-25 00:26:02,126 - Knowledge - INFO - done ingest for /app/data/newkinpogroup5515/55/b23195v/lu5-55/docs/v0.1.6/shapes/beginShape/index.html
2026-02-25 00:26:02,127 - Knowledge - INFO - done ingest for /app/data/newkinpogroup5515/55/b23195v/lu5-55/docs/v0.1.6/shapes/endShape/index.html
2026-02-25 00:26:02,127 - Knowledge - INFO - done ingest for /app/data/newkinpogroup5515/55/b23195v/lu5-55/docs/v0.1.6/window/createWindow/index.html
2026-02-25 00:26:02,128 - Knowledge - INFO - Async storing batch of 8 embeddings
2026-02-25 00:26:02,139 - Knowledge - INFO - [WEBSOCKET] Sent: Type=progress_update, Size: 293, Duration: 0ms
2026-02-25 00:26:02,230 - Knowledge - INFO - Fast-tracked /app/data/newkinpogroup5515/55/b23195v/lu5-55/docs/v0.1.6/mouse/mouseReleased/meta.json (ext=.json, size=688)
2026-02-25 00:26:02,314 - Knowledge - INFO - Worker kw16 processing /app/data/newkinpogroup5515/55/b23195v/lu5-55/docs/v0.1.6/setting/noFill/index.html
2026-02-25 00:26:02,435 - Knowledge - INFO - Worker kw9 processing /app/data/newkinpogroup5515/55/b23195v/lu5-55/docs/v0.1.6/mouse/pmouseY/meta.json
2026-02-25 00:26:02,659 - Knowledge - INFO - process ingested knowledge for /app/data/newkinpogroup5515/55/b23195v/lu5-55/docs/v0.0.4/image/loadImage/meta.json
2026-02-25 00:26:02,752 - Knowledge - INFO - Fast-tracked /app/data/newkinpogroup5515/55/b23195v/lu5-55/docs/v0.1.6/setting/fill/meta.json (ext=.json, size=508)
2026-02-25 00:26:02,850 - Knowledge - INFO - Fast-tracked /app/data/newkinpogroup5515/55/b23195v/lu5-55/docs/v0.1.6/keyboard/keyReleased/meta.json (ext=.json, size=397)
2026-02-25 00:26:02,948 - Knowledge - INFO - process ingested knowledge for /app/data/newkinpogroup5515/55/b23195v/lu5-55/docs/v0.1.6/window/deltaTime/meta.json
2026-02-25 00:26:03,040 - Knowledge - INFO - process ingested knowledge for /app/data/newkinpogroup5515/55/b23195v/lu5-55/docs/v0.0.4/typography/textSize/meta.json
2026-02-25 00:26:03,430 - Knowledge - INFO - Worker kw6 processing /app/data/newkinpogroup5515/55/b23195v/lu5-55/docs/v0.1.6/mouse/mouseIsPressed/index.html
2026-02-25 00:26:03,519 - Knowledge - INFO - [LLM_CALL] Completed: index.html:chunk1, Duration: 1385ms, PromptTokens: 4942, CompletionTokens: 59, Cost: $0.00052
2026-02-25 00:26:03,614 - Knowledge - INFO - Worker kw20 processing /app/data/newkinpogroup5515/55/b23195v/lu5-55/docs/v0.1.6/mouse/mouseWheel/index.html
2026-02-25 00:26:03,817 - Knowledge - INFO - Fast-tracked /app/data/newkinpogroup5515/55/b23195v/lu5-55/docs/v0.1.6/mouse/pmouseY/meta.json (ext=.json, size=235)
2026-02-25 00:26:03,991 - Knowledge - INFO - process ingested knowledge for /app/data/newkinpogroup5515/55/b23195v/lu5-55/docs/v0.0.4/image/index.html
2026-02-25 00:26:04,176 - Knowledge - INFO - Worker kw12 processing /app/data/newkinpogroup5515/55/b23195v/lu5-55/docs/v0.1.6/keyboard/keyIsDown/index.html
2026-02-25 00:26:04,308 - Knowledge - INFO - process ingested knowledge for /app/data/newkinpogroup5515/55/b23195v/lu5-55/docs/v0.1.6/window/index.html
2026-02-25 00:26:04,427 - Knowledge - INFO - process ingested knowledge for /app/data/newkinpogroup5515/55/b23195v/lu5-55/docs/v0.0.4/typography/textFont/index.html
2026-02-25 00:26:04,537 - Knowledge - INFO - Worker kw6 processing /app/data/newkinpogroup5515/55/b23195v/lu5-55/docs/v0.1.6/mouse/mouseIsPressed/meta.json
2026-02-25 00:26:04,642 - Knowledge - INFO - done ingest for /app/data/newkinpogroup5515/55/b23195v/lu5-55/docs/v0.1.6/shapes/vertex/index.html
2026-02-25 00:26:04,643 - Knowledge - INFO - Processing batch of 8 files
2026-02-25 00:26:04,643 - Knowledge - INFO - [WEBSOCKET] Sent: Type=unknown, Size: ?, Duration: 2504ms
2026-02-25 00:26:04,734 - Knowledge - INFO - Worker kw20 processing /app/data/newkinpogroup5515/55/b23195v/lu5-55/docs/v0.1.6/mouse/mouseWheel/meta.json
2026-02-25 00:26:04,815 - Knowledge - INFO - Worker kw9 processing /app/data/newkinpogroup5515/55/b23195v/lu5-55/docs/v0.1.6/mouse/mouseY/index.html
2026-02-25 00:26:05,033 - Knowledge - INFO - Worker kw12 processing /app/data/newkinpogroup5515/55/b23195v/lu5-55/docs/v0.1.6/keyboard/keyIsDown/meta.json
2026-02-25 00:26:05,104 - Knowledge - INFO - process ingested knowledge for /app/data/newkinpogroup5515/55/b23195v/lu5-55/docs/v0.1.6/window/frameRate/index.html
2026-02-25 00:26:05,116 - Knowledge - INFO - Async storage completed for 8 embeddings
2026-02-25 00:26:05,223 - Knowledge - INFO - process ingested knowledge for /app/data/newkinpogroup5515/55/b23195v/lu5-55/docs/v0.0.4/typography/textFont/meta.json
2026-02-25 00:26:05,312 - Knowledge - INFO - Fast-tracked /app/data/newkinpogroup5515/55/b23195v/lu5-55/docs/v0.1.6/mouse/mouseIsPressed/meta.json (ext=.json, size=309)
2026-02-25 00:26:05,518 - Knowledge - INFO - process ingested knowledge for /app/data/newkinpogroup5515/55/b23195v/lu5-55/docs/v0.1.6/shapes/circle/meta.json
2026-02-25 00:26:05,614 - Knowledge - INFO - Progress: 49.2% | Files: 724/1455 | Rate: 1.58 files/sec | Queue: 611
2026-02-25 00:26:05,619 - Knowledge - INFO - [LLM_CALL] Completed: index.html:chunk1, Duration: 1ms, PromptTokens: 4958, CompletionTokens: 59, Cost: $0.00052
2026-02-25 00:26:05,813 - Knowledge - INFO - Fast-tracked /app/data/newkinpogroup5515/55/b23195v/lu5-55/docs/v0.1.6/mouse/mouseWheel/meta.json (ext=.json, size=630)
2026-02-25 00:26:05,916 - Knowledge - INFO - Worker kw9 processing /app/data/newkinpogroup5515/55/b23195v/lu5-55/docs/v0.1.6/mouse/mouseY/meta.json
2026-02-25 00:26:06,003 - Knowledge - INFO - Fast-tracked /app/data/newkinpogroup5515/55/b23195v/lu5-55/docs/v0.1.6/keyboard/keyIsDown/meta.json (ext=.json, size=677)
2026-02-25 00:26:06,123 - Knowledge - INFO - process ingested knowledge for /app/data/newkinpogroup5515/55/b23195v/lu5-55/docs/v0.1.6/window/frameRate/meta.json
2026-02-25 00:26:06,203 - Knowledge - INFO - Async storage completed for 8 embeddings
2026-02-25 00:26:06,308 - Knowledge - INFO - process ingested knowledge for /app/data/newkinpogroup5515/55/b23195v/lu5-55/docs/v0.0.4/typography/text/index.html
2026-02-25 00:26:06,406 - Knowledge - INFO - Worker kw6 processing /app/data/newkinpogroup5515/55/b23195v/lu5-55/docs/v0.1.6/mouse/index.html
2026-02-25 00:26:06,504 - Knowledge - INFO - process ingested knowledge for /app/data/newkinpogroup5515/55/b23195v/lu5-55/docs/v0.1.6/shapes/point/index.html
2026-02-25 00:26:06,587 - Knowledge - INFO - [kw10] Queue=611, InProgress=0, PendingWorkers=20/20, Completed=724/1455 (49.8%)
2026-02-25 00:26:06,656 - Knowledge - INFO - done ingest for /app/data/newkinpogroup5515/55/b23195v/lu5-55/docs/v0.1.6/shapes/circle/index.html
2026-02-25 00:26:06,657 - Knowledge - INFO - [LLM_CALL] Completed: index.html:chunk1, Duration: 1ms, PromptTokens: 4940, CompletionTokens: 59, Cost: $0.00052
2026-02-25 00:26:06,742 - Knowledge - INFO - Worker kw20 processing /app/data/newkinpogroup5515/55/b23195v/lu5-55/docs/v0.1.6/mouse/pmouseX/index.html
2026-02-25 00:26:06,832 - Knowledge - INFO - Fast-tracked /app/data/newkinpogroup5515/55/b23195v/lu5-55/docs/v0.1.6/mouse/mouseY/meta.json (ext=.json, size=336)
2026-02-25 00:26:07,029 - Knowledge - INFO - process ingested knowledge for /app/data/newkinpogroup5515/55/b23195v/lu5-55/docs/v0.1.6/models/loadModel/index.html
2026-02-25 00:26:07,204 - Knowledge - INFO - process ingested knowledge for /app/data/newkinpogroup5515/55/b23195v/lu5-55/docs/v0.0.4/typography/text/meta.json
2026-02-25 00:26:07,300 - Knowledge - INFO - Worker kw6 processing /app/data/newkinpogroup5515/55/b23195v/lu5-55/docs/v0.1.6/mouse/mousePressed/index.html
2026-02-25 00:26:07,391 - Knowledge - INFO - process ingested knowledge for /app/data/newkinpogroup5515/55/b23195v/lu5-55/docs/v0.1.6/shapes/point/meta.json
2026-02-25 00:26:07,478 - Knowledge - INFO - Batch sizing: calculated=8, max_allowed=10, queue=611, active_workers=20/20
2026-02-25 00:26:07,711 - Knowledge - INFO - done ingest for /app/data/newkinpogroup5515/55/b23195v/lu5-55/docs/v0.1.6/window/height/index.html
2026-02-25 00:26:07,715 - Knowledge - INFO - [LLM_CALL] Completed: index.html:chunk1, Duration: 3ms, PromptTokens: 5014, CompletionTokens: 59, Cost: $0.00052
2026-02-25 00:26:07,796 - Knowledge - INFO - Worker kw20 processing /app/data/newkinpogroup5515/55/b23195v/lu5-55/docs/v0.1.6/mouse/pmouseX/meta.json
2026-02-25 00:26:08,031 - Knowledge - INFO - process ingested knowledge for /app/data/newkinpogroup5515/55/b23195v/lu5-55/docs/v0.1.6/models/loadModel/meta.json
2026-02-25 00:26:08,149 - Knowledge - INFO - process ingested knowledge for /app/data/newkinpogroup5515/55/b23195v/lu5-55/docs/v0.0.4/typography/index.html
2026-02-25 00:26:08,230 - Knowledge - INFO - Worker kw6 processing /app/data/newkinpogroup5515/55/b23195v/lu5-55/docs/v0.1.6/mouse/mousePressed/meta.json
2026-02-25 00:26:08,345 - Knowledge - INFO - process ingested knowledge for /app/data/newkinpogroup5515/55/b23195v/lu5-55/docs/v0.1.6/shapes/beginShape/index.html
2026-02-25 00:26:08,663 - Knowledge - INFO - done ingest for /app/data/newkinpogroup5515/55/b23195v/lu5-55/docs/v0.1.6/shapes/rect/index.html
2026-02-25 00:26:08,666 - Knowledge - INFO - [LLM_CALL] Completed: index.html:chunk1, Duration: 0ms, PromptTokens: 4800, CompletionTokens: 59, Cost: $0.00050
2026-02-25 00:26:08,742 - Knowledge - INFO - Fast-tracked /app/data/newkinpogroup5515/55/b23195v/lu5-55/docs/v0.1.6/mouse/pmouseX/meta.json (ext=.json, size=235)
2026-02-25 00:26:09,056 - Knowledge - INFO - Fast-tracked /app/data/newkinpogroup5515/55/b23195v/lu5-55/docs/v0.1.6/mouse/mousePressed/meta.json (ext=.json, size=638)
2026-02-25 00:26:09,201 - Knowledge - INFO - process ingested knowledge for /app/data/newkinpogroup5515/55/b23195v/lu5-55/docs/v0.1.6/shapes/beginShape/meta.json
2026-02-25 00:26:09,342 - Knowledge - INFO - done ingest for /app/data/newkinpogroup5515/55/b23195v/lu5-55/docs/v0.1.6/models/model/index.html
2026-02-25 00:26:09,344 - Knowledge - INFO - Processing batch of 8 files
2026-02-25 00:26:09,346 - Knowledge - INFO - done ingest for /app/data/newkinpogroup5515/55/b23195v/lu5-55/docs/v0.1.6/math/round/index.html
2026-02-25 00:26:09,346 - Knowledge - INFO - Async storing batch of 8 embeddings
2026-02-25 00:26:09,348 - Knowledge - INFO - done ingest for /app/data/newkinpogroup5515/55/b23195v/lu5-55/docs/v0.1.6/transform/scale/index.html
2026-02-25 00:26:09,437 - Knowledge - INFO - [kw11] Queue=603, InProgress=0, PendingWorkers=20/20, Completed=732/1455 (50.3%)
2026-02-25 00:26:09,440 - Knowledge - INFO - Worker kw20 processing /app/data/newkinpogroup5515/55/b23195v/lu5-55/docs/v0.1.6/mouse/mouseX/index.html
2026-02-25 00:26:09,518 - Knowledge - INFO - Worker kw6 processing /app/data/newkinpogroup5515/55/b23195v/lu5-55/docs/v0.1.6/camera/orbitControl/index.html
2026-02-25 00:26:09,680 - Knowledge - INFO - process ingested knowledge for /app/data/newkinpogroup5515/55/b23195v/lu5-55/docs/v0.1.6/shapes/triangle/index.html
2026-02-25 00:26:09,817 - Knowledge - INFO - process ingested knowledge for /app/data/newkinpogroup5515/55/b23195v/lu5-55/docs/v0.1.6/io/index.html
2026-02-25 00:26:09,933 - Knowledge - INFO - Async storage completed for 8 embeddings
2026-02-25 00:26:10,037 - Knowledge - INFO - done ingest for /app/data/newkinpogroup5515/55/b23195v/lu5-55/docs/v0.1.6/math/randomSeed/index.html
2026-02-25 00:26:10,051 - Knowledge - INFO - Worker kw10 processing /app/data/newkinpogroup5515/55/b23195v/lu5-55/docs/v0.1.6/image/Image.crop/index.html
2026-02-25 00:26:10,244 - Knowledge - INFO - done ingest for /app/data/newkinpogroup5515/55/b23195v/lu5-55/docs/v0.1.6/shapes/square/index.html
2026-02-25 00:26:10,295 - Knowledge - INFO - Batch sizing: calculated=8, max_allowed=10, queue=603, active_workers=20/20
2026-02-25 00:26:10,406 - Knowledge - INFO - Worker kw20 processing /app/data/newkinpogroup5515/55/b23195v/lu5-55/docs/v0.1.6/mouse/mouseX/meta.json
2026-02-25 00:26:10,515 - Knowledge - INFO - [kw1] Queue=603, InProgress=0, PendingWorkers=20/20, Completed=732/1455 (50.3%)
2026-02-25 00:26:10,531 - Knowledge - INFO - Worker kw6 processing /app/data/newkinpogroup5515/55/b23195v/lu5-55/docs/v0.1.6/camera/orbitControl/meta.json
2026-02-25 00:26:10,543 - Knowledge - INFO - [kw14] Queue=603, InProgress=0, PendingWorkers=20/20, Completed=732/1455 (50.3%)
2026-02-25 00:26:10,631 - Knowledge - INFO - process ingested knowledge for /app/data/newkinpogroup5515/55/b23195v/lu5-55/docs/v0.1.6/shapes/triangle/meta.json
2026-02-25 00:26:10,721 - Knowledge - INFO - done ingest for /app/data/newkinpogroup5515/55/b23195v/lu5-55/docs/v0.1.6/models/index.html
2026-02-25 00:26:10,751 - Knowledge - INFO - process ingested knowledge for /app/data/newkinpogroup5515/55/b23195v/lu5-55/docs/v0.1.6/window/width/index.html
2026-02-25 00:26:11,058 - Knowledge - INFO - done ingest for /app/data/newkinpogroup5515/55/b23195v/lu5-55/docs/v0.1.6/math/floor/index.html
2026-02-25 00:26:11,065 - Knowledge - INFO - Worker kw10 processing /app/data/newkinpogroup5515/55/b23195v/lu5-55/docs/v0.1.6/image/Image.crop/meta.json
2026-02-25 00:26:11,164 - Knowledge - INFO - Processing batch of 8 files
2026-02-25 00:26:11,236 - Knowledge - INFO - Async storing batch of 8 embeddings
2026-02-25 00:26:11,321 - Knowledge - INFO - Fast-tracked /app/data/newkinpogroup5515/55/b23195v/lu5-55/docs/v0.1.6/mouse/mouseX/meta.json (ext=.json, size=338)
2026-02-25 00:26:11,396 - Knowledge - INFO - Batch sizing: calculated=8, max_allowed=10, queue=603, active_workers=20/20
2026-02-25 00:26:11,486 - Knowledge - INFO - Fast-tracked /app/data/newkinpogroup5515/55/b23195v/lu5-55/docs/v0.1.6/camera/orbitControl/meta.json (ext=.json, size=593)
2026-02-25 00:26:11,572 - Knowledge - INFO - Batch sizing: calculated=8, max_allowed=10, queue=603, active_workers=20/20
2026-02-25 00:26:11,658 - Knowledge - INFO - process ingested knowledge for /app/data/newkinpogroup5515/55/b23195v/lu5-55/docs/v0.1.6/shapes/arc/index.html
2026-02-25 00:26:11,857 - Knowledge - INFO - process ingested knowledge for /app/data/newkinpogroup5515/55/b23195v/lu5-55/docs/v0.1.6/window/width/meta.json
2026-02-25 00:26:12,044 - Knowledge - INFO - [LLM_CALL] Completed: index.html:chunk1, Duration: 320ms, PromptTokens: 4832, CompletionTokens: 59, Cost: $0.00051
2026-02-25 00:26:12,180 - Knowledge - INFO - Fast-tracked /app/data/newkinpogroup5515/55/b23195v/lu5-55/docs/v0.1.6/image/Image.crop/meta.json (ext=.json, size=523)
2026-02-25 00:26:12,248 - Knowledge - INFO - process ingested knowledge for /app/data/newkinpogroup5515/55/b23195v/lu5-55/docs/v0.1.6/shapes/arc/meta.json
2026-02-25 00:26:12,331 - Knowledge - INFO - Worker kw11 processing /app/data/newkinpogroup5515/55/b23195v/lu5-55/docs/v0.1.6/vector/Vector.dot/meta.json
2026-02-25 00:26:12,660 - Knowledge - INFO - Worker kw6 processing /app/data/newkinpogroup5515/55/b23195v/lu5-55/docs/v0.1.6/camera/index.html
2026-02-25 00:26:13,011 - Knowledge - INFO - process ingested knowledge for /app/data/newkinpogroup5515/55/b23195v/lu5-55/docs/v0.1.6/window/createWindow/index.html
2026-02-25 00:26:13,118 - Knowledge - INFO - done ingest for /app/data/newkinpogroup5515/55/b23195v/lu5-55/docs/v0.1.6/transform/rotateY/index.html
2026-02-25 00:26:13,120 - Knowledge - INFO - done ingest for /app/data/newkinpogroup5515/55/b23195v/lu5-55/docs/v0.1.6/math/min/index.html
2026-02-25 00:26:13,121 - Knowledge - INFO - done ingest for /app/data/newkinpogroup5515/55/b23195v/lu5-55/docs/v0.1.6/math/abs/index.html
2026-02-25 00:26:13,122 - Knowledge - INFO - Async storing batch of 8 embeddings
2026-02-25 00:26:13,122 - Knowledge - INFO - [LLM_CALL] Completed: index.html:chunk1, Duration: 1ms, PromptTokens: 5050, CompletionTokens: 59, Cost: $0.00053
2026-02-25 00:26:13,123 - Knowledge - INFO - Async storing batch of 8 embeddings
2026-02-25 00:26:13,234 - Knowledge - INFO - Worker kw10 processing /app/data/newkinpogroup5515/55/b23195v/lu5-55/docs/v0.1.6/image/image/index.html
2026-02-25 00:26:13,373 - Knowledge - INFO - process ingested knowledge for /app/data/newkinpogroup5515/55/b23195v/lu5-55/docs/v0.1.6/shapes/ellipse/index.html
2026-02-25 00:26:13,464 - Knowledge - INFO - Fast-tracked /app/data/newkinpogroup5515/55/b23195v/lu5-55/docs/v0.1.6/vector/Vector.dot/meta.json (ext=.json, size=585)
2026-02-25 00:26:13,622 - Knowledge - INFO - process ingested knowledge for /app/data/newkinpogroup5515/55/b23195v/lu5-55/docs/v0.1.6/window/createWindow/meta.json
2026-02-25 00:26:14,068 - Knowledge - INFO - Worker kw1 processing /app/data/newkinpogroup5515/55/b23195v/lu5-55/docs/v0.1.6/vector/Vector.print/meta.json
2026-02-25 00:26:14,147 - Knowledge - INFO - done ingest for /app/data/newkinpogroup5515/55/b23195v/lu5-55/docs/v0.1.6/shapes/line/index.html
2026-02-25 00:26:14,148 - Knowledge - INFO - [LLM_CALL] Completed: index.html:chunk1, Duration: 0ms, PromptTokens: 5322, CompletionTokens: 59, Cost: $0.00056
2026-02-25 00:26:14,243 - Knowledge - INFO - Worker kw14 processing /app/data/newkinpogroup5515/55/b23195v/lu5-55/docs/v0.1.6/vector/Vector.sub/meta.json
2026-02-25 00:26:14,339 - Knowledge - INFO - Worker kw10 processing /app/data/newkinpogroup5515/55/b23195v/lu5-55/docs/v0.1.6/image/image/meta.json
2026-02-25 00:26:14,417 - Knowledge - INFO - process ingested knowledge for /app/data/newkinpogroup5515/55/b23195v/lu5-55/docs/v0.1.6/shapes/ellipse/meta.json
2026-02-25 00:26:14,493 - Knowledge - INFO - Worker kw11 processing /app/data/newkinpogroup5515/55/b23195v/lu5-55/docs/v0.1.6/vector/Vector.div/index.html
2026-02-25 00:26:14,567 - Knowledge - INFO - process ingested knowledge for /app/data/newkinpogroup5515/55/b23195v/lu5-55/docs/v0.1.6/window/windowResized/index.html
2026-02-25 00:26:14,579 - Knowledge - INFO - Async storage completed for 8 embeddings
2026-02-25 00:26:14,684 - Knowledge - INFO - Fast-tracked /app/data/newkinpogroup5515/55/b23195v/lu5-55/docs/v0.1.6/vector/Vector.print/meta.json (ext=.json, size=552)
2026-02-25 00:26:14,905 - Knowledge - INFO - done ingest for /app/data/newkinpogroup5515/55/b23195v/lu5-55/docs/v0.1.6/shapes/quad/index.html
2026-02-25 00:26:14,905 - Knowledge - INFO - Processing batch of 8 files
2026-02-25 00:26:14,905 - Knowledge - INFO - done ingest for /app/data/newkinpogroup5515/55/b23195v/lu5-55/docs/v0.1.6/math/sin/index.html
2026-02-25 00:26:14,905 - Knowledge - INFO - Processing batch of 8 files
2026-02-25 00:26:14,905 - Knowledge - INFO - [WEBSOCKET] Sent: Type=progress_update, Size: 293, Duration: 0ms
2026-02-25 00:26:15,015 - Knowledge - INFO - Fast-tracked /app/data/newkinpogroup5515/55/b23195v/lu5-55/docs/v0.1.6/vector/Vector.sub/meta.json (ext=.json, size=664)
2026-02-25 00:26:15,098 - Knowledge - INFO - Fast-tracked /app/data/newkinpogroup5515/55/b23195v/lu5-55/docs/v0.1.6/image/image/meta.json (ext=.json, size=559)
2026-02-25 00:26:15,188 - Knowledge - INFO - process ingested knowledge for /app/data/newkinpogroup5515/55/b23195v/lu5-55/docs/v0.1.6/shapes/vertex/index.html
2026-02-25 00:26:15,307 - Knowledge - INFO - Worker kw11 processing /app/data/newkinpogroup5515/55/b23195v/lu5-55/docs/v0.1.6/vector/Vector.div/meta.json
2026-02-25 00:26:15,400 - Knowledge - INFO - process ingested knowledge for /app/data/newkinpogroup5515/55/b23195v/lu5-55/docs/v0.1.6/window/windowResized/meta.json
2026-02-25 00:26:15,592 - Knowledge - INFO - Worker kw1 processing /app/data/newkinpogroup5515/55/b23195v/lu5-55/docs/v0.1.6/vector/Vector.idiv/index.html
2026-02-25 00:26:15,861 - Knowledge - INFO - process ingested knowledge for /app/data/newkinpogroup5515/55/b23195v/lu5-55/docs/v0.1.6/transform/rotate/meta.json
2026-02-25 00:26:16,087 - Knowledge - INFO - process ingested knowledge for /app/data/newkinpogroup5515/55/b23195v/lu5-55/docs/v0.1.6/models/model/index.html
2026-02-25 00:26:16,167 - Knowledge - INFO - [LLM_CALL] Completed: index.html:chunk1, Duration: 0ms, PromptTokens: 9170, CompletionTokens: 59, Cost: $0.00094
2026-02-25 00:26:16,245 - Knowledge - INFO - Worker kw14 processing /app/data/newkinpogroup5515/55/b23195v/lu5-55/docs/v0.1.6/vector/index.html
2026-02-25 00:26:16,336 - Knowledge - INFO - Worker kw10 processing /app/data/newkinpogroup5515/55/b23195v/lu5-55/docs/v0.1.6/image/loadImage/index.html
2026-02-25 00:26:16,461 - Knowledge - INFO - process ingested knowledge for /app/data/newkinpogroup5515/55/b23195v/lu5-55/docs/v0.1.6/shapes/vertex/meta.json
2026-02-25 00:26:16,582 - Knowledge - INFO - Fast-tracked /app/data/newkinpogroup5515/55/b23195v/lu5-55/docs/v0.1.6/vector/Vector.div/meta.json (ext=.json, size=658)
2026-02-25 00:26:16,655 - Knowledge - INFO - process ingested knowledge for /app/data/newkinpogroup5515/55/b23195v/lu5-55/docs/v0.1.6/window/height/index.html
2026-02-25 00:26:16,856 - Knowledge - INFO - Worker kw1 processing /app/data/newkinpogroup5515/55/b23195v/lu5-55/docs/v0.1.6/vector/Vector.idiv/meta.json
2026-02-25 00:26:16,916 - Knowledge - INFO - process ingested knowledge for /app/data/newkinpogroup5515/55/b23195v/lu5-55/docs/v0.1.6/math/round/index.html
2026-02-25 00:26:17,047 - Knowledge - INFO - process ingested knowledge for /app/data/newkinpogroup5515/55/b23195v/lu5-55/docs/v0.1.6/models/model/meta.json
2026-02-25 00:26:17,116 - Knowledge - INFO - done ingest for /app/data/newkinpogroup5515/55/b23195v/lu5-55/docs/v0.1.6/shapes/index.html
2026-02-25 00:26:17,120 - Knowledge - INFO - [WEBSOCKET] Sent: Type=unknown, Size: ?, Duration: 2215ms
2026-02-25 00:26:17,221 - Knowledge - INFO - Worker kw14 processing /app/data/newkinpogroup5515/55/b23195v/lu5-55/docs/v0.1.6/vector/createVector/index.html
2026-02-25 00:26:17,341 - Knowledge - INFO - Worker kw10 processing /app/data/newkinpogroup5515/55/b23195v/lu5-55/docs/v0.1.6/image/loadImage/meta.json
2026-02-25 00:26:17,433 - Knowledge - INFO - process ingested knowledge for /app/data/newkinpogroup5515/55/b23195v/lu5-55/docs/v0.1.6/shapes/rect/index.html
2026-02-25 00:26:17,521 - Knowledge - INFO - Worker kw11 processing /app/data/newkinpogroup5515/55/b23195v/lu5-55/docs/v0.1.6/vector/Vector.copy/index.html
2026-02-25 00:26:17,820 - Knowledge - INFO - Fast-tracked /app/data/newkinpogroup5515/55/b23195v/lu5-55/docs/v0.1.6/vector/Vector.idiv/meta.json (ext=.json, size=664)
2026-02-25 00:26:17,904 - Knowledge - INFO - process ingested knowledge for /app/data/newkinpogroup5515/55/b23195v/lu5-55/docs/v0.1.6/math/round/meta.json
2026-02-25 00:26:17,999 - Knowledge - INFO - process ingested knowledge for /app/data/newkinpogroup5515/55/b23195v/lu5-55/docs/v0.1.6/models/index.html
2026-02-25 00:26:18,086 - Knowledge - INFO - Async storage completed for 8 embeddings
2026-02-25 00:26:18,191 - Knowledge - INFO - Progress: 52.0% | Files: 764/1455 | Rate: 1.62 files/sec | Queue: 579
2026-02-25 00:26:18,193 - Knowledge - INFO - done ingest for /app/data/newkinpogroup5515/55/b23195v/lu5-55/docs/v0.1.6/math/map/index.html
2026-02-25 00:26:18,193 - Knowledge - INFO - done ingest for /app/data/newkinpogroup5515/55/b23195v/lu5-55/docs/v0.1.6/transform/index.html
2026-02-25 00:26:18,195 - Knowledge - INFO - Processing batch of 8 files
2026-02-25 00:26:18,287 - Knowledge - INFO - Worker kw14 processing /app/data/newkinpogroup5515/55/b23195v/lu5-55/docs/v0.1.6/vector/createVector/meta.json
2026-02-25 00:26:18,389 - Knowledge - INFO - Fast-tracked /app/data/newkinpogroup5515/55/b23195v/lu5-55/docs/v0.1.6/image/loadImage/meta.json (ext=.json, size=509)
2026-02-25 00:26:18,564 - Knowledge - INFO - process ingested knowledge for /app/data/newkinpogroup5515/55/b23195v/lu5-55/docs/v0.1.6/shapes/rect/meta.json
2026-02-25 00:26:18,593 - Knowledge - INFO - [kw2] Queue=579, InProgress=0, PendingWorkers=20/20, Completed=764/1455 (52.5%)
2026-02-25 00:26:18,619 - Knowledge - INFO - Worker kw11 processing /app/data/newkinpogroup5515/55/b23195v/lu5-55/docs/v0.1.6/vector/Vector.copy/meta.json
2026-02-25 00:26:18,703 - Knowledge - INFO - Worker kw1 processing /app/data/newkinpogroup5515/55/b23195v/lu5-55/docs/v0.1.6/vector/Vector.mult/index.html
2026-02-25 00:26:18,798 - Knowledge - INFO - process ingested knowledge for /app/data/newkinpogroup5515/55/b23195v/lu5-55/docs/v0.1.6/math/min/index.html
2026-02-25 00:26:18,920 - Knowledge - INFO - process ingested knowledge for /app/data/newkinpogroup5515/55/b23195v/lu5-55/docs/v0.1.6/shapes/line/index.html
2026-02-25 00:26:19,128 - Knowledge - INFO - [kw19] Queue=579, InProgress=0, PendingWorkers=20/20, Completed=764/1455 (52.5%)
2026-02-25 00:26:19,410 - Knowledge - INFO - process ingested knowledge for /app/data/newkinpogroup5515/55/b23195v/lu5-55/docs/v0.1.6/shapes/square/meta.json
2026-02-25 00:26:19,418 - Knowledge - INFO - [LLM_CALL] Completed: index.html:chunk1, Duration: 1223ms, PromptTokens: 4832, CompletionTokens: 59, Cost: $0.00051
2026-02-25 00:26:19,513 - Knowledge - INFO - Fast-tracked /app/data/newkinpogroup5515/55/b23195v/lu5-55/docs/v0.1.6/vector/createVector/meta.json (ext=.json, size=486)
2026-02-25 00:26:19,628 - Knowledge - INFO - Worker kw10 processing /app/data/newkinpogroup5515/55/b23195v/lu5-55/docs/v0.1.6/image/index.html
2026-02-25 00:26:19,721 - Knowledge - INFO - process ingested knowledge for /app/data/newkinpogroup5515/55/b23195v/lu5-55/docs/v0.1.6/shapes/square/index.html
2026-02-25 00:26:19,817 - Knowledge - INFO - Batch sizing: calculated=8, max_allowed=10, queue=579, active_workers=20/20
2026-02-25 00:26:19,912 - Knowledge - INFO - Fast-tracked /app/data/newkinpogroup5515/55/b23195v/lu5-55/docs/v0.1.6/vector/Vector.copy/meta.json (ext=.json, size=383)
2026-02-25 00:26:20,012 - Knowledge - INFO - Worker kw1 processing /app/data/newkinpogroup5515/55/b23195v/lu5-55/docs/v0.1.6/vector/Vector.mult/meta.json
2026-02-25 00:26:20,149 - Knowledge - INFO - process ingested knowledge for /app/data/newkinpogroup5515/55/b23195v/lu5-55/docs/v0.1.6/math/min/meta.json
2026-02-25 00:26:20,233 - Knowledge - INFO - process ingested knowledge for /app/data/newkinpogroup5515/55/b23195v/lu5-55/docs/v0.1.6/shapes/line/meta.json
2026-02-25 00:26:20,331 - Knowledge - INFO - Batch sizing: calculated=8, max_allowed=10, queue=579, active_workers=20/20
2026-02-25 00:26:20,435 - Knowledge - INFO - process ingested knowledge for /app/data/newkinpogroup5515/55/b23195v/lu5-55/docs/v0.1.6/shapes/quad/index.html
2026-02-25 00:26:20,524 - Knowledge - INFO - done ingest for /app/data/newkinpogroup5515/55/b23195v/lu5-55/docs/v0.1.6/transform/rotateZ/index.html
2026-02-25 00:26:20,526 - Knowledge - INFO - [LLM_CALL] Completed: index.html:chunk1, Duration: 1ms, PromptTokens: 5172, CompletionTokens: 59, Cost: $0.00054
2026-02-25 00:26:20,602 - Knowledge - INFO - Worker kw14 processing /app/data/newkinpogroup5515/55/b23195v/lu5-55/docs/v0.1.6/shapes3D/plane/index.html
2026-02-25 00:26:20,699 - Knowledge - INFO - Worker kw10 processing /app/data/newkinpogroup5515/55/b23195v/lu5-55/docs/v0.1.6/vector/Vector.dot/index.html
2026-02-25 00:26:20,945 - Knowledge - INFO - Worker kw11 processing /app/data/newkinpogroup5515/55/b23195v/lu5-55/docs/v0.1.6/vector/Vector.add/index.html
2026-02-25 00:26:21,065 - Knowledge - INFO - Fast-tracked /app/data/newkinpogroup5515/55/b23195v/lu5-55/docs/v0.1.6/vector/Vector.mult/meta.json (ext=.json, size=674)
2026-02-25 00:26:21,158 - Knowledge - INFO - process ingested knowledge for /app/data/newkinpogroup5515/55/b23195v/lu5-55/docs/v0.1.6/math/randomSeed/index.html
2026-02-25 00:26:21,262 - Knowledge - INFO - process ingested knowledge for /app/data/newkinpogroup5515/55/b23195v/lu5-55/docs/v0.1.6/shapes/endShape/index.html
2026-02-25 00:26:21,424 - Knowledge - INFO - process ingested knowledge for /app/data/newkinpogroup5515/55/b23195v/lu5-55/docs/v0.1.6/shapes/quad/meta.json
2026-02-25 00:26:21,592 - Knowledge - INFO - done ingest for /app/data/newkinpogroup5515/55/b23195v/lu5-55/docs/v0.1.6/math/max/index.html
2026-02-25 00:26:21,594 - Knowledge - INFO - done ingest for /app/data/newkinpogroup5515/55/b23195v/lu5-55/docs/v0.1.6/math/random/index.html
2026-02-25 00:26:21,595 - Knowledge - INFO - Async storing batch of 8 embeddings
2026-02-25 00:26:21,595 - Knowledge - INFO - Async storing batch of 8 embeddings
2026-02-25 00:26:21,684 - Knowledge - INFO - Worker kw14 processing /app/data/newkinpogroup5515/55/b23195v/lu5-55/docs/v0.1.6/shapes3D/plane/meta.json
2026-02-25 00:26:21,797 - Knowledge - INFO - [kw13] Queue=563, InProgress=0, PendingWorkers=20/20, Completed=764/1455 (52.5%)
2026-02-25 00:26:21,880 - Knowledge - INFO - Worker kw11 processing /app/data/newkinpogroup5515/55/b23195v/lu5-55/docs/v0.1.6/vector/Vector.add/meta.json
2026-02-25 00:26:21,952 - Knowledge - INFO - Worker kw1 processing /app/data/newkinpogroup5515/55/b23195v/lu5-55/docs/v0.1.6/vector/Vector/index.html
2026-02-25 00:26:22,040 - Knowledge - INFO - process ingested knowledge for /app/data/newkinpogroup5515/55/b23195v/lu5-55/docs/v0.1.6/math/randomSeed/meta.json
2026-02-25 00:26:22,144 - Knowledge - INFO - process ingested knowledge for /app/data/newkinpogroup5515/55/b23195v/lu5-55/docs/v0.1.6/shapes/endShape/meta.json
2026-02-25 00:26:22,262 - Knowledge - INFO - process ingested knowledge for /app/data/newkinpogroup5515/55/b23195v/lu5-55/docs/v0.1.6/shapes/index.html
2026-02-25 00:26:22,271 - Knowledge - INFO - [LLM_CALL] Completed: index.html:chunk1, Duration: 181ms, PromptTokens: 4832, CompletionTokens: 59, Cost: $0.00051
2026-02-25 00:26:22,571 - Knowledge - INFO - Worker kw2 processing /app/data/newkinpogroup5515/55/b23195v/lu5-55/docs/v0.1.6/shapes3D/index.html
2026-02-25 00:26:22,657 - Knowledge - INFO - Worker kw19 processing /app/data/newkinpogroup5515/55/b23195v/lu5-55/docs/v0.1.6/typography/text/index.html
2026-02-25 00:26:22,741 - Knowledge - INFO - Fast-tracked /app/data/newkinpogroup5515/55/b23195v/lu5-55/docs/v0.1.6/shapes3D/plane/meta.json (ext=.json, size=460)
2026-02-25 00:26:22,833 - Knowledge - INFO - Batch sizing: calculated=8, max_allowed=10, queue=563, active_workers=20/20
2026-02-25 00:26:22,934 - Knowledge - INFO - Fast-tracked /app/data/newkinpogroup5515/55/b23195v/lu5-55/docs/v0.1.6/vector/Vector.add/meta.json (ext=.json, size=655)
2026-02-25 00:26:23,049 - Knowledge - INFO - Worker kw1 processing /app/data/newkinpogroup5515/55/b23195v/lu5-55/docs/v0.1.6/vector/Vector/meta.json
2026-02-25 00:26:23,149 - Knowledge - INFO - process ingested knowledge for /app/data/newkinpogroup5515/55/b23195v/lu5-55/docs/v0.1.6/math/floor/index.html
2026-02-25 00:26:23,250 - Knowledge - INFO - process ingested knowledge for /app/data/newkinpogroup5515/55/b23195v/lu5-55/docs/v0.1.6/shapes/circle/index.html
2026-02-25 00:26:23,375 - Knowledge - INFO - process ingested knowledge for /app/data/newkinpogroup5515/55/b23195v/lu5-55/docs/v0.1.6/transform/rotateY/index.html
2026-02-25 00:26:23,453 - Knowledge - INFO - done ingest for /app/data/newkinpogroup5515/55/b23195v/lu5-55/docs/v0.1.6/transform/rotateX/index.html
2026-02-25 00:26:23,454 - Knowledge - INFO - Processing batch of 8 files
2026-02-25 00:26:23,580 - Knowledge - INFO - Worker kw2 processing /app/data/newkinpogroup5515/55/b23195v/lu5-55/docs/v0.1.6/shapes3D/sphere/index.html
2026-02-25 00:26:23,677 - Knowledge - INFO - Worker kw19 processing /app/data/newkinpogroup5515/55/b23195v/lu5-55/docs/v0.1.6/typography/text/meta.json
2026-02-25 00:26:23,751 - Knowledge - INFO - Worker kw14 processing /app/data/newkinpogroup5515/55/b23195v/lu5-55/docs/v0.1.6/shapes3D/box/index.html
2026-02-25 00:26:23,867 - Knowledge - INFO - Async storing batch of 8 embeddings
2026-02-25 00:26:23,972 - Knowledge - INFO - Worker kw11 processing /app/data/newkinpogroup5515/55/b23195v/lu5-55/docs/v0.1.6/vector/Vector.print/index.html
2026-02-25 00:26:24,072 - Knowledge - INFO - Fast-tracked /app/data/newkinpogroup5515/55/b23195v/lu5-55/docs/v0.1.6/vector/Vector/meta.json (ext=.json, size=457)
2026-02-25 00:26:24,410 - Knowledge - INFO - process ingested knowledge for /app/data/newkinpogroup5515/55/b23195v/lu5-55/docs/v0.1.6/transform/rotateY/meta.json
2026-02-25 00:26:24,503 - Knowledge - INFO - process ingested knowledge for /app/data/newkinpogroup5515/55/b23195v/lu5-55/docs/v0.1.6/math/floor/meta.json
2026-02-25 00:26:24,619 - Knowledge - INFO - Worker kw2 processing /app/data/newkinpogroup5515/55/b23195v/lu5-55/docs/v0.1.6/shapes3D/sphere/meta.json
2026-02-25 00:26:24,790 - Knowledge - INFO - Fast-tracked /app/data/newkinpogroup5515/55/b23195v/lu5-55/docs/v0.1.6/typography/text/meta.json (ext=.json, size=475)
2026-02-25 00:26:24,819 - Knowledge - INFO - [LLM_CALL] Completed: index.html:chunk1, Duration: 747ms, PromptTokens: 5062, CompletionTokens: 59, Cost: $0.00053
2026-02-25 00:26:24,892 - Knowledge - INFO - Worker kw14 processing /app/data/newkinpogroup5515/55/b23195v/lu5-55/docs/v0.1.6/shapes3D/box/meta.json
2026-02-25 00:26:24,978 - Knowledge - INFO - Worker kw13 processing /app/data/newkinpogroup5515/55/b23195v/lu5-55/docs/v0.0.3/window/background/index.html
2026-02-25 00:26:25,214 - Knowledge - INFO - Worker kw1 processing /app/data/newkinpogroup5515/55/b23195v/lu5-55/docs/v0.1.6/vector/Vector.sub/index.html
2026-02-25 00:26:25,373 - Knowledge - INFO - process ingested knowledge for /app/data/newkinpogroup5515/55/b23195v/lu5-55/docs/v0.1.6/transform/scale/index.html
2026-02-25 00:26:25,545 - Knowledge - INFO - process ingested knowledge for /app/data/newkinpogroup5515/55/b23195v/lu5-55/docs/v0.1.6/math/sin/index.html
2026-02-25 00:26:25,552 - Knowledge - INFO - Fast-tracked /app/data/newkinpogroup5515/55/b23195v/lu5-55/docs/v0.1.6/shapes3D/sphere/meta.json (ext=.json, size=520)
2026-02-25 00:26:25,627 - Knowledge - INFO - Worker kw19 processing /app/data/newkinpogroup5515/55/b23195v/lu5-55/docs/v0.1.6/typography/index.html
2026-02-25 00:26:25,705 - Knowledge - INFO - done ingest for /app/data/newkinpogroup5515/55/b23195v/lu5-55/docs/v0.1.6/math/ceil/index.html
2026-02-25 00:26:25,707 - Knowledge - INFO - [LLM_CALL] Completed: index.html:chunk1, Duration: 0ms, PromptTokens: 4958, CompletionTokens: 59, Cost: $0.00052
2026-02-25 00:26:25,814 - Knowledge - INFO - Fast-tracked /app/data/newkinpogroup5515/55/b23195v/lu5-55/docs/v0.1.6/shapes3D/box/meta.json (ext=.json, size=497)
2026-02-25 00:26:25,942 - Knowledge - INFO - Worker kw13 processing /app/data/newkinpogroup5515/55/b23195v/lu5-55/docs/v0.0.3/window/background/meta.json
2026-02-25 00:26:26,142 - Knowledge - INFO - process ingested knowledge for /app/data/newkinpogroup5515/55/b23195v/lu5-55/docs/v0.1.6/transform/scale/meta.json
2026-02-25 00:26:26,265 - Knowledge - INFO - process ingested knowledge for /app/data/newkinpogroup5515/55/b23195v/lu5-55/docs/v0.1.6/math/sin/meta.json
2026-02-25 00:26:26,363 - Knowledge - INFO - Worker kw2 processing /app/data/newkinpogroup5515/55/b23195v/lu5-55/docs/v0.1.6/index.html
2026-02-25 00:26:26,448 - Knowledge - INFO - Worker kw19 processing /app/data/newkinpogroup5515/55/b23195v/lu5-55/docs/v0.1.6/typography/loadFont/index.html
2026-02-25 00:26:26,615 - Knowledge - INFO - done ingest for /app/data/newkinpogroup5515/55/b23195v/lu5-55/docs/v0.1.6/transform/translate/index.html
2026-02-25 00:26:26,621 - Knowledge - INFO - [kw5] Queue=555, InProgress=0, PendingWorkers=20/20, Completed=772/1455 (53.1%)
2026-02-25 00:26:26,621 - Knowledge - INFO - [kw3] Queue=555, InProgress=0, PendingWorkers=20/20, Completed=772/1455 (53.1%)
2026-02-25 00:26:26,800 - Knowledge - INFO - Fast-tracked /app/data/newkinpogroup5515/55/b23195v/lu5-55/docs/v0.0.3/window/background/meta.json (ext=.json, size=392)
2026-02-25 00:26:27,000 - Knowledge - INFO - process ingested knowledge for /app/data/newkinpogroup5515/55/b23195v/lu5-55/docs/v0.1.6/math/abs/index.html
2026-02-25 00:26:27,070 - Knowledge - INFO - Worker kw2 processing /app/data/newkinpogroup5515/55/b23195v/lu5-55/docs/v0.1.6/typography/textSize/index.html
2026-02-25 00:26:27,171 - Knowledge - INFO - Worker kw19 processing /app/data/newkinpogroup5515/55/b23195v/lu5-55/docs/v0.1.6/typography/loadFont/meta.json
2026-02-25 00:26:27,461 - Knowledge - INFO - [LLM_CALL] Completed: index.html:chunk1, Duration: 761ms, PromptTokens: 4904, CompletionTokens: 59, Cost: $0.00051
2026-02-25 00:26:27,465 - Knowledge - INFO - Batch sizing: calculated=8, max_allowed=10, queue=555, active_workers=20/20
2026-02-25 00:26:27,583 - Knowledge - INFO - Batch sizing: calculated=8, max_allowed=10, queue=555, active_workers=20/20
2026-02-25 00:26:27,659 - Knowledge - INFO - Worker kw13 processing /app/data/newkinpogroup5515/55/b23195v/lu5-55/docs/v0.0.3/window/createWindow/index.html
2026-02-25 00:26:27,793 - Knowledge - INFO - process ingested knowledge for /app/data/newkinpogroup5515/55/b23195v/lu5-55/docs/v0.1.6/math/abs/meta.json
2026-02-25 00:26:27,861 - Knowledge - INFO - Worker kw2 processing /app/data/newkinpogroup5515/55/b23195v/lu5-55/docs/v0.1.6/typography/textSize/meta.json
2026-02-25 00:26:27,983 - Knowledge - INFO - Fast-tracked /app/data/newkinpogroup5515/55/b23195v/lu5-55/docs/v0.1.6/typography/loadFont/meta.json (ext=.json, size=547)
2026-02-25 00:26:28,076 - Knowledge - INFO - done ingest for /app/data/newkinpogroup5515/55/b23195v/lu5-55/docs/v0.1.6/math/cos/index.html
2026-02-25 00:26:28,078 - Knowledge - INFO - [kw18] Queue=555, InProgress=0, PendingWorkers=20/20, Completed=772/1455 (53.1%)
2026-02-25 00:26:28,163 - Knowledge - INFO - Async storing batch of 8 embeddings
2026-02-25 00:26:28,277 - Knowledge - INFO - Async storing batch of 8 embeddings
2026-02-25 00:26:28,374 - Knowledge - INFO - Worker kw13 processing /app/data/newkinpogroup5515/55/b23195v/lu5-55/docs/v0.0.3/window/createWindow/meta.json
2026-02-25 00:26:28,472 - Knowledge - INFO - process ingested knowledge for /app/data/newkinpogroup5515/55/b23195v/lu5-55/docs/v0.1.6/math/max/index.html
2026-02-25 00:26:28,597 - Knowledge - INFO - Fast-tracked /app/data/newkinpogroup5515/55/b23195v/lu5-55/docs/v0.1.6/typography/textSize/meta.json (ext=.json, size=476)
2026-02-25 00:26:28,712 - Knowledge - INFO - Worker kw19 processing /app/data/newkinpogroup5515/55/b23195v/lu5-55/docs/v0.0.3/io/print/index.html
2026-02-25 00:26:28,782 - Knowledge - INFO - done ingest for /app/data/newkinpogroup5515/55/b23195v/lu5-55/docs/v0.1.6/transform/rotate/index.html
2026-02-25 00:26:28,966 - Knowledge - INFO - Batch sizing: calculated=8, max_allowed=10, queue=555, active_workers=20/20
2026-02-25 00:26:29,051 - Knowledge - INFO - Worker kw5 processing /app/data/newkinpogroup5515/55/b23195v/lu5-55/docs/v0.0.3/window/frameRate/meta.json
2026-02-25 00:26:29,137 - Knowledge - INFO - Worker kw3 processing /app/data/newkinpogroup5515/55/b23195v/lu5-55/docs/v0.0.3/shapes/triangle/meta.json
2026-02-25 00:26:29,256 - Knowledge - INFO - Fast-tracked /app/data/newkinpogroup5515/55/b23195v/lu5-55/docs/v0.0.3/window/createWindow/meta.json (ext=.json, size=533)
2026-02-25 00:26:29,330 - Knowledge - INFO - process ingested knowledge for /app/data/newkinpogroup5515/55/b23195v/lu5-55/docs/v0.1.6/math/max/meta.json
2026-02-25 00:26:29,427 - Knowledge - INFO - Worker kw2 processing /app/data/newkinpogroup5515/55/b23195v/lu5-55/docs/v0.1.6/typography/textFont/index.html
2026-02-25 00:26:29,506 - Knowledge - INFO - Worker kw19 processing /app/data/newkinpogroup5515/55/b23195v/lu5-55/docs/v0.0.3/io/print/meta.json
2026-02-25 00:26:29,599 - Knowledge - INFO - Processing batch of 8 files
2026-02-25 00:26:29,728 - Knowledge - INFO - Async storing batch of 8 embeddings
2026-02-25 00:26:29,836 - Knowledge - INFO - Fast-tracked /app/data/newkinpogroup5515/55/b23195v/lu5-55/docs/v0.0.3/window/frameRate/meta.json (ext=.json, size=562)
2026-02-25 00:26:29,927 - Knowledge - INFO - Fast-tracked /app/data/newkinpogroup5515/55/b23195v/lu5-55/docs/v0.0.3/shapes/triangle/meta.json (ext=.json, size=218)
2026-02-25 00:26:30,016 - Knowledge - INFO - Worker kw13 processing /app/data/newkinpogroup5515/55/b23195v/lu5-55/docs/v0.0.3/window/deltaTime/index.html
2026-02-25 00:26:30,122 - Knowledge - INFO - process ingested knowledge for /app/data/newkinpogroup5515/55/b23195v/lu5-55/docs/v0.1.6/math/map/index.html
2026-02-25 00:26:30,576 - Knowledge - INFO - Worker kw2 processing /app/data/newkinpogroup5515/55/b23195v/lu5-55/docs/v0.1.6/typography/textFont/meta.json
2026-02-25 00:26:30,587 - Knowledge - INFO - Fast-tracked /app/data/newkinpogroup5515/55/b23195v/lu5-55/docs/v0.0.3/io/print/meta.json (ext=.json, size=297)
2026-02-25 00:26:30,622 - Knowledge - INFO - [LLM_CALL] Completed: index.html:chunk1, Duration: 637ms, PromptTokens: 5030, CompletionTokens: 59, Cost: $0.00053
2026-02-25 00:26:30,667 - Knowledge - INFO - process ingested knowledge for /app/data/newkinpogroup5515/55/b23195v/lu5-55/docs/v0.1.6/transform/translate/index.html
2026-02-25 00:26:30,753 - Knowledge - INFO - Worker kw18 processing /app/data/newkinpogroup5515/55/b23195v/lu5-55/docs/v0.0.3/shapes/square/meta.json
2026-02-25 00:26:30,868 - Knowledge - INFO - Worker kw5 processing /app/data/newkinpogroup5515/55/b23195v/lu5-55/docs/v0.0.3/shapes/line/index.html
2026-02-25 00:26:30,994 - Knowledge - INFO - Worker kw3 processing /app/data/newkinpogroup5515/55/b23195v/lu5-55/docs/v0.0.3/shapes/arc/index.html
2026-02-25 00:26:31,104 - Knowledge - INFO - Worker kw13 processing /app/data/newkinpogroup5515/55/b23195v/lu5-55/docs/v0.0.3/window/deltaTime/meta.json
2026-02-25 00:26:31,289 - Knowledge - INFO - Fast-tracked /app/data/newkinpogroup5515/55/b23195v/lu5-55/docs/v0.1.6/typography/textFont/meta.json (ext=.json, size=363)
2026-02-25 00:26:31,379 - Knowledge - INFO - Worker kw19 processing /app/data/newkinpogroup5515/55/b23195v/lu5-55/docs/v0.0.3/io/index.html
2026-02-25 00:26:31,458 - Knowledge - INFO - done ingest for /app/data/newkinpogroup5515/55/b23195v/lu5-55/docs/v0.1.6/math/constrain/index.html
2026-02-25 00:26:31,569 - Knowledge - INFO - process ingested knowledge for /app/data/newkinpogroup5515/55/b23195v/lu5-55/docs/v0.1.6/transform/translate/meta.json
2026-02-25 00:26:31,675 - Knowledge - INFO - Fast-tracked /app/data/newkinpogroup5515/55/b23195v/lu5-55/docs/v0.0.3/shapes/square/meta.json (ext=.json, size=387)
2026-02-25 00:26:31,750 - Knowledge - INFO - Worker kw5 processing /app/data/newkinpogroup5515/55/b23195v/lu5-55/docs/v0.0.3/shapes/line/meta.json
2026-02-25 00:26:31,840 - Knowledge - INFO - Worker kw3 processing /app/data/newkinpogroup5515/55/b23195v/lu5-55/docs/v0.0.3/shapes/arc/meta.json
2026-02-25 00:26:31,922 - Knowledge - INFO - Fast-tracked /app/data/newkinpogroup5515/55/b23195v/lu5-55/docs/v0.0.3/window/deltaTime/meta.json (ext=.json, size=520)
2026-02-25 00:26:32,175 - Knowledge - INFO - [kw17] Queue=531, InProgress=0, PendingWorkers=20/20, Completed=780/1455 (53.6%)
2026-02-25 00:26:32,187 - Knowledge - INFO - Processing batch of 8 files
2026-02-25 00:26:32,253 - Knowledge - INFO - process ingested knowledge for /app/data/newkinpogroup5515/55/b23195v/lu5-55/docs/v0.1.6/transform/rotateZ/index.html
2026-02-25 00:26:32,337 - Knowledge - INFO - Worker kw18 processing /app/data/newkinpogroup5515/55/b23195v/lu5-55/docs/v0.0.3/shapes/text/index.html
2026-02-25 00:26:32,460 - Knowledge - INFO - Fast-tracked /app/data/newkinpogroup5515/55/b23195v/lu5-55/docs/v0.0.3/shapes/line/meta.json (ext=.json, size=473)
2026-02-25 00:26:32,574 - Knowledge - INFO - Fast-tracked /app/data/newkinpogroup5515/55/b23195v/lu5-55/docs/v0.0.3/shapes/arc/meta.json (ext=.json, size=209)
2026-02-25 00:26:32,668 - Knowledge - INFO - Worker kw13 processing /app/data/newkinpogroup5515/55/b23195v/lu5-55/docs/v0.0.3/window/index.html
2026-02-25 00:26:32,779 - Knowledge - INFO - Batch sizing: calculated=8, max_allowed=10, queue=531, active_workers=20/20
2026-02-25 00:26:32,903 - Knowledge - INFO - process ingested knowledge for /app/data/newkinpogroup5515/55/b23195v/lu5-55/docs/v0.1.6/math/map/meta.json
2026-02-25 00:26:33,015 - Knowledge - INFO - process ingested knowledge for /app/data/newkinpogroup5515/55/b23195v/lu5-55/docs/v0.1.6/transform/rotateZ/meta.json
2026-02-25 00:26:33,122 - Knowledge - INFO - Worker kw18 processing /app/data/newkinpogroup5515/55/b23195v/lu5-55/docs/v0.0.3/shapes/text/meta.json
2026-02-25 00:26:33,208 - Knowledge - INFO - Worker kw5 processing /app/data/newkinpogroup5515/55/b23195v/lu5-55/docs/v0.0.3/shapes/circle/index.html
2026-02-25 00:26:33,329 - Knowledge - INFO - Worker kw3 processing /app/data/newkinpogroup5515/55/b23195v/lu5-55/docs/v0.0.3/shapes/ellipse/index.html
2026-02-25 00:26:33,429 - Knowledge - INFO - Worker kw13 processing /app/data/newkinpogroup5515/55/b23195v/lu5-55/docs/v0.0.3/window/frameRate/index.html
2026-02-25 00:26:33,508 - Knowledge - INFO - Async storing batch of 8 embeddings
2026-02-25 00:26:33,603 - Knowledge - INFO - process ingested knowledge for /app/data/newkinpogroup5515/55/b23195v/lu5-55/docs/v0.1.6/math/constrain/index.html
2026-02-25 00:26:33,731 - Knowledge - INFO - process ingested knowledge for /app/data/newkinpogroup5515/55/b23195v/lu5-55/docs/v0.1.6/transform/index.html
2026-02-25 00:26:33,818 - Knowledge - INFO - Fast-tracked /app/data/newkinpogroup5515/55/b23195v/lu5-55/docs/v0.0.3/shapes/text/meta.json (ext=.json, size=492)
2026-02-25 00:26:33,917 - Knowledge - INFO - Worker kw5 processing /app/data/newkinpogroup5515/55/b23195v/lu5-55/docs/v0.0.3/shapes/circle/meta.json
2026-02-25 00:26:34,027 - Knowledge - INFO - Worker kw3 processing /app/data/newkinpogroup5515/55/b23195v/lu5-55/docs/v0.0.3/shapes/ellipse/meta.json
2026-02-25 00:26:34,112 - Knowledge - INFO - Async storage completed for 8 embeddings
2026-02-25 00:26:34,227 - Knowledge - INFO - Worker kw17 processing /app/data/newkinpogroup5515/55/b23195v/lu5-55/docs/v0.0.3/loaders/loadImage/index.html
2026-02-25 00:26:34,336 - Knowledge - INFO - process ingested knowledge for /app/data/newkinpogroup5515/55/b23195v/lu5-55/docs/v0.1.6/math/constrain/meta.json
2026-02-25 00:26:34,442 - Knowledge - INFO - process ingested knowledge for /app/data/newkinpogroup5515/55/b23195v/lu5-55/docs/v0.1.6/transform/rotateX/index.html
2026-02-25 00:26:34,525 - Knowledge - INFO - Worker kw18 processing /app/data/newkinpogroup5515/55/b23195v/lu5-55/docs/v0.0.3/shapes/image/index.html
2026-02-25 00:26:34,651 - Knowledge - INFO - Fast-tracked /app/data/newkinpogroup5515/55/b23195v/lu5-55/docs/v0.0.3/shapes/circle/meta.json (ext=.json, size=391)
2026-02-25 00:26:34,743 - Knowledge - INFO - Fast-tracked /app/data/newkinpogroup5515/55/b23195v/lu5-55/docs/v0.0.3/shapes/ellipse/meta.json (ext=.json, size=223)
2026-02-25 00:26:34,964 - Knowledge - INFO - Worker kw17 processing /app/data/newkinpogroup5515/55/b23195v/lu5-55/docs/v0.0.3/loaders/loadImage/meta.json
2026-02-25 00:26:35,069 - Knowledge - INFO - process ingested knowledge for /app/data/newkinpogroup5515/55/b23195v/lu5-55/docs/v0.1.6/math/random/index.html
2026-02-25 00:26:35,160 - Knowledge - INFO - process ingested knowledge for /app/data/newkinpogroup5515/55/b23195v/lu5-55/docs/v0.1.6/transform/rotateX/meta.json
2026-02-25 00:26:35,257 - Knowledge - INFO - Worker kw18 processing /app/data/newkinpogroup5515/55/b23195v/lu5-55/docs/v0.0.3/shapes/image/meta.json
2026-02-25 00:26:35,348 - Knowledge - INFO - Worker kw5 processing /app/data/newkinpogroup5515/55/b23195v/lu5-55/docs/v0.0.3/shapes/point/index.html
2026-02-25 00:26:35,451 - Knowledge - INFO - Worker kw3 processing /app/data/newkinpogroup5515/55/b23195v/lu5-55/docs/v0.0.3/shapes/rect/index.html
2026-02-25 00:26:35,563 - Knowledge - INFO - Fast-tracked /app/data/newkinpogroup5515/55/b23195v/lu5-55/docs/v0.0.3/loaders/loadImage/meta.json (ext=.json, size=511)
2026-02-25 00:26:35,635 - Knowledge - INFO - process ingested knowledge for /app/data/newkinpogroup5515/55/b23195v/lu5-55/docs/v0.1.6/math/random/meta.json
2026-02-25 00:26:35,748 - Knowledge - INFO - process ingested knowledge for /app/data/newkinpogroup5515/55/b23195v/lu5-55/docs/v0.1.6/transform/rotate/index.html
2026-02-25 00:26:35,867 - Knowledge - INFO - Fast-tracked /app/data/newkinpogroup5515/55/b23195v/lu5-55/docs/v0.0.3/shapes/image/meta.json (ext=.json, size=563)
2026-02-25 00:26:35,987 - Knowledge - INFO - Worker kw5 processing /app/data/newkinpogroup5515/55/b23195v/lu5-55/docs/v0.0.3/shapes/point/meta.json
2026-02-25 00:26:36,090 - Knowledge - INFO - Worker kw3 processing /app/data/newkinpogroup5515/55/b23195v/lu5-55/docs/v0.0.3/shapes/rect/meta.json
2026-02-25 00:26:36,181 - Knowledge - INFO - Worker kw17 processing /app/data/newkinpogroup5515/55/b23195v/lu5-55/docs/v0.0.3/loaders/index.html
2026-02-25 00:26:36,256 - Knowledge - INFO - process ingested knowledge for /app/data/newkinpogroup5515/55/b23195v/lu5-55/docs/v0.1.6/math/cos/index.html
2026-02-25 00:26:36,455 - Knowledge - INFO - Worker kw18 processing /app/data/newkinpogroup5515/55/b23195v/lu5-55/docs/v0.0.3/shapes/quad/index.html
2026-02-25 00:26:36,543 - Knowledge - INFO - Fast-tracked /app/data/newkinpogroup5515/55/b23195v/lu5-55/docs/v0.0.3/shapes/point/meta.json (ext=.json, size=211)
2026-02-25 00:26:36,649 - Knowledge - INFO - Fast-tracked /app/data/newkinpogroup5515/55/b23195v/lu5-55/docs/v0.0.3/shapes/rect/meta.json (ext=.json, size=423)
2026-02-25 00:26:36,738 - Knowledge - INFO - Worker kw17 processing /app/data/newkinpogroup5515/55/b23195v/lu5-55/docs/v0.0.3/loaders/loadFont/index.html
2026-02-25 00:26:36,840 - Knowledge - INFO - process ingested knowledge for /app/data/newkinpogroup5515/55/b23195v/lu5-55/docs/v0.1.6/math/cos/meta.json
2026-02-25 00:26:36,932 - Knowledge - INFO - Worker kw18 processing /app/data/newkinpogroup5515/55/b23195v/lu5-55/docs/v0.0.3/shapes/quad/meta.json
2026-02-25 00:26:37,009 - Knowledge - INFO - Worker kw5 processing /app/data/newkinpogroup5515/55/b23195v/lu5-55/docs/v0.0.3/shapes/triangle/index.html
2026-02-25 00:26:37,103 - Knowledge - INFO - Worker kw3 processing /app/data/newkinpogroup5515/55/b23195v/lu5-55/docs/v0.0.3/shapes/square/index.html
2026-02-25 00:26:37,237 - Knowledge - INFO - Worker kw17 processing /app/data/newkinpogroup5515/55/b23195v/lu5-55/docs/v0.0.3/loaders/loadFont/meta.json
2026-02-25 00:26:37,330 - Knowledge - INFO - process ingested knowledge for /app/data/newkinpogroup5515/55/b23195v/lu5-55/docs/v0.1.6/math/ceil/index.html
2026-02-25 00:26:37,427 - Knowledge - INFO - Fast-tracked /app/data/newkinpogroup5515/55/b23195v/lu5-55/docs/v0.0.3/shapes/quad/meta.json (ext=.json, size=723)
2026-02-25 00:26:37,432 - Knowledge - INFO - [WEBSOCKET] Sent: Type=progress_update, Size: 294, Duration: 0ms
2026-02-25 00:26:37,707 - Knowledge - INFO - Fast-tracked /app/data/newkinpogroup5515/55/b23195v/lu5-55/docs/v0.0.3/loaders/loadFont/meta.json (ext=.json, size=549)
2026-02-25 00:26:37,911 - Knowledge - INFO - Worker kw18 processing /app/data/newkinpogroup5515/55/b23195v/lu5-55/docs/v0.0.3/shapes/index.html
2026-02-25 00:26:38,005 - Knowledge - INFO - [WEBSOCKET] Sent: Type=unknown, Size: ?, Duration: 573ms
2026-02-25 00:26:38,121 - Knowledge - INFO - Worker kw17 processing /app/data/newkinpogroup5515/55/b23195v/lu5-55/docs/v0.0.3/math/round/index.html
2026-02-25 00:26:38,323 - Knowledge - INFO - Progress: 54.2% | Files: 788/1455 | Rate: 1.59 files/sec | Queue: 523
2026-02-25 00:26:38,325 - Knowledge - INFO - [LLM_CALL] Completed: index.html:chunk1, Duration: 2ms, PromptTokens: 5268, CompletionTokens: 59, Cost: $0.00055
2026-02-25 00:26:38,437 - Knowledge - INFO - Worker kw17 processing /app/data/newkinpogroup5515/55/b23195v/lu5-55/docs/v0.0.3/math/round/meta.json
2026-02-25 00:26:38,576 - Knowledge - INFO - [kw4] Queue=523, InProgress=0, PendingWorkers=20/20, Completed=788/1455 (54.2%)
2026-02-25 00:26:38,651 - Knowledge - INFO - done ingest for /app/data/newkinpogroup5515/55/b23195v/lu5-55/docs/v0.1.6/classes/class/index.html
2026-02-25 00:26:38,739 - Knowledge - INFO - Fast-tracked /app/data/newkinpogroup5515/55/b23195v/lu5-55/docs/v0.0.3/math/round/meta.json (ext=.json, size=327)
2026-02-25 00:26:38,843 - Knowledge - INFO - Batch sizing: calculated=8, max_allowed=10, queue=523, active_workers=20/20
2026-02-25 00:26:38,945 - Knowledge - INFO - [kw15] Queue=523, InProgress=0, PendingWorkers=20/20, Completed=788/1455 (54.2%)
2026-02-25 00:26:39,074 - Knowledge - INFO - Worker kw17 processing /app/data/newkinpogroup5515/55/b23195v/lu5-55/docs/v0.0.3/math/floor/index.html
2026-02-25 00:26:39,159 - Knowledge - INFO - Async storing batch of 8 embeddings
2026-02-25 00:26:39,235 - Knowledge - INFO - Batch sizing: calculated=8, max_allowed=10, queue=523, active_workers=20/20
2026-02-25 00:26:39,402 - Knowledge - INFO - Worker kw4 processing /app/data/newkinpogroup5515/55/b23195v/lu5-55/docs/v0.0.3/math/floor/meta.json
2026-02-25 00:26:39,516 - Knowledge - INFO - Async storing batch of 8 embeddings
2026-02-25 00:26:39,615 - Knowledge - INFO - Fast-tracked /app/data/newkinpogroup5515/55/b23195v/lu5-55/docs/v0.0.3/math/floor/meta.json (ext=.json, size=498)
2026-02-25 00:26:39,710 - Knowledge - INFO - Worker kw15 processing /app/data/newkinpogroup5515/55/b23195v/lu5-55/docs/v0.0.3/math/tan/meta.json
2026-02-25 00:26:39,815 - Knowledge - INFO - Worker kw4 processing /app/data/newkinpogroup5515/55/b23195v/lu5-55/docs/v0.0.3/math/sin/index.html
2026-02-25 00:26:39,933 - Knowledge - INFO - Fast-tracked /app/data/newkinpogroup5515/55/b23195v/lu5-55/docs/v0.0.3/math/tan/meta.json (ext=.json, size=320)
2026-02-25 00:26:40,059 - Knowledge - INFO - Worker kw4 processing /app/data/newkinpogroup5515/55/b23195v/lu5-55/docs/v0.0.3/math/sin/meta.json
2026-02-25 00:26:40,154 - Knowledge - INFO - Worker kw15 processing /app/data/newkinpogroup5515/55/b23195v/lu5-55/docs/v0.0.3/math/index.html
2026-02-25 00:26:40,242 - Knowledge - INFO - Fast-tracked /app/data/newkinpogroup5515/55/b23195v/lu5-55/docs/v0.0.3/math/sin/meta.json (ext=.json, size=317)
2026-02-25 00:26:40,290 - Knowledge - INFO - Async storage completed for 8 embeddings
2026-02-25 00:26:40,332 - Knowledge - INFO - Worker kw15 processing /app/data/newkinpogroup5515/55/b23195v/lu5-55/docs/v0.0.3/classes/class/index.html
2026-02-25 00:26:40,431 - Knowledge - INFO - Worker kw4 processing /app/data/newkinpogroup5515/55/b23195v/lu5-55/docs/v0.0.3/math/cos/index.html
2026-02-25 00:26:40,686 - Knowledge - INFO - [LLM_CALL] Completed: index.html:chunk1, Duration: 1374ms, PromptTokens: 4892, CompletionTokens: 59, Cost: $0.00051
2026-02-25 00:26:40,732 - Knowledge - INFO - Worker kw15 processing /app/data/newkinpogroup5515/55/b23195v/lu5-55/docs/v0.0.3/classes/class/meta.json
2026-02-25 00:26:40,814 - Knowledge - INFO - Worker kw4 processing /app/data/newkinpogroup5515/55/b23195v/lu5-55/docs/v0.0.3/math/cos/meta.json
2026-02-25 00:26:40,891 - Knowledge - INFO - done ingest for /app/data/newkinpogroup5515/55/b23195v/lu5-55/docs/v0.1.6/setting/strokeWeight/index.html
2026-02-25 00:26:40,993 - Knowledge - INFO - Fast-tracked /app/data/newkinpogroup5515/55/b23195v/lu5-55/docs/v0.0.3/classes/class/meta.json (ext=.json, size=680)
2026-02-25 00:26:41,104 - Knowledge - INFO - Fast-tracked /app/data/newkinpogroup5515/55/b23195v/lu5-55/docs/v0.0.3/math/cos/meta.json (ext=.json, size=319)
2026-02-25 00:26:41,293 - Knowledge - INFO - Worker kw15 processing /app/data/newkinpogroup5515/55/b23195v/lu5-55/docs/v0.0.3/classes/index.html
2026-02-25 00:26:41,410 - Knowledge - INFO - Worker kw4 processing /app/data/newkinpogroup5515/55/b23195v/lu5-55/docs/v0.0.3/math/ceil/index.html
2026-02-25 00:26:41,501 - Knowledge - INFO - Worker kw15 processing /app/data/newkinpogroup5515/55/b23195v/lu5-55/docs/v0.0.3/setting/strokeWeight/index.html
2026-02-25 00:26:41,604 - Knowledge - INFO - Worker kw4 processing /app/data/newkinpogroup5515/55/b23195v/lu5-55/docs/v0.0.3/math/ceil/meta.json
2026-02-25 00:26:41,704 - Knowledge - INFO - Worker kw15 processing /app/data/newkinpogroup5515/55/b23195v/lu5-55/docs/v0.0.3/setting/strokeWeight/meta.json
2026-02-25 00:26:41,820 - Knowledge - INFO - Fast-tracked /app/data/newkinpogroup5515/55/b23195v/lu5-55/docs/v0.0.3/math/ceil/meta.json (ext=.json, size=475)
2026-02-25 00:26:41,915 - Knowledge - INFO - Fast-tracked /app/data/newkinpogroup5515/55/b23195v/lu5-55/docs/v0.0.3/setting/strokeWeight/meta.json (ext=.json, size=323)
2026-02-25 00:26:42,049 - Knowledge - INFO - Worker kw4 processing /app/data/newkinpogroup5515/55/b23195v/lu5-55/docs/v0.0.3/math/tan/index.html
2026-02-25 00:26:42,170 - Knowledge - INFO - Worker kw15 processing /app/data/newkinpogroup5515/55/b23195v/lu5-55/docs/v0.0.3/setting/push/index.html
2026-02-25 00:26:42,587 - Knowledge - INFO - [LLM_CALL] Completed: index.html:chunk1, Duration: 175ms, PromptTokens: 4806, CompletionTokens: 59, Cost: $0.00050
2026-02-25 00:26:42,796 - Knowledge - INFO - done ingest for /app/data/newkinpogroup5515/55/b23195v/lu5-55/docs/v0.1.6/setting/noStroke/index.html
2026-02-25 00:26:42,990 - Knowledge - INFO - done ingest for /app/data/newkinpogroup5515/55/b23195v/lu5-55/docs/v0.1.6/classes/index.html
2026-02-25 00:26:45,041 - Knowledge - INFO - done ingest for /app/data/newkinpogroup5515/55/b23195v/lu5-55/docs/v0.1.6/setting/debugMode/index.html
2026-02-25 00:26:45,272 - Knowledge - INFO - [LLM_CALL] Completed: index.html:chunk1, Duration: 200ms, PromptTokens: 4902, CompletionTokens: 59, Cost: $0.00051
2026-02-25 00:26:45,469 - Knowledge - INFO - done ingest for /app/data/newkinpogroup5515/55/b23195v/lu5-55/docs/v0.1.6/math/tan/index.html
2026-02-25 00:26:46,090 - Knowledge - INFO - Async storage completed for 8 embeddings
2026-02-25 00:26:47,238 - Knowledge - INFO - [LLM_CALL] Completed: index.html:chunk1, Duration: 1436ms, PromptTokens: 7912, CompletionTokens: 59, Cost: $0.00081
2026-02-25 00:26:47,429 - Knowledge - INFO - done ingest for /app/data/newkinpogroup5515/55/b23195v/lu5-55/docs/v0.1.6/setting/index.html
2026-02-25 00:26:47,727 - Knowledge - INFO - done ingest for /app/data/newkinpogroup5515/55/b23195v/lu5-55/docs/v0.1.6/math/index.html
2026-02-25 00:26:47,967 - Knowledge - INFO - Processing batch of 8 files
2026-02-25 00:26:48,105 - Knowledge - INFO - Async storage completed for 8 embeddings
2026-02-25 00:26:48,146 - Knowledge - INFO - process ingested knowledge for /app/data/newkinpogroup5515/55/b23195v/lu5-55/docs/v0.1.6/math/ceil/meta.json
2026-02-25 00:26:48,385 - Knowledge - INFO - process ingested knowledge for /app/data/newkinpogroup5515/55/b23195v/lu5-55/docs/v0.1.6/math/tan/index.html
2026-02-25 00:26:48,602 - Knowledge - INFO - process ingested knowledge for /app/data/newkinpogroup5515/55/b23195v/lu5-55/docs/v0.1.6/math/tan/meta.json
2026-02-25 00:26:48,777 - Knowledge - INFO - [LLM_CALL] Completed: index.html:chunk1, Duration: 776ms, PromptTokens: 4954, CompletionTokens: 59, Cost: $0.00052
2026-02-25 00:26:48,808 - Knowledge - INFO - process ingested knowledge for /app/data/newkinpogroup5515/55/b23195v/lu5-55/docs/v0.1.6/math/index.html
2026-02-25 00:26:48,982 - Knowledge - INFO - done ingest for /app/data/newkinpogroup5515/55/b23195v/lu5-55/docs/v0.1.6/keyboard/keyReleased/index.html
2026-02-25 00:26:49,073 - Knowledge - INFO - process ingested knowledge for /app/data/newkinpogroup5515/55/b23195v/lu5-55/docs/v0.1.6/classes/class/index.html
2026-02-25 00:26:49,272 - Knowledge - INFO - process ingested knowledge for /app/data/newkinpogroup5515/55/b23195v/lu5-55/docs/v0.1.6/classes/class/meta.json
2026-02-25 00:26:49,483 - Knowledge - INFO - process ingested knowledge for /app/data/newkinpogroup5515/55/b23195v/lu5-55/docs/v0.1.6/classes/index.html
2026-02-25 00:26:49,674 - Knowledge - INFO - done ingest for /app/data/newkinpogroup5515/55/b23195v/lu5-55/docs/v0.1.6/setting/fill/index.html
2026-02-25 00:26:49,717 - Knowledge - INFO - process ingested knowledge for /app/data/newkinpogroup5515/55/b23195v/lu5-55/docs/v0.1.6/setting/strokeWeight/index.html
2026-02-25 00:26:49,887 - Knowledge - INFO - Processing batch of 8 files
2026-02-25 00:26:50,084 - Knowledge - INFO - process ingested knowledge for /app/data/newkinpogroup5515/55/b23195v/lu5-55/docs/v0.1.6/setting/noFill/meta.json
2026-02-25 00:26:50,280 - Knowledge - INFO - process ingested knowledge for /app/data/newkinpogroup5515/55/b23195v/lu5-55/docs/v0.1.6/setting/debugMode/index.html
2026-02-25 00:26:50,456 - Knowledge - INFO - done ingest for /app/data/newkinpogroup5515/55/b23195v/lu5-55/docs/v0.1.6/setting/noFill/index.html
2026-02-25 00:26:50,465 - Knowledge - INFO - process ingested knowledge for /app/data/newkinpogroup5515/55/b23195v/lu5-55/docs/v0.1.6/setting/debugMode/meta.json
2026-02-25 00:26:50,706 - Knowledge - INFO - process ingested knowledge for /app/data/newkinpogroup5515/55/b23195v/lu5-55/docs/v0.1.6/setting/noStroke/index.html
2026-02-25 00:26:50,871 - Knowledge - INFO - process ingested knowledge for /app/data/newkinpogroup5515/55/b23195v/lu5-55/docs/v0.1.6/setting/noStroke/meta.json
2026-02-25 00:26:50,989 - Knowledge - INFO - [kw7] Queue=507, InProgress=0, PendingWorkers=20/20, Completed=804/1455 (55.3%)
2026-02-25 00:26:51,058 - Knowledge - INFO - process ingested knowledge for /app/data/newkinpogroup5515/55/b23195v/lu5-55/docs/v0.1.6/setting/index.html
2026-02-25 00:26:51,152 - Knowledge - INFO - Batch sizing: calculated=8, max_allowed=10, queue=507, active_workers=20/20
2026-02-25 00:26:51,286 - Knowledge - INFO - process ingested knowledge for /app/data/newkinpogroup5515/55/b23195v/lu5-55/docs/v0.1.6/setting/fill/index.html
2026-02-25 00:26:51,296 - Knowledge - INFO - [LLM_CALL] Completed: index.html:chunk1, Duration: 710ms, PromptTokens: 4962, CompletionTokens: 59, Cost: $0.00052
2026-02-25 00:26:51,490 - Knowledge - INFO - process ingested knowledge for /app/data/newkinpogroup5515/55/b23195v/lu5-55/docs/v0.1.6/setting/fill/meta.json
2026-02-25 00:26:51,625 - Knowledge - INFO - done ingest for /app/data/newkinpogroup5515/55/b23195v/lu5-55/docs/v0.1.6/keyboard/keyHeld/index.html
2026-02-25 00:26:51,627 - Knowledge - INFO - Async storing batch of 8 embeddings
2026-02-25 00:26:51,907 - Knowledge - INFO - Worker kw7 processing /app/data/newkinpogroup5515/55/b23195v/lu5-55/docs/v0.0.3/setting/push/meta.json
2026-02-25 00:26:52,052 - Knowledge - INFO - Fast-tracked /app/data/newkinpogroup5515/55/b23195v/lu5-55/docs/v0.0.3/setting/push/meta.json (ext=.json, size=207)
2026-02-25 00:26:52,210 - Knowledge - INFO - Worker kw7 processing /app/data/newkinpogroup5515/55/b23195v/lu5-55/docs/v0.0.3/setting/textSize/index.html
2026-02-25 00:26:52,399 - Knowledge - INFO - Worker kw7 processing /app/data/newkinpogroup5515/55/b23195v/lu5-55/docs/v0.0.3/setting/textSize/meta.json
2026-02-25 00:26:52,519 - Knowledge - INFO - done ingest for /app/data/newkinpogroup5515/55/b23195v/lu5-55/docs/v0.1.6/setting/stroke/index.html
2026-02-25 00:26:52,613 - Knowledge - INFO - Fast-tracked /app/data/newkinpogroup5515/55/b23195v/lu5-55/docs/v0.0.3/setting/textSize/meta.json (ext=.json, size=407)
2026-02-25 00:26:52,682 - Knowledge - INFO - [kw8] Queue=499, InProgress=0, PendingWorkers=20/20, Completed=804/1455 (55.3%)
2026-02-25 00:26:52,798 - Knowledge - INFO - Worker kw7 processing /app/data/newkinpogroup5515/55/b23195v/lu5-55/docs/v0.0.3/setting/stroke/index.html
2026-02-25 00:26:52,887 - Knowledge - INFO - Batch sizing: calculated=6, max_allowed=10, queue=499, active_workers=20/20
2026-02-25 00:26:53,006 - Knowledge - INFO - Worker kw7 processing /app/data/newkinpogroup5515/55/b23195v/lu5-55/docs/v0.0.3/setting/stroke/meta.json
2026-02-25 00:26:53,105 - Knowledge - INFO - Async storing batch of 8 embeddings
2026-02-25 00:26:53,212 - Knowledge - INFO - Fast-tracked /app/data/newkinpogroup5515/55/b23195v/lu5-55/docs/v0.0.3/setting/stroke/meta.json (ext=.json, size=485)
2026-02-25 00:26:53,303 - Knowledge - INFO - Worker kw8 processing /app/data/newkinpogroup5515/55/b23195v/lu5-55/docs/v0.0.3/setting/textFont/meta.json
2026-02-25 00:26:53,417 - Knowledge - INFO - Worker kw7 processing /app/data/newkinpogroup5515/55/b23195v/lu5-55/docs/v0.0.3/setting/noFill/index.html
2026-02-25 00:26:53,507 - Knowledge - INFO - Fast-tracked /app/data/newkinpogroup5515/55/b23195v/lu5-55/docs/v0.0.3/setting/textFont/meta.json (ext=.json, size=503)
2026-02-25 00:26:53,674 - Knowledge - INFO - [LLM_CALL] Completed: index.html:chunk1, Duration: 882ms, PromptTokens: 4718, CompletionTokens: 59, Cost: $0.00050
2026-02-25 00:26:53,677 - Knowledge - INFO - Worker kw7 processing /app/data/newkinpogroup5515/55/b23195v/lu5-55/docs/v0.0.3/setting/noFill/meta.json
2026-02-25 00:26:53,757 - Knowledge - INFO - Worker kw8 processing /app/data/newkinpogroup5515/55/b23195v/lu5-55/docs/v0.0.3/setting/noStroke/index.html
2026-02-25 00:26:53,866 - Knowledge - INFO - done ingest for /app/data/newkinpogroup5515/55/b23195v/lu5-55/docs/v0.1.6/setting/pop/index.html
2026-02-25 00:26:53,981 - Knowledge - INFO - Fast-tracked /app/data/newkinpogroup5515/55/b23195v/lu5-55/docs/v0.0.3/setting/noFill/meta.json (ext=.json, size=198)
2026-02-25 00:26:54,099 - Knowledge - INFO - Worker kw8 processing /app/data/newkinpogroup5515/55/b23195v/lu5-55/docs/v0.0.3/setting/noStroke/meta.json
2026-02-25 00:26:54,326 - Knowledge - INFO - Worker kw7 processing /app/data/newkinpogroup5515/55/b23195v/lu5-55/docs/v0.0.3/setting/textFont/index.html
2026-02-25 00:26:54,423 - Knowledge - INFO - Fast-tracked /app/data/newkinpogroup5515/55/b23195v/lu5-55/docs/v0.0.3/setting/noStroke/meta.json (ext=.json, size=303)
2026-02-25 00:26:54,614 - Knowledge - INFO - [LLM_CALL] Completed: index.html:chunk1, Duration: 102ms, PromptTokens: 4982, CompletionTokens: 59, Cost: $0.00052
2026-02-25 00:26:54,621 - Knowledge - INFO - Worker kw8 processing /app/data/newkinpogroup5515/55/b23195v/lu5-55/docs/v0.0.3/setting/index.html
2026-02-25 00:26:54,823 - Knowledge - INFO - done ingest for /app/data/newkinpogroup5515/55/b23195v/lu5-55/docs/v0.1.6/setting/background/index.html
2026-02-25 00:26:54,903 - Knowledge - INFO - Worker kw8 processing /app/data/newkinpogroup5515/55/b23195v/lu5-55/docs/v0.0.3/setting/fill/index.html
2026-02-25 00:26:55,141 - Knowledge - INFO - Worker kw8 processing /app/data/newkinpogroup5515/55/b23195v/lu5-55/docs/v0.0.3/setting/fill/meta.json
2026-02-25 00:26:55,306 - Knowledge - INFO - Fast-tracked /app/data/newkinpogroup5515/55/b23195v/lu5-55/docs/v0.0.3/setting/fill/meta.json (ext=.json, size=507)
2026-02-25 00:26:56,270 - Knowledge - INFO - [LLM_CALL] Completed: index.html:chunk1, Duration: 811ms, PromptTokens: 5264, CompletionTokens: 59, Cost: $0.00055
2026-02-25 00:26:56,453 - Knowledge - INFO - done ingest for /app/data/newkinpogroup5515/55/b23195v/lu5-55/docs/v0.1.6/keyboard/keyIsDown/index.html
2026-02-25 00:26:56,650 - Knowledge - INFO - Processing batch of 8 files
2026-02-25 00:26:56,846 - Knowledge - INFO - process ingested knowledge for /app/data/newkinpogroup5515/55/b23195v/lu5-55/docs/v0.1.6/setting/pop/index.html
2026-02-25 00:26:57,067 - Knowledge - INFO - process ingested knowledge for /app/data/newkinpogroup5515/55/b23195v/lu5-55/docs/v0.1.6/setting/pop/meta.json
2026-02-25 00:26:57,067 - Knowledge - INFO - [LLM_CALL] Completed: index.html:chunk1, Duration: 570ms, PromptTokens: 4716, CompletionTokens: 59, Cost: $0.00050
2026-02-25 00:26:57,308 - Knowledge - INFO - process ingested knowledge for /app/data/newkinpogroup5515/55/b23195v/lu5-55/docs/v0.1.6/keyboard/keyHeld/index.html
2026-02-25 00:26:57,386 - Knowledge - INFO - done ingest for /app/data/newkinpogroup5515/55/b23195v/lu5-55/docs/v0.1.6/setting/push/index.html
2026-02-25 00:26:57,526 - Knowledge - INFO - process ingested knowledge for /app/data/newkinpogroup5515/55/b23195v/lu5-55/docs/v0.1.6/keyboard/keyHeld/meta.json
2026-02-25 00:26:57,655 - Knowledge - INFO - Processing batch of 8 files
2026-02-25 00:26:57,772 - Knowledge - INFO - process ingested knowledge for /app/data/newkinpogroup5515/55/b23195v/lu5-55/docs/v0.1.6/keyboard/keyReleased/index.html
2026-02-25 00:26:57,817 - Knowledge - INFO - Async storage completed for 8 embeddings
2026-02-25 00:26:57,897 - Knowledge - INFO - process ingested knowledge for /app/data/newkinpogroup5515/55/b23195v/lu5-55/docs/v0.1.6/setting/strokeWeight/meta.json
2026-02-25 00:26:57,994 - Knowledge - INFO - process ingested knowledge for /app/data/newkinpogroup5515/55/b23195v/lu5-55/docs/v0.1.6/keyboard/keyReleased/meta.json
2026-02-25 00:26:58,196 - Knowledge - INFO - process ingested knowledge for /app/data/newkinpogroup5515/55/b23195v/lu5-55/docs/v0.1.6/setting/push/index.html
2026-02-25 00:26:58,313 - Knowledge - INFO - process ingested knowledge for /app/data/newkinpogroup5515/55/b23195v/lu5-55/docs/v0.1.6/keyboard/keyIsDown/index.html
2026-02-25 00:26:58,402 - Knowledge - INFO - process ingested knowledge for /app/data/newkinpogroup5515/55/b23195v/lu5-55/docs/v0.1.6/setting/push/meta.json
2026-02-25 00:26:58,510 - Knowledge - INFO - process ingested knowledge for /app/data/newkinpogroup5515/55/b23195v/lu5-55/docs/v0.1.6/keyboard/keyIsDown/meta.json
2026-02-25 00:26:58,599 - Knowledge - INFO - process ingested knowledge for /app/data/newkinpogroup5515/55/b23195v/lu5-55/docs/v0.1.6/setting/background/index.html
2026-02-25 00:26:58,804 - Knowledge - INFO - process ingested knowledge for /app/data/newkinpogroup5515/55/b23195v/lu5-55/docs/v0.1.6/setting/background/meta.json
2026-02-25 00:26:58,969 - Knowledge - INFO - Async storage completed for 8 embeddings
2026-02-25 00:26:58,982 - Knowledge - INFO - process ingested knowledge for /app/data/newkinpogroup5515/55/b23195v/lu5-55/docs/v0.1.6/setting/stroke/index.html
2026-02-25 00:26:59,320 - Knowledge - INFO - process ingested knowledge for /app/data/newkinpogroup5515/55/b23195v/lu5-55/docs/v0.1.6/setting/stroke/meta.json
2026-02-25 00:26:59,521 - Knowledge - INFO - [WEBSOCKET] Sent: Type=progress_update, Size: 293, Duration: 0ms
2026-02-25 00:26:59,541 - Knowledge - INFO - process ingested knowledge for /app/data/newkinpogroup5515/55/b23195v/lu5-55/docs/v0.1.6/setting/noFill/index.html
2026-02-25 00:26:59,727 - Knowledge - INFO - [WEBSOCKET] Sent: Type=unknown, Size: ?, Duration: 206ms
2026-02-25 00:26:59,961 - Knowledge - INFO - Progress: 56.4% | Files: 820/1455 | Rate: 1.59 files/sec | Queue: 493
2026-02-25 00:27:00,131 - Knowledge - INFO - [LLM_CALL] Completed: index.html:chunk1, Duration: 1426ms, PromptTokens: 5086, CompletionTokens: 59, Cost: $0.00053
2026-02-25 00:27:00,260 - Knowledge - INFO - [kw12] Queue=493, InProgress=0, PendingWorkers=20/20, Completed=820/1455 (56.4%)
2026-02-25 00:27:00,311 - Knowledge - INFO - done ingest for /app/data/newkinpogroup5515/55/b23195v/lu5-55/docs/v0.1.6/mouse/mouseWheel/index.html
2026-02-25 00:27:00,448 - Knowledge - INFO - Batch sizing: calculated=6, max_allowed=10, queue=493, active_workers=20/20
2026-02-25 00:27:00,635 - Knowledge - INFO - Async storing batch of 8 embeddings
2026-02-25 00:27:00,813 - Knowledge - INFO - Worker kw12 processing /app/data/newkinpogroup5515/55/b23195v/lu5-55/docs/v0.0.3/setting/pop/index.html
2026-02-25 00:27:00,872 - Knowledge - INFO - [kw16] Queue=487, InProgress=0, PendingWorkers=20/20, Completed=820/1455 (56.4%)
2026-02-25 00:27:00,979 - Knowledge - INFO - Worker kw12 processing /app/data/newkinpogroup5515/55/b23195v/lu5-55/docs/v0.0.3/setting/pop/meta.json
2026-02-25 00:27:01,072 - Knowledge - INFO - Batch sizing: calculated=6, max_allowed=10, queue=487, active_workers=20/20
2026-02-25 00:27:01,201 - Knowledge - INFO - Fast-tracked /app/data/newkinpogroup5515/55/b23195v/lu5-55/docs/v0.0.3/setting/pop/meta.json (ext=.json, size=212)
2026-02-25 00:27:01,301 - Knowledge - INFO - Async storing batch of 8 embeddings
2026-02-25 00:27:01,358 - Knowledge - INFO - [LLM_CALL] Completed: index.html:chunk1, Duration: 638ms, PromptTokens: 5100, CompletionTokens: 59, Cost: $0.00053
2026-02-25 00:27:01,467 - Knowledge - INFO - Worker kw12 processing /app/data/newkinpogroup5515/55/b23195v/lu5-55/docs/v0.0.3/keyboard/keyHeld/index.html
2026-02-25 00:27:01,589 - Knowledge - INFO - Worker kw16 processing /app/data/newkinpogroup5515/55/b23195v/lu5-55/docs/v0.0.3/keyboard/isKeyDown/index.html
2026-02-25 00:27:01,677 - Knowledge - INFO - done ingest for /app/data/newkinpogroup5515/55/b23195v/lu5-55/docs/v0.1.6/keyboard/keyPressed/index.html
2026-02-25 00:27:01,780 - Knowledge - INFO - Worker kw12 processing /app/data/newkinpogroup5515/55/b23195v/lu5-55/docs/v0.0.3/keyboard/keyHeld/meta.json
2026-02-25 00:27:01,872 - Knowledge - INFO - Worker kw16 processing /app/data/newkinpogroup5515/55/b23195v/lu5-55/docs/v0.0.3/keyboard/isKeyDown/meta.json
2026-02-25 00:27:02,109 - Knowledge - INFO - Fast-tracked /app/data/newkinpogroup5515/55/b23195v/lu5-55/docs/v0.0.3/keyboard/keyHeld/meta.json (ext=.json, size=265)
2026-02-25 00:27:02,207 - Knowledge - INFO - Fast-tracked /app/data/newkinpogroup5515/55/b23195v/lu5-55/docs/v0.0.3/keyboard/isKeyDown/meta.json (ext=.json, size=471)
2026-02-25 00:27:02,323 - Knowledge - INFO - [LLM_CALL] Completed: index.html:chunk1, Duration: 645ms, PromptTokens: 5118, CompletionTokens: 59, Cost: $0.00054
2026-02-25 00:27:02,325 - Knowledge - INFO - Worker kw12 processing /app/data/newkinpogroup5515/55/b23195v/lu5-55/docs/v0.0.3/keyboard/keyReleased/index.html
2026-02-25 00:27:02,453 - Knowledge - INFO - Worker kw16 processing /app/data/newkinpogroup5515/55/b23195v/lu5-55/docs/v0.0.3/keyboard/index.html
2026-02-25 00:27:02,545 - Knowledge - INFO - done ingest for /app/data/newkinpogroup5515/55/b23195v/lu5-55/docs/v0.1.6/mouse/mouseReleased/index.html
2026-02-25 00:27:02,637 - Knowledge - INFO - Worker kw12 processing /app/data/newkinpogroup5515/55/b23195v/lu5-55/docs/v0.0.3/keyboard/keyReleased/meta.json
2026-02-25 00:27:02,714 - Knowledge - INFO - Worker kw16 processing /app/data/newkinpogroup5515/55/b23195v/lu5-55/docs/v0.0.3/keyboard/keyPressed/index.html
2026-02-25 00:27:02,894 - Knowledge - INFO - Fast-tracked /app/data/newkinpogroup5515/55/b23195v/lu5-55/docs/v0.0.3/keyboard/keyReleased/meta.json (ext=.json, size=272)
2026-02-25 00:27:03,013 - Knowledge - INFO - Worker kw16 processing /app/data/newkinpogroup5515/55/b23195v/lu5-55/docs/v0.0.3/keyboard/keyPressed/meta.json
2026-02-25 00:27:03,183 - Knowledge - INFO - Fast-tracked /app/data/newkinpogroup5515/55/b23195v/lu5-55/docs/v0.0.3/keyboard/keyPressed/meta.json (ext=.json, size=269)
2026-02-25 00:27:03,415 - Knowledge - INFO - Worker kw16 processing /app/data/newkinpogroup5515/55/b23195v/lu5-55/docs/v0.0.3/modules.json
2026-02-25 00:27:03,604 - Knowledge - INFO - Fast-tracked /app/data/newkinpogroup5515/55/b23195v/lu5-55/docs/v0.0.3/modules.json (ext=.json, size=1595)
2026-02-25 00:27:03,813 - Knowledge - INFO - [LLM_CALL] Completed: index.html:chunk1, Duration: 704ms, PromptTokens: 4820, CompletionTokens: 59, Cost: $0.00051
2026-02-25 00:27:04,014 - Knowledge - INFO - done ingest for /app/data/newkinpogroup5515/55/b23195v/lu5-55/docs/v0.1.6/mouse/pmouseY/index.html
2026-02-25 00:27:04,729 - Knowledge - INFO - [LLM_CALL] Completed: index.html:chunk1, Duration: 201ms, PromptTokens: 4884, CompletionTokens: 59, Cost: $0.00051
2026-02-25 00:27:04,883 - Knowledge - INFO - done ingest for /app/data/newkinpogroup5515/55/b23195v/lu5-55/docs/v0.1.6/mouse/mouseX/index.html
2026-02-25 00:27:06,376 - Knowledge - INFO - [LLM_CALL] Completed: index.html:chunk1, Duration: 546ms, PromptTokens: 4884, CompletionTokens: 59, Cost: $0.00051
2026-02-25 00:27:06,557 - Knowledge - INFO - done ingest for /app/data/newkinpogroup5515/55/b23195v/lu5-55/docs/v0.1.6/mouse/mouseY/index.html
2026-02-25 00:27:07,142 - Knowledge - INFO - done ingest for /app/data/newkinpogroup5515/55/b23195v/lu5-55/docs/v0.1.6/mouse/pmouseX/index.html
2026-02-25 00:27:07,351 - Knowledge - INFO - Processing batch of 8 files
2026-02-25 00:27:07,573 - Knowledge - INFO - process ingested knowledge for /app/data/newkinpogroup5515/55/b23195v/lu5-55/docs/v0.1.6/mouse/mouseReleased/index.html
2026-02-25 00:27:07,752 - Knowledge - INFO - process ingested knowledge for /app/data/newkinpogroup5515/55/b23195v/lu5-55/docs/v0.1.6/mouse/mouseReleased/meta.json
2026-02-25 00:27:07,940 - Knowledge - INFO - process ingested knowledge for /app/data/newkinpogroup5515/55/b23195v/lu5-55/docs/v0.1.6/mouse/mouseWheel/index.html
2026-02-25 00:27:08,160 - Knowledge - INFO - process ingested knowledge for /app/data/newkinpogroup5515/55/b23195v/lu5-55/docs/v0.1.6/mouse/mouseWheel/meta.json
2026-02-25 00:27:08,343 - Knowledge - INFO - process ingested knowledge for /app/data/newkinpogroup5515/55/b23195v/lu5-55/docs/v0.1.6/mouse/pmouseX/index.html
2026-02-25 00:27:08,509 - Knowledge - INFO - process ingested knowledge for /app/data/newkinpogroup5515/55/b23195v/lu5-55/docs/v0.1.6/mouse/pmouseX/meta.json
2026-02-25 00:27:08,710 - Knowledge - INFO - process ingested knowledge for /app/data/newkinpogroup5515/55/b23195v/lu5-55/docs/v0.1.6/mouse/mouseX/index.html
2026-02-25 00:27:08,892 - Knowledge - INFO - process ingested knowledge for /app/data/newkinpogroup5515/55/b23195v/lu5-55/docs/v0.1.6/mouse/mouseX/meta.json
2026-02-25 00:27:09,779 - Knowledge - INFO - [kw20] Queue=481, InProgress=0, PendingWorkers=20/20, Completed=828/1455 (56.9%)
2026-02-25 00:27:09,956 - Knowledge - INFO - Batch sizing: calculated=6, max_allowed=10, queue=481, active_workers=20/20
2026-02-25 00:27:10,174 - Knowledge - INFO - Async storing batch of 8 embeddings
2026-02-25 00:27:10,377 - Knowledge - INFO - Worker kw20 processing /app/data/newkinpogroup5515/55/b23195v/lu5-55/docs/v0.0.3/mouse/mouseY/index.html
2026-02-25 00:27:10,573 - Knowledge - INFO - Worker kw20 processing /app/data/newkinpogroup5515/55/b23195v/lu5-55/docs/v0.0.3/mouse/mouseY/meta.json
2026-02-25 00:27:10,703 - Knowledge - INFO - [LLM_CALL] Completed: index.html:chunk1, Duration: 2609ms, PromptTokens: 13778, CompletionTokens: 59, Cost: $0.00140
2026-02-25 00:27:10,817 - Knowledge - INFO - Fast-tracked /app/data/newkinpogroup5515/55/b23195v/lu5-55/docs/v0.0.3/mouse/mouseY/meta.json (ext=.json, size=337)
2026-02-25 00:27:10,893 - Knowledge - INFO - done ingest for /app/data/newkinpogroup5515/55/b23195v/lu5-55/docs/v0.1.6/keyboard/index.html
2026-02-25 00:27:10,985 - Knowledge - INFO - Worker kw20 processing /app/data/newkinpogroup5515/55/b23195v/lu5-55/docs/v0.0.3/mouse/mouseReleased/index.html
2026-02-25 00:27:11,134 - Knowledge - INFO - Processing batch of 8 files
2026-02-25 00:27:11,228 - Knowledge - INFO - Worker kw20 processing /app/data/newkinpogroup5515/55/b23195v/lu5-55/docs/v0.0.3/mouse/mouseReleased/meta.json
2026-02-25 00:27:11,328 - Knowledge - INFO - process ingested knowledge for /app/data/newkinpogroup5515/55/b23195v/lu5-55/docs/v0.1.6/keyboard/index.html
2026-02-25 00:27:11,437 - Knowledge - INFO - Fast-tracked /app/data/newkinpogroup5515/55/b23195v/lu5-55/docs/v0.0.3/mouse/mouseReleased/meta.json (ext=.json, size=682)
2026-02-25 00:27:11,551 - Knowledge - INFO - process ingested knowledge for /app/data/newkinpogroup5515/55/b23195v/lu5-55/docs/v0.1.6/keyboard/keyPressed/index.html
2026-02-25 00:27:11,674 - Knowledge - INFO - Worker kw20 processing /app/data/newkinpogroup5515/55/b23195v/lu5-55/docs/v0.0.3/mouse/mouseX/index.html
2026-02-25 00:27:11,787 - Knowledge - INFO - process ingested knowledge for /app/data/newkinpogroup5515/55/b23195v/lu5-55/docs/v0.1.6/keyboard/keyPressed/meta.json
2026-02-25 00:27:11,898 - Knowledge - INFO - Worker kw20 processing /app/data/newkinpogroup5515/55/b23195v/lu5-55/docs/v0.0.3/mouse/mouseX/meta.json
2026-02-25 00:27:11,987 - Knowledge - INFO - process ingested knowledge for /app/data/newkinpogroup5515/55/b23195v/lu5-55/docs/v0.1.6/modules.json
2026-02-25 00:27:12,056 - Knowledge - INFO - Fast-tracked /app/data/newkinpogroup5515/55/b23195v/lu5-55/docs/v0.0.3/mouse/mouseX/meta.json (ext=.json, size=337)
2026-02-25 00:27:12,180 - Knowledge - INFO - process ingested knowledge for /app/data/newkinpogroup5515/55/b23195v/lu5-55/docs/v0.1.6/mouse/pmouseY/index.html
2026-02-25 00:27:12,390 - Knowledge - INFO - process ingested knowledge for /app/data/newkinpogroup5515/55/b23195v/lu5-55/docs/v0.1.6/mouse/pmouseY/meta.json
2026-02-25 00:27:12,597 - Knowledge - INFO - process ingested knowledge for /app/data/newkinpogroup5515/55/b23195v/lu5-55/docs/v0.1.6/mouse/mouseY/index.html
2026-02-25 00:27:12,777 - Knowledge - INFO - process ingested knowledge for /app/data/newkinpogroup5515/55/b23195v/lu5-55/docs/v0.1.6/mouse/mouseY/meta.json
2026-02-25 00:27:13,683 - Knowledge - INFO - [kw9] Queue=475, InProgress=0, PendingWorkers=20/20, Completed=836/1455 (57.5%)
2026-02-25 00:27:13,900 - Knowledge - INFO - Batch sizing: calculated=6, max_allowed=10, queue=475, active_workers=20/20
2026-02-25 00:27:14,072 - Knowledge - INFO - Async storing batch of 8 embeddings
2026-02-25 00:27:14,225 - Knowledge - INFO - Worker kw9 processing /app/data/newkinpogroup5515/55/b23195v/lu5-55/docs/v0.0.3/mouse/mouseIsPressed/index.html
2026-02-25 00:27:14,412 - Knowledge - INFO - Worker kw9 processing /app/data/newkinpogroup5515/55/b23195v/lu5-55/docs/v0.0.3/mouse/mouseIsPressed/meta.json
2026-02-25 00:27:14,576 - Knowledge - INFO - Fast-tracked /app/data/newkinpogroup5515/55/b23195v/lu5-55/docs/v0.0.3/mouse/mouseIsPressed/meta.json (ext=.json, size=309)
2026-02-25 00:27:14,774 - Knowledge - INFO - Worker kw9 processing /app/data/newkinpogroup5515/55/b23195v/lu5-55/docs/v0.0.3/mouse/index.html
2026-02-25 00:27:14,944 - Knowledge - INFO - Worker kw9 processing /app/data/newkinpogroup5515/55/b23195v/lu5-55/docs/v0.0.3/mouse/mousePressed/index.html
2026-02-25 00:27:15,167 - Knowledge - INFO - Worker kw9 processing /app/data/newkinpogroup5515/55/b23195v/lu5-55/docs/v0.0.3/mouse/mousePressed/meta.json
2026-02-25 00:27:15,381 - Knowledge - INFO - Fast-tracked /app/data/newkinpogroup5515/55/b23195v/lu5-55/docs/v0.0.3/mouse/mousePressed/meta.json (ext=.json, size=638)
2026-02-25 00:27:15,579 - Knowledge - INFO - Worker kw9 processing /app/data/newkinpogroup5515/55/b23195v/lu5-55/docs/v0.0.3/index.html
2026-02-25 00:27:22,187 - Knowledge - INFO - Async storage completed for 8 embeddings
2026-02-25 00:27:23,446 - Knowledge - INFO - Async storage completed for 8 embeddings
2026-02-25 00:27:24,809 - Knowledge - INFO - [LLM_CALL] Completed: index.html:chunk1, Duration: 1273ms, PromptTokens: 5244, CompletionTokens: 59, Cost: $0.00055
2026-02-25 00:27:25,006 - Knowledge - INFO - done ingest for /app/data/newkinpogroup5515/55/b23195v/lu5-55/docs/v0.1.6/vector/Vector.idiv/index.html
2026-02-25 00:27:26,025 - Knowledge - INFO - [LLM_CALL] Completed: index.html:chunk1, Duration: 381ms, PromptTokens: 4890, CompletionTokens: 59, Cost: $0.00051
2026-02-25 00:27:26,221 - Knowledge - INFO - done ingest for /app/data/newkinpogroup5515/55/b23195v/lu5-55/docs/v0.1.6/mouse/mouseIsPressed/index.html
2026-02-25 00:27:27,338 - Knowledge - INFO - done ingest for /app/data/newkinpogroup5515/55/b23195v/lu5-55/docs/v0.1.6/vector/Vector/index.html
2026-02-25 00:27:28,425 - Knowledge - INFO - done ingest for /app/data/newkinpogroup5515/55/b23195v/lu5-55/docs/v0.1.6/camera/orbitControl/index.html
2026-02-25 00:27:28,609 - Knowledge - INFO - Async storage completed for 8 embeddings
2026-02-25 00:27:29,691 - Knowledge - INFO - done ingest for /app/data/newkinpogroup5515/55/b23195v/lu5-55/docs/v0.1.6/vector/Vector.sub/index.html
2026-02-25 00:27:30,602 - Knowledge - INFO - [LLM_CALL] Completed: index.html:chunk1, Duration: 176ms, PromptTokens: 4762, CompletionTokens: 59, Cost: $0.00050
2026-02-25 00:27:30,770 - Knowledge - INFO - done ingest for /app/data/newkinpogroup5515/55/b23195v/lu5-55/docs/v0.1.6/camera/index.html
2026-02-25 00:27:31,216 - Knowledge - INFO - done ingest for /app/data/newkinpogroup5515/55/b23195v/lu5-55/docs/v0.1.6/shapes3D/plane/index.html
2026-02-25 00:27:31,872 - Knowledge - INFO - [LLM_CALL] Completed: index.html:chunk1, Duration: 474ms, PromptTokens: 5218, CompletionTokens: 59, Cost: $0.00055
2026-02-25 00:27:31,906 - Knowledge - INFO - Async storage completed for 8 embeddings
2026-02-25 00:27:32,073 - Knowledge - INFO - done ingest for /app/data/newkinpogroup5515/55/b23195v/lu5-55/docs/v0.1.6/vector/Vector.mult/index.html
2026-02-25 00:27:32,289 - Knowledge - INFO - Processing batch of 8 files
2026-02-25 00:27:32,449 - Knowledge - INFO - process ingested knowledge for /app/data/newkinpogroup5515/55/b23195v/lu5-55/docs/v0.1.6/vector/Vector.print/meta.json
2026-02-25 00:27:32,656 - Knowledge - INFO - process ingested knowledge for /app/data/newkinpogroup5515/55/b23195v/lu5-55/docs/v0.1.6/vector/Vector.idiv/index.html
2026-02-25 00:27:32,843 - Knowledge - INFO - process ingested knowledge for /app/data/newkinpogroup5515/55/b23195v/lu5-55/docs/v0.1.6/vector/Vector.idiv/meta.json
2026-02-25 00:27:33,014 - Knowledge - INFO - process ingested knowledge for /app/data/newkinpogroup5515/55/b23195v/lu5-55/docs/v0.1.6/vector/Vector.mult/index.html
2026-02-25 00:27:33,192 - Knowledge - INFO - [LLM_CALL] Completed: index.html:chunk1, Duration: 541ms, PromptTokens: 5090, CompletionTokens: 59, Cost: $0.00053
2026-02-25 00:27:33,210 - Knowledge - INFO - process ingested knowledge for /app/data/newkinpogroup5515/55/b23195v/lu5-55/docs/v0.1.6/vector/Vector.mult/meta.json
2026-02-25 00:27:33,349 - Knowledge - INFO - done ingest for /app/data/newkinpogroup5515/55/b23195v/lu5-55/docs/v0.1.6/mouse/mousePressed/index.html
2026-02-25 00:27:33,466 - Knowledge - INFO - process ingested knowledge for /app/data/newkinpogroup5515/55/b23195v/lu5-55/docs/v0.1.6/vector/Vector/index.html
2026-02-25 00:27:33,585 - Knowledge - INFO - [LLM_CALL] Completed: index.html:chunk1, Duration: 236ms, PromptTokens: 5050, CompletionTokens: 59, Cost: $0.00053
2026-02-25 00:27:33,664 - Knowledge - INFO - process ingested knowledge for /app/data/newkinpogroup5515/55/b23195v/lu5-55/docs/v0.1.6/vector/Vector/meta.json
2026-02-25 00:27:33,773 - Knowledge - INFO - done ingest for /app/data/newkinpogroup5515/55/b23195v/lu5-55/docs/v0.1.6/vector/createVector/index.html
2026-02-25 00:27:33,883 - Knowledge - INFO - process ingested knowledge for /app/data/newkinpogroup5515/55/b23195v/lu5-55/docs/v0.1.6/vector/Vector.sub/index.html
2026-02-25 00:27:34,812 - Knowledge - INFO - [kw1] Queue=469, InProgress=0, PendingWorkers=20/20, Completed=844/1455 (58.0%)
2026-02-25 00:27:34,914 - Knowledge - INFO - Async storage completed for 8 embeddings
2026-02-25 00:27:34,986 - Knowledge - INFO - Batch sizing: calculated=6, max_allowed=10, queue=469, active_workers=20/20
2026-02-25 00:27:35,194 - Knowledge - INFO - Async storing batch of 8 embeddings
2026-02-25 00:27:35,358 - Knowledge - INFO - Worker kw1 processing /app/data/newkinpogroup5515/55/b23195v/lu5-55/docs/latest/io/loadStrings/index.html
2026-02-25 00:27:35,565 - Knowledge - INFO - [LLM_CALL] Completed: index.html:chunk1, Duration: 1400ms, PromptTokens: 7504, CompletionTokens: 59, Cost: $0.00077
2026-02-25 00:27:35,570 - Knowledge - INFO - Worker kw1 processing /app/data/newkinpogroup5515/55/b23195v/lu5-55/docs/latest/io/loadStrings/meta.json
2026-02-25 00:27:35,768 - Knowledge - INFO - done ingest for /app/data/newkinpogroup5515/55/b23195v/lu5-55/docs/v0.1.6/mouse/index.html
2026-02-25 00:27:35,883 - Knowledge - INFO - Fast-tracked /app/data/newkinpogroup5515/55/b23195v/lu5-55/docs/latest/io/loadStrings/meta.json (ext=.json, size=370)
2026-02-25 00:27:36,005 - Knowledge - INFO - Processing batch of 8 files
2026-02-25 00:27:36,156 - Knowledge - INFO - Worker kw1 processing /app/data/newkinpogroup5515/55/b23195v/lu5-55/docs/latest/io/loadText/index.html
2026-02-25 00:27:36,168 - Knowledge - INFO - done ingest for /app/data/newkinpogroup5515/55/b23195v/lu5-55/docs/v0.1.6/vector/index.html
2026-02-25 00:27:36,281 - Knowledge - INFO - process ingested knowledge for /app/data/newkinpogroup5515/55/b23195v/lu5-55/docs/v0.1.6/mouse/mouseIsPressed/index.html
2026-02-25 00:27:36,370 - Knowledge - INFO - Worker kw1 processing /app/data/newkinpogroup5515/55/b23195v/lu5-55/docs/latest/io/loadText/meta.json
2026-02-25 00:27:36,573 - Knowledge - INFO - done ingest for /app/data/newkinpogroup5515/55/b23195v/lu5-55/docs/v0.1.6/vector/Vector.print/index.html
2026-02-25 00:27:36,658 - Knowledge - INFO - process ingested knowledge for /app/data/newkinpogroup5515/55/b23195v/lu5-55/docs/v0.1.6/mouse/mouseIsPressed/meta.json
2026-02-25 00:27:36,736 - Knowledge - INFO - Fast-tracked /app/data/newkinpogroup5515/55/b23195v/lu5-55/docs/latest/io/loadText/meta.json (ext=.json, size=339)
2026-02-25 00:27:36,944 - Knowledge - INFO - process ingested knowledge for /app/data/newkinpogroup5515/55/b23195v/lu5-55/docs/v0.1.6/mouse/index.html
2026-02-25 00:27:37,041 - Knowledge - INFO - Async storage completed for 8 embeddings
2026-02-25 00:27:37,047 - Knowledge - INFO - Worker kw1 processing /app/data/newkinpogroup5515/55/b23195v/lu5-55/docs/latest/io/print/index.html
2026-02-25 00:27:37,140 - Knowledge - INFO - process ingested knowledge for /app/data/newkinpogroup5515/55/b23195v/lu5-55/docs/v0.1.6/mouse/mousePressed/index.html
2026-02-25 00:27:37,378 - Knowledge - INFO - [LLM_CALL] Completed: index.html:chunk1, Duration: 428ms, PromptTokens: 4392, CompletionTokens: 59, Cost: $0.00046
2026-02-25 00:27:37,382 - Knowledge - INFO - Worker kw1 processing /app/data/newkinpogroup5515/55/b23195v/lu5-55/docs/latest/io/print/meta.json
2026-02-25 00:27:37,464 - Knowledge - INFO - process ingested knowledge for /app/data/newkinpogroup5515/55/b23195v/lu5-55/docs/v0.1.6/mouse/mousePressed/meta.json
2026-02-25 00:27:37,572 - Knowledge - INFO - done ingest for /app/data/newkinpogroup5515/55/b23195v/lu5-55/docs/v0.0.3/shapes/point/index.html
2026-02-25 00:27:37,689 - Knowledge - INFO - Fast-tracked /app/data/newkinpogroup5515/55/b23195v/lu5-55/docs/latest/io/print/meta.json (ext=.json, size=383)
2026-02-25 00:27:37,818 - Knowledge - INFO - process ingested knowledge for /app/data/newkinpogroup5515/55/b23195v/lu5-55/docs/v0.1.6/camera/orbitControl/index.html
2026-02-25 00:27:38,186 - Knowledge - INFO - [LLM_CALL] Completed: index.html:chunk1, Duration: 139ms, PromptTokens: 5102, CompletionTokens: 59, Cost: $0.00053
2026-02-25 00:27:38,192 - Knowledge - INFO - process ingested knowledge for /app/data/newkinpogroup5515/55/b23195v/lu5-55/docs/v0.1.6/camera/orbitControl/meta.json
2026-02-25 00:27:38,373 - Knowledge - INFO - done ingest for /app/data/newkinpogroup5515/55/b23195v/lu5-55/docs/v0.1.6/shapes3D/box/index.html
2026-02-25 00:27:38,476 - Knowledge - INFO - process ingested knowledge for /app/data/newkinpogroup5515/55/b23195v/lu5-55/docs/v0.1.6/camera/index.html
2026-02-25 00:27:38,576 - Knowledge - INFO - Processing batch of 8 files
2026-02-25 00:27:38,763 - Knowledge - INFO - [LLM_CALL] Completed: index.html:chunk1, Duration: 390ms, PromptTokens: 4916, CompletionTokens: 59, Cost: $0.00052
2026-02-25 00:27:38,881 - Knowledge - INFO - process ingested knowledge for /app/data/newkinpogroup5515/55/b23195v/lu5-55/docs/v0.1.6/vector/Vector.sub/meta.json
2026-02-25 00:27:38,962 - Knowledge - INFO - done ingest for /app/data/newkinpogroup5515/55/b23195v/lu5-55/docs/v0.1.6/vector/Vector.copy/index.html
2026-02-25 00:27:39,059 - Knowledge - INFO - process ingested knowledge for /app/data/newkinpogroup5515/55/b23195v/lu5-55/docs/v0.1.6/vector/index.html
2026-02-25 00:27:39,268 - Knowledge - INFO - process ingested knowledge for /app/data/newkinpogroup5515/55/b23195v/lu5-55/docs/v0.1.6/vector/createVector/index.html
2026-02-25 00:27:39,489 - Knowledge - INFO - process ingested knowledge for /app/data/newkinpogroup5515/55/b23195v/lu5-55/docs/v0.1.6/vector/createVector/meta.json
2026-02-25 00:27:39,625 - Knowledge - INFO - [WEBSOCKET] Sent: Type=progress_update, Size: 292, Duration: 0ms
2026-02-25 00:27:39,662 - Knowledge - INFO - process ingested knowledge for /app/data/newkinpogroup5515/55/b23195v/lu5-55/docs/v0.1.6/shapes3D/plane/index.html
2026-02-25 00:27:39,809 - Knowledge - INFO - done ingest for /app/data/newkinpogroup5515/55/b23195v/lu5-55/docs/v0.0.3/shapes/line/index.html
2026-02-25 00:27:39,809 - Knowledge - INFO - [WEBSOCKET] Sent: Type=unknown, Size: ?, Duration: 184ms
2026-02-25 00:27:39,912 - Knowledge - INFO - process ingested knowledge for /app/data/newkinpogroup5515/55/b23195v/lu5-55/docs/v0.1.6/shapes3D/plane/meta.json
2026-02-25 00:27:40,172 - Knowledge - INFO - Progress: 59.1% | Files: 860/1455 | Rate: 1.55 files/sec | Queue: 463
2026-02-25 00:27:40,172 - Knowledge - INFO - done ingest for /app/data/newkinpogroup5515/55/b23195v/lu5-55/docs/v0.1.6/image/image/index.html
2026-02-25 00:27:40,335 - Knowledge - INFO - process ingested knowledge for /app/data/newkinpogroup5515/55/b23195v/lu5-55/docs/v0.1.6/shapes3D/box/index.html
2026-02-25 00:27:40,458 - Knowledge - INFO - [kw6] Queue=463, InProgress=0, PendingWorkers=20/20, Completed=860/1455 (59.1%)
2026-02-25 00:27:40,619 - Knowledge - INFO - process ingested knowledge for /app/data/newkinpogroup5515/55/b23195v/lu5-55/docs/v0.1.6/shapes3D/box/meta.json
2026-02-25 00:27:40,700 - Knowledge - INFO - Batch sizing: calculated=6, max_allowed=10, queue=463, active_workers=20/20
2026-02-25 00:27:41,004 - Knowledge - INFO - Async storing batch of 8 embeddings
2026-02-25 00:27:41,065 - Knowledge - INFO - [LLM_CALL] Completed: index.html:chunk1, Duration: 392ms, PromptTokens: 5220, CompletionTokens: 59, Cost: $0.00055
2026-02-25 00:27:41,181 - Knowledge - INFO - Worker kw6 processing /app/data/newkinpogroup5515/55/b23195v/lu5-55/docs/latest/io/index.html
2026-02-25 00:27:41,268 - Knowledge - INFO - done ingest for /app/data/newkinpogroup5515/55/b23195v/lu5-55/docs/v0.1.6/vector/Vector.add/index.html
2026-02-25 00:27:41,351 - Knowledge - INFO - Worker kw6 processing /app/data/newkinpogroup5515/55/b23195v/lu5-55/docs/latest/window/width/index.html
2026-02-25 00:27:41,548 - Knowledge - INFO - Worker kw6 processing /app/data/newkinpogroup5515/55/b23195v/lu5-55/docs/latest/window/width/meta.json
2026-02-25 00:27:41,735 - Knowledge - INFO - Fast-tracked /app/data/newkinpogroup5515/55/b23195v/lu5-55/docs/latest/window/width/meta.json (ext=.json, size=361)
2026-02-25 00:27:41,970 - Knowledge - INFO - Worker kw6 processing /app/data/newkinpogroup5515/55/b23195v/lu5-55/docs/latest/window/createWindow/index.html
2026-02-25 00:27:41,971 - Knowledge - INFO - [kw14] Queue=457, InProgress=0, PendingWorkers=20/20, Completed=860/1455 (59.1%)
2026-02-25 00:27:41,973 - Knowledge - INFO - [LLM_CALL] Completed: index.html:chunk1, Duration: 705ms, PromptTokens: 4618, CompletionTokens: 59, Cost: $0.00049
2026-02-25 00:27:42,171 - Knowledge - INFO - Worker kw6 processing /app/data/newkinpogroup5515/55/b23195v/lu5-55/docs/latest/window/createWindow/meta.json
2026-02-25 00:27:42,250 - Knowledge - INFO - Batch sizing: calculated=6, max_allowed=10, queue=457, active_workers=20/20
2026-02-25 00:27:42,390 - Knowledge - INFO - done ingest for /app/data/newkinpogroup5515/55/b23195v/lu5-55/docs/v0.0.3/shapes/circle/index.html
2026-02-25 00:27:42,391 - Knowledge - INFO - done ingest for /app/data/newkinpogroup5515/55/b23195v/lu5-55/docs/v0.1.6/vector/Vector.dot/index.html
2026-02-25 00:27:42,486 - Knowledge - INFO - Fast-tracked /app/data/newkinpogroup5515/55/b23195v/lu5-55/docs/latest/window/createWindow/meta.json (ext=.json, size=634)
2026-02-25 00:27:42,573 - Knowledge - INFO - Async storing batch of 8 embeddings
2026-02-25 00:27:42,884 - Knowledge - INFO - Worker kw6 processing /app/data/newkinpogroup5515/55/b23195v/lu5-55/docs/latest/window/windowResized/index.html
2026-02-25 00:27:42,974 - Knowledge - INFO - Worker kw14 processing /app/data/newkinpogroup5515/55/b23195v/lu5-55/docs/latest/window/windowResized/meta.json
2026-02-25 00:27:43,204 - Knowledge - INFO - done ingest for /app/data/newkinpogroup5515/55/b23195v/lu5-55/docs/v0.1.6/vector/Vector.div/index.html
2026-02-25 00:27:43,321 - Knowledge - INFO - Fast-tracked /app/data/newkinpogroup5515/55/b23195v/lu5-55/docs/latest/window/windowResized/meta.json (ext=.json, size=402)
2026-02-25 00:27:43,400 - Knowledge - INFO - Processing batch of 8 files
2026-02-25 00:27:43,535 - Knowledge - INFO - Worker kw14 processing /app/data/newkinpogroup5515/55/b23195v/lu5-55/docs/latest/window/height/index.html
2026-02-25 00:27:43,633 - Knowledge - INFO - process ingested knowledge for /app/data/newkinpogroup5515/55/b23195v/lu5-55/docs/v0.1.6/vector/Vector.dot/meta.json
2026-02-25 00:27:43,721 - Knowledge - INFO - Worker kw14 processing /app/data/newkinpogroup5515/55/b23195v/lu5-55/docs/latest/window/height/meta.json
2026-02-25 00:27:43,809 - Knowledge - INFO - Async storage completed for 8 embeddings
2026-02-25 00:27:43,825 - Knowledge - INFO - process ingested knowledge for /app/data/newkinpogroup5515/55/b23195v/lu5-55/docs/v0.1.6/vector/Vector.div/index.html
2026-02-25 00:27:43,957 - Knowledge - INFO - Fast-tracked /app/data/newkinpogroup5515/55/b23195v/lu5-55/docs/latest/window/height/meta.json (ext=.json, size=365)
2026-02-25 00:27:44,203 - Knowledge - INFO - process ingested knowledge for /app/data/newkinpogroup5515/55/b23195v/lu5-55/docs/v0.1.6/vector/Vector.div/meta.json
2026-02-25 00:27:44,299 - Knowledge - INFO - Worker kw14 processing /app/data/newkinpogroup5515/55/b23195v/lu5-55/docs/latest/window/deltaTime/index.html
2026-02-25 00:27:44,359 - Knowledge - INFO - [LLM_CALL] Completed: index.html:chunk1, Duration: 705ms, PromptTokens: 4392, CompletionTokens: 59, Cost: $0.00046
2026-02-25 00:27:44,455 - Knowledge - INFO - process ingested knowledge for /app/data/newkinpogroup5515/55/b23195v/lu5-55/docs/v0.1.6/vector/Vector.copy/index.html
2026-02-25 00:27:44,557 - Knowledge - INFO - Worker kw14 processing /app/data/newkinpogroup5515/55/b23195v/lu5-55/docs/latest/window/deltaTime/meta.json
2026-02-25 00:27:44,655 - Knowledge - INFO - done ingest for /app/data/newkinpogroup5515/55/b23195v/lu5-55/docs/v0.0.3/shapes/triangle/index.html
2026-02-25 00:27:44,661 - Knowledge - INFO - [LLM_CALL] Completed: index.html:chunk1, Duration: 1ms, PromptTokens: 5108, CompletionTokens: 59, Cost: $0.00053
2026-02-25 00:27:44,765 - Knowledge - INFO - process ingested knowledge for /app/data/newkinpogroup5515/55/b23195v/lu5-55/docs/v0.1.6/vector/Vector.copy/meta.json
2026-02-25 00:27:44,856 - Knowledge - INFO - Fast-tracked /app/data/newkinpogroup5515/55/b23195v/lu5-55/docs/latest/window/deltaTime/meta.json (ext=.json, size=520)
2026-02-25 00:27:45,056 - Knowledge - INFO - done ingest for /app/data/newkinpogroup5515/55/b23195v/lu5-55/docs/v0.1.6/image/Image.crop/index.html
2026-02-25 00:27:45,056 - Knowledge - INFO - Processing batch of 8 files
2026-02-25 00:27:45,149 - Knowledge - INFO - process ingested knowledge for /app/data/newkinpogroup5515/55/b23195v/lu5-55/docs/v0.1.6/vector/Vector.add/index.html
2026-02-25 00:27:45,218 - Knowledge - INFO - Worker kw14 processing /app/data/newkinpogroup5515/55/b23195v/lu5-55/docs/latest/window/index.html
2026-02-25 00:27:45,439 - Knowledge - INFO - process ingested knowledge for /app/data/newkinpogroup5515/55/b23195v/lu5-55/docs/v0.0.3/window/frameRate/meta.json
2026-02-25 00:27:45,565 - Knowledge - INFO - process ingested knowledge for /app/data/newkinpogroup5515/55/b23195v/lu5-55/docs/v0.1.6/vector/Vector.add/meta.json
2026-02-25 00:27:45,801 - Knowledge - INFO - process ingested knowledge for /app/data/newkinpogroup5515/55/b23195v/lu5-55/docs/v0.0.3/shapes/line/index.html
2026-02-25 00:27:45,892 - Knowledge - INFO - process ingested knowledge for /app/data/newkinpogroup5515/55/b23195v/lu5-55/docs/v0.1.6/vector/Vector.print/index.html
2026-02-25 00:27:46,006 - Knowledge - INFO - [LLM_CALL] Completed: index.html:chunk1, Duration: 319ms, PromptTokens: 4466, CompletionTokens: 59, Cost: $0.00047
2026-02-25 00:27:46,020 - Knowledge - INFO - process ingested knowledge for /app/data/newkinpogroup5515/55/b23195v/lu5-55/docs/v0.0.3/shapes/line/meta.json
2026-02-25 00:27:46,258 - Knowledge - INFO - done ingest for /app/data/newkinpogroup5515/55/b23195v/lu5-55/docs/v0.0.3/setting/noStroke/index.html
2026-02-25 00:27:46,405 - Knowledge - INFO - process ingested knowledge for /app/data/newkinpogroup5515/55/b23195v/lu5-55/docs/v0.0.3/shapes/circle/index.html
2026-02-25 00:27:46,678 - Knowledge - INFO - process ingested knowledge for /app/data/newkinpogroup5515/55/b23195v/lu5-55/docs/v0.0.3/shapes/circle/meta.json
2026-02-25 00:27:46,889 - Knowledge - INFO - process ingested knowledge for /app/data/newkinpogroup5515/55/b23195v/lu5-55/docs/v0.0.3/shapes/point/index.html
2026-02-25 00:27:47,015 - Knowledge - INFO - Async storage completed for 8 embeddings
2026-02-25 00:27:47,031 - Knowledge - INFO - [kw11] Queue=451, InProgress=0, PendingWorkers=20/20, Completed=876/1455 (60.2%)
2026-02-25 00:27:47,059 - Knowledge - INFO - process ingested knowledge for /app/data/newkinpogroup5515/55/b23195v/lu5-55/docs/v0.0.3/shapes/point/meta.json
2026-02-25 00:27:47,209 - Knowledge - INFO - done ingest for /app/data/newkinpogroup5515/55/b23195v/lu5-55/docs/v0.1.6/image/loadImage/index.html
2026-02-25 00:27:47,389 - Knowledge - INFO - Batch sizing: calculated=6, max_allowed=10, queue=451, active_workers=20/20
2026-02-25 00:27:47,523 - Knowledge - INFO - process ingested knowledge for /app/data/newkinpogroup5515/55/b23195v/lu5-55/docs/v0.0.3/shapes/triangle/index.html
2026-02-25 00:27:47,705 - Knowledge - INFO - Async storing batch of 8 embeddings
2026-02-25 00:27:47,924 - Knowledge - INFO - Worker kw11 processing /app/data/newkinpogroup5515/55/b23195v/lu5-55/docs/latest/window/frameRate/index.html
2026-02-25 00:27:48,138 - Knowledge - INFO - Worker kw11 processing /app/data/newkinpogroup5515/55/b23195v/lu5-55/docs/latest/window/frameRate/meta.json
2026-02-25 00:27:48,292 - Knowledge - INFO - done ingest for /app/data/newkinpogroup5515/55/b23195v/lu5-55/docs/v0.0.3/setting/index.html
2026-02-25 00:27:48,367 - Knowledge - INFO - Fast-tracked /app/data/newkinpogroup5515/55/b23195v/lu5-55/docs/latest/window/frameRate/meta.json (ext=.json, size=562)
2026-02-25 00:27:48,613 - Knowledge - INFO - Worker kw11 processing /app/data/newkinpogroup5515/55/b23195v/lu5-55/docs/latest/models/loadModel/index.html
2026-02-25 00:27:48,796 - Knowledge - INFO - [kw5] Queue=445, InProgress=0, PendingWorkers=20/20, Completed=876/1455 (60.2%)
2026-02-25 00:27:48,815 - Knowledge - INFO - Worker kw11 processing /app/data/newkinpogroup5515/55/b23195v/lu5-55/docs/latest/models/loadModel/meta.json
2026-02-25 00:27:48,967 - Knowledge - INFO - Batch sizing: calculated=6, max_allowed=10, queue=445, active_workers=20/20
2026-02-25 00:27:49,081 - Knowledge - INFO - Fast-tracked /app/data/newkinpogroup5515/55/b23195v/lu5-55/docs/latest/models/loadModel/meta.json (ext=.json, size=248)
2026-02-25 00:27:49,266 - Knowledge - INFO - [LLM_CALL] Completed: index.html:chunk1, Duration: 958ms, PromptTokens: 4940, CompletionTokens: 59, Cost: $0.00052
2026-02-25 00:27:49,361 - Knowledge - INFO - Worker kw11 processing /app/data/newkinpogroup5515/55/b23195v/lu5-55/docs/latest/models/model/index.html
2026-02-25 00:27:49,441 - Knowledge - INFO - done ingest for /app/data/newkinpogroup5515/55/b23195v/lu5-55/docs/v0.1.6/typography/textFont/index.html
2026-02-25 00:27:49,444 - Knowledge - INFO - Async storing batch of 8 embeddings
2026-02-25 00:27:49,542 - Knowledge - INFO - done ingest for /app/data/newkinpogroup5515/55/b23195v/lu5-55/docs/v0.1.6/image/index.html
2026-02-25 00:27:49,550 - Knowledge - INFO - Worker kw11 processing /app/data/newkinpogroup5515/55/b23195v/lu5-55/docs/latest/models/model/meta.json
2026-02-25 00:27:49,736 - Knowledge - INFO - Worker kw5 processing /app/data/newkinpogroup5515/55/b23195v/lu5-55/docs/latest/models/index.html
2026-02-25 00:27:49,842 - Knowledge - INFO - Processing batch of 8 files
2026-02-25 00:27:49,929 - Knowledge - INFO - Fast-tracked /app/data/newkinpogroup5515/55/b23195v/lu5-55/docs/latest/models/model/meta.json (ext=.json, size=243)
2026-02-25 00:27:50,026 - Knowledge - INFO - Worker kw5 processing /app/data/newkinpogroup5515/55/b23195v/lu5-55/docs/latest/shapes/line/index.html
2026-02-25 00:27:50,133 - Knowledge - INFO - process ingested knowledge for /app/data/newkinpogroup5515/55/b23195v/lu5-55/docs/v0.1.6/image/Image.crop/index.html
2026-02-25 00:27:50,385 - Knowledge - INFO - Worker kw5 processing /app/data/newkinpogroup5515/55/b23195v/lu5-55/docs/latest/shapes/line/meta.json
2026-02-25 00:27:50,391 - Knowledge - INFO - [LLM_CALL] Completed: index.html:chunk1, Duration: 150ms, PromptTokens: 4778, CompletionTokens: 59, Cost: $0.00050
2026-02-25 00:27:50,470 - Knowledge - INFO - process ingested knowledge for /app/data/newkinpogroup5515/55/b23195v/lu5-55/docs/v0.1.6/image/Image.crop/meta.json
2026-02-25 00:27:50,483 - Knowledge - INFO - Async storage completed for 8 embeddings
2026-02-25 00:27:50,611 - Knowledge - INFO - Fast-tracked /app/data/newkinpogroup5515/55/b23195v/lu5-55/docs/latest/shapes/line/meta.json (ext=.json, size=473)
2026-02-25 00:27:50,709 - Knowledge - INFO - done ingest for /app/data/newkinpogroup5515/55/b23195v/lu5-55/docs/v0.0.3/setting/fill/index.html
2026-02-25 00:27:50,827 - Knowledge - INFO - process ingested knowledge for /app/data/newkinpogroup5515/55/b23195v/lu5-55/docs/v0.1.6/image/image/index.html
2026-02-25 00:27:50,941 - Knowledge - INFO - Async storage completed for 8 embeddings
2026-02-25 00:27:51,039 - Knowledge - INFO - Worker kw5 processing /app/data/newkinpogroup5515/55/b23195v/lu5-55/docs/latest/shapes/endShape/index.html
2026-02-25 00:27:51,129 - Knowledge - INFO - Processing batch of 6 files
2026-02-25 00:27:51,211 - Knowledge - INFO - process ingested knowledge for /app/data/newkinpogroup5515/55/b23195v/lu5-55/docs/v0.1.6/image/image/meta.json
2026-02-25 00:27:51,260 - Knowledge - INFO - Async storage completed for 8 embeddings
2026-02-25 00:27:51,456 - Knowledge - INFO - Worker kw5 processing /app/data/newkinpogroup5515/55/b23195v/lu5-55/docs/latest/shapes/endShape/meta.json
2026-02-25 00:27:51,570 - Knowledge - INFO - process ingested knowledge for /app/data/newkinpogroup5515/55/b23195v/lu5-55/docs/v0.0.3/setting/textFont/meta.json
2026-02-25 00:27:51,576 - Knowledge - INFO - [LLM_CALL] Completed: index.html:chunk1, Duration: 408ms, PromptTokens: 6018, CompletionTokens: 59, Cost: $0.00063
2026-02-25 00:27:51,650 - Knowledge - INFO - Async storage completed for 8 embeddings
2026-02-25 00:27:51,697 - Knowledge - INFO - process ingested knowledge for /app/data/newkinpogroup5515/55/b23195v/lu5-55/docs/v0.1.6/image/loadImage/index.html
2026-02-25 00:27:51,902 - Knowledge - INFO - Fast-tracked /app/data/newkinpogroup5515/55/b23195v/lu5-55/docs/latest/shapes/endShape/meta.json (ext=.json, size=277)
2026-02-25 00:27:51,994 - Knowledge - INFO - process ingested knowledge for /app/data/newkinpogroup5515/55/b23195v/lu5-55/docs/v0.0.3/setting/noStroke/index.html
2026-02-25 00:27:52,098 - Knowledge - INFO - done ingest for /app/data/newkinpogroup5515/55/b23195v/lu5-55/docs/v0.1.6/shapes3D/index.html
2026-02-25 00:27:52,329 - Knowledge - INFO - process ingested knowledge for /app/data/newkinpogroup5515/55/b23195v/lu5-55/docs/v0.1.6/image/loadImage/meta.json
2026-02-25 00:27:52,459 - Knowledge - INFO - Worker kw5 processing /app/data/newkinpogroup5515/55/b23195v/lu5-55/docs/latest/shapes/circle/index.html
2026-02-25 00:27:52,582 - Knowledge - INFO - process ingested knowledge for /app/data/newkinpogroup5515/55/b23195v/lu5-55/docs/v0.0.3/setting/noStroke/meta.json
2026-02-25 00:27:52,796 - Knowledge - INFO - process ingested knowledge for /app/data/newkinpogroup5515/55/b23195v/lu5-55/docs/v0.1.6/image/index.html
2026-02-25 00:27:52,972 - Knowledge - INFO - process ingested knowledge for /app/data/newkinpogroup5515/55/b23195v/lu5-55/docs/v0.0.3/setting/index.html
2026-02-25 00:27:53,049 - Knowledge - INFO - process ingested knowledge for /app/data/newkinpogroup5515/55/b23195v/lu5-55/docs/v0.1.6/vector/Vector.dot/index.html
2026-02-25 00:27:53,190 - Knowledge - INFO - process ingested knowledge for /app/data/newkinpogroup5515/55/b23195v/lu5-55/docs/v0.0.3/setting/fill/index.html
2026-02-25 00:27:53,195 - Knowledge - INFO - [LLM_CALL] Completed: index.html:chunk1, Duration: 301ms, PromptTokens: 4562, CompletionTokens: 59, Cost: $0.00048
2026-02-25 00:27:53,482 - Knowledge - INFO - process ingested knowledge for /app/data/newkinpogroup5515/55/b23195v/lu5-55/docs/v0.0.3/setting/fill/meta.json
2026-02-25 00:27:53,565 - Knowledge - INFO - done ingest for /app/data/newkinpogroup5515/55/b23195v/lu5-55/docs/v0.0.3/math/sin/index.html
2026-02-25 00:27:53,612 - Knowledge - INFO - done ingest for /app/data/newkinpogroup5515/55/b23195v/lu5-55/docs/v0.0.3/shapes/ellipse/index.html
2026-02-25 00:27:54,430 - Knowledge - INFO - [WEBSOCKET] Sent: Type=progress_update, Size: 294, Duration: 0ms
2026-02-25 00:27:54,642 - Knowledge - INFO - [LLM_CALL] Completed: index.html:chunk1, Duration: 625ms, PromptTokens: 4990, CompletionTokens: 59, Cost: $0.00052
2026-02-25 00:27:54,845 - Knowledge - INFO - done ingest for /app/data/newkinpogroup5515/55/b23195v/lu5-55/docs/v0.1.6/typography/textSize/index.html
2026-02-25 00:27:54,846 - Knowledge - INFO - [WEBSOCKET] Sent: Type=unknown, Size: ?, Duration: 417ms
2026-02-25 00:27:55,085 - Knowledge - INFO - Progress: 61.2% | Files: 890/1455 | Rate: 1.56 files/sec | Queue: 439
2026-02-25 00:27:55,086 - Knowledge - INFO - done ingest for /app/data/newkinpogroup5515/55/b23195v/lu5-55/docs/v0.0.3/shapes/index.html
2026-02-25 00:27:55,087 - Knowledge - INFO - [kw8] Queue=439, InProgress=0, PendingWorkers=20/20, Completed=890/1455 (61.2%)
2026-02-25 00:27:55,285 - Knowledge - INFO - [kw10] Queue=439, InProgress=0, PendingWorkers=20/20, Completed=890/1455 (61.2%)
2026-02-25 00:27:55,503 - Knowledge - INFO - done ingest for /app/data/newkinpogroup5515/55/b23195v/lu5-55/docs/v0.0.3/shapes/quad/index.html
2026-02-25 00:27:55,611 - Knowledge - INFO - Batch sizing: calculated=6, max_allowed=10, queue=439, active_workers=20/20
2026-02-25 00:27:55,693 - Knowledge - INFO - Batch sizing: calculated=6, max_allowed=10, queue=439, active_workers=20/20
2026-02-25 00:27:55,850 - Knowledge - INFO - done ingest for /app/data/newkinpogroup5515/55/b23195v/lu5-55/docs/v0.0.3/math/tan/index.html
2026-02-25 00:27:55,969 - Knowledge - INFO - Async storing batch of 6 embeddings
2026-02-25 00:27:55,973 - Knowledge - INFO - done ingest for /app/data/newkinpogroup5515/55/b23195v/lu5-55/docs/v0.0.3/window/index.html
2026-02-25 00:27:56,096 - Knowledge - INFO - done ingest for /app/data/newkinpogroup5515/55/b23195v/lu5-55/docs/v0.0.3/shapes/rect/index.html
2026-02-25 00:27:56,106 - Knowledge - INFO - Async storing batch of 8 embeddings
2026-02-25 00:27:56,284 - Knowledge - INFO - Worker kw8 processing /app/data/newkinpogroup5515/55/b23195v/lu5-55/docs/latest/shapes/circle/meta.json
2026-02-25 00:27:56,580 - Knowledge - INFO - Worker kw10 processing /app/data/newkinpogroup5515/55/b23195v/lu5-55/docs/latest/shapes/triangle/meta.json
2026-02-25 00:27:56,694 - Knowledge - INFO - Fast-tracked /app/data/newkinpogroup5515/55/b23195v/lu5-55/docs/latest/shapes/circle/meta.json (ext=.json, size=390)
2026-02-25 00:27:56,799 - Knowledge - INFO - Fast-tracked /app/data/newkinpogroup5515/55/b23195v/lu5-55/docs/latest/shapes/triangle/meta.json (ext=.json, size=217)
2026-02-25 00:27:56,888 - Knowledge - INFO - Worker kw8 processing /app/data/newkinpogroup5515/55/b23195v/lu5-55/docs/latest/shapes/point/index.html
2026-02-25 00:27:56,975 - Knowledge - INFO - Async storage completed for 8 embeddings
2026-02-25 00:27:56,989 - Knowledge - INFO - Worker kw10 processing /app/data/newkinpogroup5515/55/b23195v/lu5-55/docs/latest/shapes/arc/index.html
2026-02-25 00:27:57,143 - Knowledge - INFO - Worker kw8 processing /app/data/newkinpogroup5515/55/b23195v/lu5-55/docs/latest/shapes/point/meta.json
2026-02-25 00:27:57,315 - Knowledge - INFO - Worker kw10 processing /app/data/newkinpogroup5515/55/b23195v/lu5-55/docs/latest/shapes/arc/meta.json
2026-02-25 00:27:57,467 - Knowledge - INFO - Fast-tracked /app/data/newkinpogroup5515/55/b23195v/lu5-55/docs/latest/shapes/point/meta.json (ext=.json, size=210)
2026-02-25 00:27:57,602 - Knowledge - INFO - done ingest for /app/data/newkinpogroup5515/55/b23195v/lu5-55/docs/v0.0.3/shapes/image/index.html
2026-02-25 00:27:57,614 - Knowledge - INFO - Fast-tracked /app/data/newkinpogroup5515/55/b23195v/lu5-55/docs/latest/shapes/arc/meta.json (ext=.json, size=207)
2026-02-25 00:27:57,699 - Knowledge - INFO - Async storage completed for 8 embeddings
2026-02-25 00:27:57,731 - Knowledge - INFO - Worker kw8 processing /app/data/newkinpogroup5515/55/b23195v/lu5-55/docs/latest/shapes/beginShape/index.html
2026-02-25 00:27:57,911 - Knowledge - INFO - done ingest for /app/data/newkinpogroup5515/55/b23195v/lu5-55/docs/v0.0.3/math/ceil/index.html
2026-02-25 00:27:58,008 - Knowledge - INFO - Worker kw10 processing /app/data/newkinpogroup5515/55/b23195v/lu5-55/docs/latest/shapes/ellipse/index.html
2026-02-25 00:27:58,119 - Knowledge - WARNING - Timeout processing /app/data/newkinpogroup5515/55/b23195v/lu5-55/docs/v0.1.6/typography/text/index.html after 90s - using fallback metadata
2026-02-25 00:27:58,213 - Knowledge - INFO - Worker kw8 processing /app/data/newkinpogroup5515/55/b23195v/lu5-55/docs/latest/shapes/beginShape/meta.json
2026-02-25 00:27:58,429 - Knowledge - INFO - Worker kw10 processing /app/data/newkinpogroup5515/55/b23195v/lu5-55/docs/latest/shapes/ellipse/meta.json
2026-02-25 00:27:58,511 - Knowledge - WARNING - Timeout processing /app/data/newkinpogroup5515/55/b23195v/lu5-55/docs/v0.1.6/typography/index.html after 90s - using fallback metadata
2026-02-25 00:27:58,607 - Knowledge - INFO - done ingest for /app/data/newkinpogroup5515/55/b23195v/lu5-55/docs/v0.0.3/shapes/square/index.html
2026-02-25 00:27:58,709 - Knowledge - INFO - Fast-tracked /app/data/newkinpogroup5515/55/b23195v/lu5-55/docs/latest/shapes/beginShape/meta.json (ext=.json, size=612)
2026-02-25 00:27:58,850 - Knowledge - INFO - Fast-tracked /app/data/newkinpogroup5515/55/b23195v/lu5-55/docs/latest/shapes/ellipse/meta.json (ext=.json, size=221)
2026-02-25 00:27:58,858 - Knowledge - INFO - done ingest for /app/data/newkinpogroup5515/55/b23195v/lu5-55/docs/v0.1.6/index.html
2026-02-25 00:27:58,890 - Knowledge - WARNING - Timeout processing /app/data/newkinpogroup5515/55/b23195v/lu5-55/docs/v0.1.6/typography/loadFont/index.html after 90s - using fallback metadata
2026-02-25 00:27:59,050 - Knowledge - INFO - Worker kw8 processing /app/data/newkinpogroup5515/55/b23195v/lu5-55/docs/latest/shapes/triangle/index.html
2026-02-25 00:27:59,067 - Knowledge - INFO - Async storage completed for 8 embeddings
2026-02-25 00:27:59,122 - Knowledge - INFO - Worker kw10 processing /app/data/newkinpogroup5515/55/b23195v/lu5-55/docs/latest/shapes/vertex/index.html
2026-02-25 00:27:59,542 - Knowledge - INFO - [LLM_CALL] Completed: index.html:chunk1, Duration: 155ms, PromptTokens: 5374, CompletionTokens: 59, Cost: $0.00056
2026-02-25 00:27:59,551 - Knowledge - WARNING - Timeout processing /app/data/newkinpogroup5515/55/b23195v/lu5-55/docs/v0.0.3/io/print/index.html after 90s - using fallback metadata
2026-02-25 00:27:59,908 - Knowledge - INFO - done ingest for /app/data/newkinpogroup5515/55/b23195v/lu5-55/docs/v0.0.3/keyboard/index.html
2026-02-25 00:27:59,913 - Knowledge - INFO - done ingest for /app/data/newkinpogroup5515/55/b23195v/lu5-55/docs/v0.0.3/shapes/text/index.html
2026-02-25 00:27:59,913 - Knowledge - INFO - [LLM_CALL] Completed: index.html:chunk1, Duration: 0ms, PromptTokens: 4686, CompletionTokens: 59, Cost: $0.00049
2026-02-25 00:28:00,357 - Knowledge - INFO - done ingest for /app/data/newkinpogroup5515/55/b23195v/lu5-55/docs/v0.0.3/window/createWindow/index.html
2026-02-25 00:28:00,357 - Knowledge - INFO - done ingest for /app/data/newkinpogroup5515/55/b23195v/lu5-55/docs/v0.0.3/math/cos/index.html
2026-02-25 00:28:00,359 - Knowledge - INFO - Processing batch of 8 files
2026-02-25 00:28:00,670 - Knowledge - INFO - Processing batch of 8 files
2026-02-25 00:28:00,794 - Knowledge - INFO - process ingested knowledge for /app/data/newkinpogroup5515/55/b23195v/lu5-55/docs/v0.0.3/shapes/square/meta.json
2026-02-25 00:28:00,812 - Knowledge - INFO - done ingest for /app/data/newkinpogroup5515/55/b23195v/lu5-55/docs/v0.0.3/shapes/arc/index.html
2026-02-25 00:28:00,923 - Knowledge - INFO - process ingested knowledge for /app/data/newkinpogroup5515/55/b23195v/lu5-55/docs/v0.0.3/math/floor/meta.json
2026-02-25 00:28:01,089 - Knowledge - INFO - process ingested knowledge for /app/data/newkinpogroup5515/55/b23195v/lu5-55/docs/v0.0.3/shapes/text/index.html
2026-02-25 00:28:01,108 - Knowledge - INFO - done ingest for /app/data/newkinpogroup5515/55/b23195v/lu5-55/docs/v0.1.6/shapes3D/sphere/index.html
2026-02-25 00:28:01,206 - Knowledge - INFO - Async storage completed for 8 embeddings
2026-02-25 00:28:01,225 - Knowledge - INFO - Processing batch of 8 files
2026-02-25 00:28:01,334 - Knowledge - INFO - process ingested knowledge for /app/data/newkinpogroup5515/55/b23195v/lu5-55/docs/v0.0.3/math/sin/index.html
2026-02-25 00:28:01,410 - Knowledge - INFO - Async storage completed for 8 embeddings
2026-02-25 00:28:01,457 - Knowledge - INFO - process ingested knowledge for /app/data/newkinpogroup5515/55/b23195v/lu5-55/docs/v0.0.3/shapes/text/meta.json
2026-02-25 00:28:01,589 - Knowledge - INFO - done ingest for /app/data/newkinpogroup5515/55/b23195v/lu5-55/docs/v0.0.3/setting/textSize/index.html
2026-02-25 00:28:01,609 - Knowledge - INFO - Processing batch of 8 files
2026-02-25 00:28:01,914 - Knowledge - INFO - process ingested knowledge for /app/data/newkinpogroup5515/55/b23195v/lu5-55/docs/v0.0.3/shapes/triangle/meta.json
2026-02-25 00:28:01,932 - Knowledge - INFO - done ingest for /app/data/newkinpogroup5515/55/b23195v/lu5-55/docs/v0.0.3/io/index.html
2026-02-25 00:28:01,995 - Knowledge - INFO - process ingested knowledge for /app/data/newkinpogroup5515/55/b23195v/lu5-55/docs/v0.0.3/math/sin/meta.json
2026-02-25 00:28:02,138 - Knowledge - INFO - done ingest for /app/data/newkinpogroup5515/55/b23195v/lu5-55/docs/v0.0.3/keyboard/isKeyDown/index.html
2026-02-25 00:28:02,240 - Knowledge - INFO - process ingested knowledge for /app/data/newkinpogroup5515/55/b23195v/lu5-55/docs/v0.0.3/shapes/image/index.html
2026-02-25 00:28:02,480 - Knowledge - INFO - process ingested knowledge for /app/data/newkinpogroup5515/55/b23195v/lu5-55/docs/v0.1.6/shapes3D/index.html
2026-02-25 00:28:02,585 - Knowledge - INFO - [LLM_CALL] Completed: index.html:chunk1, Duration: 411ms, PromptTokens: 4708, CompletionTokens: 59, Cost: $0.00049
2026-02-25 00:28:02,615 - Knowledge - INFO - process ingested knowledge for /app/data/newkinpogroup5515/55/b23195v/lu5-55/docs/v0.0.3/shapes/arc/index.html
2026-02-25 00:28:02,810 - Knowledge - INFO - process ingested knowledge for /app/data/newkinpogroup5515/55/b23195v/lu5-55/docs/v0.0.3/math/cos/index.html
2026-02-25 00:28:02,969 - Knowledge - INFO - process ingested knowledge for /app/data/newkinpogroup5515/55/b23195v/lu5-55/docs/v0.0.3/shapes/image/meta.json
2026-02-25 00:28:03,051 - Knowledge - INFO - process ingested knowledge for /app/data/newkinpogroup5515/55/b23195v/lu5-55/docs/v0.1.6/shapes3D/sphere/index.html
2026-02-25 00:28:03,141 - Knowledge - INFO - done ingest for /app/data/newkinpogroup5515/55/b23195v/lu5-55/docs/v0.0.3/window/frameRate/index.html
2026-02-25 00:28:03,141 - Knowledge - INFO - Processing batch of 8 files
2026-02-25 00:28:03,217 - Knowledge - INFO - process ingested knowledge for /app/data/newkinpogroup5515/55/b23195v/lu5-55/docs/v0.0.3/shapes/arc/meta.json
2026-02-25 00:28:03,314 - Knowledge - INFO - process ingested knowledge for /app/data/newkinpogroup5515/55/b23195v/lu5-55/docs/v0.0.3/math/cos/meta.json
2026-02-25 00:28:03,415 - Knowledge - INFO - process ingested knowledge for /app/data/newkinpogroup5515/55/b23195v/lu5-55/docs/v0.0.3/shapes/quad/index.html
2026-02-25 00:28:03,504 - Knowledge - INFO - process ingested knowledge for /app/data/newkinpogroup5515/55/b23195v/lu5-55/docs/v0.1.6/shapes3D/sphere/meta.json
2026-02-25 00:28:03,699 - Knowledge - INFO - process ingested knowledge for /app/data/newkinpogroup5515/55/b23195v/lu5-55/docs/v0.1.6/typography/text/index.html
2026-02-25 00:28:03,788 - Knowledge - INFO - process ingested knowledge for /app/data/newkinpogroup5515/55/b23195v/lu5-55/docs/v0.0.3/shapes/ellipse/index.html
2026-02-25 00:28:03,898 - Knowledge - INFO - process ingested knowledge for /app/data/newkinpogroup5515/55/b23195v/lu5-55/docs/v0.0.3/math/ceil/index.html
2026-02-25 00:28:03,976 - Knowledge - INFO - process ingested knowledge for /app/data/newkinpogroup5515/55/b23195v/lu5-55/docs/v0.0.3/shapes/quad/meta.json
2026-02-25 00:28:04,091 - Knowledge - INFO - process ingested knowledge for /app/data/newkinpogroup5515/55/b23195v/lu5-55/docs/v0.1.6/index.html
2026-02-25 00:28:04,119 - Knowledge - INFO - [LLM_CALL] Completed: index.html:chunk1, Duration: 935ms, PromptTokens: 4512, CompletionTokens: 59, Cost: $0.00047
2026-02-25 00:28:04,232 - Knowledge - INFO - process ingested knowledge for /app/data/newkinpogroup5515/55/b23195v/lu5-55/docs/v0.1.6/typography/text/meta.json
2026-02-25 00:28:04,354 - Knowledge - INFO - process ingested knowledge for /app/data/newkinpogroup5515/55/b23195v/lu5-55/docs/v0.0.3/shapes/ellipse/meta.json
2026-02-25 00:28:04,464 - Knowledge - INFO - process ingested knowledge for /app/data/newkinpogroup5515/55/b23195v/lu5-55/docs/v0.0.3/math/ceil/meta.json
2026-02-25 00:28:04,561 - Knowledge - INFO - process ingested knowledge for /app/data/newkinpogroup5515/55/b23195v/lu5-55/docs/v0.0.3/shapes/index.html
2026-02-25 00:28:04,668 - Knowledge - INFO - process ingested knowledge for /app/data/newkinpogroup5515/55/b23195v/lu5-55/docs/v0.1.6/typography/textSize/index.html
2026-02-25 00:28:04,751 - Knowledge - INFO - done ingest for /app/data/newkinpogroup5515/55/b23195v/lu5-55/docs/v0.0.3/keyboard/keyPressed/index.html
2026-02-25 00:28:04,790 - Knowledge - INFO - done ingest for /app/data/newkinpogroup5515/55/b23195v/lu5-55/docs/v0.0.3/mouse/mouseY/index.html
2026-02-25 00:28:04,859 - Knowledge - INFO - process ingested knowledge for /app/data/newkinpogroup5515/55/b23195v/lu5-55/docs/v0.1.6/typography/index.html
2026-02-25 00:28:05,007 - Knowledge - INFO - process ingested knowledge for /app/data/newkinpogroup5515/55/b23195v/lu5-55/docs/v0.0.3/shapes/rect/index.html
2026-02-25 00:28:05,362 - Knowledge - INFO - done ingest for /app/data/newkinpogroup5515/55/b23195v/lu5-55/docs/v0.0.3/setting/stroke/index.html
2026-02-25 00:28:05,468 - Knowledge - INFO - process ingested knowledge for /app/data/newkinpogroup5515/55/b23195v/lu5-55/docs/v0.0.3/math/tan/index.html
2026-02-25 00:28:05,470 - Knowledge - INFO - done ingest for /app/data/newkinpogroup5515/55/b23195v/lu5-55/docs/v0.0.3/window/background/index.html
2026-02-25 00:28:05,548 - Knowledge - INFO - Async storage completed for 8 embeddings
2026-02-25 00:28:05,688 - Knowledge - INFO - process ingested knowledge for /app/data/newkinpogroup5515/55/b23195v/lu5-55/docs/v0.1.6/typography/textSize/meta.json
2026-02-25 00:28:05,826 - Knowledge - INFO - Processing batch of 6 files
2026-02-25 00:28:05,949 - Knowledge - INFO - done ingest for /app/data/newkinpogroup5515/55/b23195v/lu5-55/docs/v0.0.3/mouse/mouseX/index.html
2026-02-25 00:28:06,054 - Knowledge - INFO - process ingested knowledge for /app/data/newkinpogroup5515/55/b23195v/lu5-55/docs/v0.1.6/typography/loadFont/index.html
2026-02-25 00:28:06,088 - Knowledge - INFO - process ingested knowledge for /app/data/newkinpogroup5515/55/b23195v/lu5-55/docs/v0.0.3/shapes/rect/meta.json
2026-02-25 00:28:06,252 - Knowledge - INFO - done ingest for /app/data/newkinpogroup5515/55/b23195v/lu5-55/docs/v0.0.3/keyboard/keyReleased/index.html
2026-02-25 00:28:06,498 - Knowledge - WARNING - Timeout processing /app/data/newkinpogroup5515/55/b23195v/lu5-55/docs/v0.0.3/loaders/loadImage/index.html after 90s - using fallback metadata
2026-02-25 00:28:06,681 - Knowledge - INFO - process ingested knowledge for /app/data/newkinpogroup5515/55/b23195v/lu5-55/docs/v0.1.6/typography/textFont/index.html
2026-02-25 00:28:06,713 - Knowledge - INFO - process ingested knowledge for /app/data/newkinpogroup5515/55/b23195v/lu5-55/docs/v0.0.3/keyboard/isKeyDown/index.html
2026-02-25 00:28:06,958 - Knowledge - INFO - process ingested knowledge for /app/data/newkinpogroup5515/55/b23195v/lu5-55/docs/v0.1.6/typography/loadFont/meta.json
2026-02-25 00:28:06,959 - Knowledge - INFO - [WEBSOCKET] Sent: Type=progress_update, Size: 291, Duration: 0ms
2026-02-25 00:28:07,049 - Knowledge - INFO - process ingested knowledge for /app/data/newkinpogroup5515/55/b23195v/lu5-55/docs/v0.0.3/shapes/square/index.html
2026-02-25 00:28:07,414 - Knowledge - INFO - process ingested knowledge for /app/data/newkinpogroup5515/55/b23195v/lu5-55/docs/v0.1.6/typography/textFont/meta.json
2026-02-25 00:28:07,498 - Knowledge - INFO - process ingested knowledge for /app/data/newkinpogroup5515/55/b23195v/lu5-55/docs/v0.0.3/keyboard/isKeyDown/meta.json
2026-02-25 00:28:07,639 - Knowledge - INFO - process ingested knowledge for /app/data/newkinpogroup5515/55/b23195v/lu5-55/docs/v0.0.3/io/print/index.html
2026-02-25 00:28:07,728 - Knowledge - INFO - done ingest for /app/data/newkinpogroup5515/55/b23195v/lu5-55/docs/v0.0.3/setting/pop/index.html
2026-02-25 00:28:07,729 - Knowledge - INFO - done ingest for /app/data/newkinpogroup5515/55/b23195v/lu5-55/docs/v0.0.3/setting/noFill/index.html
2026-02-25 00:28:07,730 - Knowledge - INFO - done ingest for /app/data/newkinpogroup5515/55/b23195v/lu5-55/docs/v0.0.3/window/deltaTime/index.html
2026-02-25 00:28:07,730 - Knowledge - INFO - [WEBSOCKET] Sent: Type=unknown, Size: ?, Duration: 771ms
2026-02-25 00:28:08,171 - Knowledge - INFO - process ingested knowledge for /app/data/newkinpogroup5515/55/b23195v/lu5-55/docs/v0.0.3/keyboard/index.html
2026-02-25 00:28:08,336 - Knowledge - INFO - process ingested knowledge for /app/data/newkinpogroup5515/55/b23195v/lu5-55/docs/v0.0.3/io/print/meta.json
2026-02-25 00:28:08,573 - Knowledge - INFO - Async storage completed for 8 embeddings
2026-02-25 00:28:08,597 - Knowledge - INFO - Progress: 64.3% | Files: 938/1455 | Rate: 1.61 files/sec | Queue: 427
2026-02-25 00:28:08,597 - Knowledge - INFO - [LLM_CALL] Completed: index.html:chunk1, Duration: 0ms, PromptTokens: 4774, CompletionTokens: 59, Cost: $0.00050
2026-02-25 00:28:08,751 - Knowledge - INFO - [kw4] Queue=427, InProgress=0, PendingWorkers=20/20, Completed=939/1455 (64.5%)
2026-02-25 00:28:08,849 - Knowledge - INFO - process ingested knowledge for /app/data/newkinpogroup5515/55/b23195v/lu5-55/docs/v0.0.3/keyboard/keyPressed/index.html
2026-02-25 00:28:08,849 - Knowledge - INFO - process ingested knowledge for /app/data/newkinpogroup5515/55/b23195v/lu5-55/docs/v0.0.3/io/index.html
2026-02-25 00:28:09,089 - Knowledge - INFO - [kw18] Queue=427, InProgress=0, PendingWorkers=20/20, Completed=944/1455 (64.9%)
2026-02-25 00:28:09,171 - Knowledge - INFO - done ingest for /app/data/newkinpogroup5515/55/b23195v/lu5-55/docs/v0.0.3/mouse/mouseReleased/index.html
2026-02-25 00:28:09,172 - Knowledge - INFO - Processing batch of 8 files
2026-02-25 00:28:09,292 - Knowledge - INFO - Batch sizing: calculated=6, max_allowed=10, queue=427, active_workers=20/20
2026-02-25 00:28:09,401 - Knowledge - INFO - [kw3] Queue=427, InProgress=0, PendingWorkers=20/20, Completed=944/1455 (64.9%)
2026-02-25 00:28:09,417 - Knowledge - INFO - process ingested knowledge for /app/data/newkinpogroup5515/55/b23195v/lu5-55/docs/v0.0.3/keyboard/keyPressed/meta.json
2026-02-25 00:28:09,440 - Knowledge - INFO - [kw2] Queue=427, InProgress=0, PendingWorkers=20/20, Completed=944/1455 (64.9%)
2026-02-25 00:28:09,552 - Knowledge - INFO - done ingest for /app/data/newkinpogroup5515/55/b23195v/lu5-55/docs/v0.0.3/setting/textFont/index.html
2026-02-25 00:28:09,638 - Knowledge - INFO - Batch sizing: calculated=6, max_allowed=10, queue=427, active_workers=20/20
2026-02-25 00:28:09,772 - Knowledge - INFO - Processing batch of 6 files
2026-02-25 00:28:09,886 - Knowledge - INFO - process ingested knowledge for /app/data/newkinpogroup5515/55/b23195v/lu5-55/docs/v0.0.3/window/background/index.html
2026-02-25 00:28:09,923 - Knowledge - INFO - done ingest for /app/data/newkinpogroup5515/55/b23195v/lu5-55/docs/v0.0.3/math/round/index.html
2026-02-25 00:28:09,980 - Knowledge - INFO - Async storing batch of 8 embeddings
2026-02-25 00:28:10,092 - Knowledge - INFO - Batch sizing: calculated=6, max_allowed=10, queue=427, active_workers=20/20
2026-02-25 00:28:10,224 - Knowledge - INFO - process ingested knowledge for /app/data/newkinpogroup5515/55/b23195v/lu5-55/docs/v0.0.3/modules.json
2026-02-25 00:28:10,335 - Knowledge - INFO - Batch sizing: calculated=6, max_allowed=10, queue=427, active_workers=20/20
2026-02-25 00:28:10,519 - Knowledge - INFO - done ingest for /app/data/newkinpogroup5515/55/b23195v/lu5-55/docs/v0.0.3/keyboard/keyHeld/index.html
2026-02-25 00:28:10,629 - Knowledge - INFO - done ingest for /app/data/newkinpogroup5515/55/b23195v/lu5-55/docs/v0.0.3/setting/push/index.html
2026-02-25 00:28:10,635 - Knowledge - INFO - Async storing batch of 8 embeddings
2026-02-25 00:28:10,635 - Knowledge - INFO - Processing batch of 8 files
2026-02-25 00:28:10,708 - Knowledge - INFO - process ingested knowledge for /app/data/newkinpogroup5515/55/b23195v/lu5-55/docs/v0.0.3/mouse/mouseY/index.html
2026-02-25 00:28:10,803 - Knowledge - INFO - [kw19] Queue=415, InProgress=0, PendingWorkers=20/20, Completed=958/1455 (65.8%)
2026-02-25 00:28:10,810 - Knowledge - INFO - process ingested knowledge for /app/data/newkinpogroup5515/55/b23195v/lu5-55/docs/v0.0.3/window/background/meta.json
2026-02-25 00:28:10,898 - Knowledge - WARNING - Timeout processing /app/data/newkinpogroup5515/55/b23195v/lu5-55/docs/v0.0.3/loaders/index.html after 90s - using fallback metadata
2026-02-25 00:28:11,000 - Knowledge - INFO - Worker kw4 processing /app/data/newkinpogroup5515/55/b23195v/lu5-55/docs/latest/shapes/vertex/meta.json
2026-02-25 00:28:11,104 - Knowledge - INFO - Async storing batch of 8 embeddings
2026-02-25 00:28:11,326 - Knowledge - INFO - Async storing batch of 8 embeddings
2026-02-25 00:28:11,460 - Knowledge - INFO - Processing batch of 6 files
2026-02-25 00:28:11,603 - Knowledge - INFO - Worker kw18 processing /app/data/newkinpogroup5515/55/b23195v/lu5-55/docs/latest/shapes/quad/meta.json
2026-02-25 00:28:11,733 - Knowledge - INFO - process ingested knowledge for /app/data/newkinpogroup5515/55/b23195v/lu5-55/docs/v0.0.3/setting/push/meta.json
2026-02-25 00:28:11,892 - Knowledge - INFO - process ingested knowledge for /app/data/newkinpogroup5515/55/b23195v/lu5-55/docs/v0.0.3/mouse/mouseY/meta.json
2026-02-25 00:28:11,926 - Knowledge - INFO - Batch sizing: calculated=6, max_allowed=10, queue=415, active_workers=20/20
2026-02-25 00:28:12,013 - Knowledge - INFO - process ingested knowledge for /app/data/newkinpogroup5515/55/b23195v/lu5-55/docs/v0.0.3/window/createWindow/index.html
2026-02-25 00:28:12,033 - Knowledge - INFO - [kw16] Queue=403, InProgress=0, PendingWorkers=20/20, Completed=964/1455 (66.3%)
2026-02-25 00:28:12,092 - Knowledge - WARNING - Timeout processing /app/data/newkinpogroup5515/55/b23195v/lu5-55/docs/v0.0.3/loaders/loadFont/index.html after 90s - using fallback metadata
2026-02-25 00:28:12,184 - Knowledge - INFO - Fast-tracked /app/data/newkinpogroup5515/55/b23195v/lu5-55/docs/latest/shapes/vertex/meta.json (ext=.json, size=373)
2026-02-25 00:28:12,284 - Knowledge - INFO - Worker kw3 processing /app/data/newkinpogroup5515/55/b23195v/lu5-55/docs/latest/transform/translate/index.html
2026-02-25 00:28:12,391 - Knowledge - INFO - Worker kw2 processing /app/data/newkinpogroup5515/55/b23195v/lu5-55/docs/latest/transform/rotateX/meta.json
2026-02-25 00:28:12,483 - Knowledge - INFO - process ingested knowledge for /app/data/newkinpogroup5515/55/b23195v/lu5-55/docs/v0.0.3/setting/pop/index.html
2026-02-25 00:28:12,585 - Knowledge - INFO - Fast-tracked /app/data/newkinpogroup5515/55/b23195v/lu5-55/docs/latest/shapes/quad/meta.json (ext=.json, size=723)
2026-02-25 00:28:12,692 - Knowledge - INFO - process ingested knowledge for /app/data/newkinpogroup5515/55/b23195v/lu5-55/docs/v0.0.3/setting/textSize/index.html
2026-02-25 00:28:12,786 - Knowledge - INFO - process ingested knowledge for /app/data/newkinpogroup5515/55/b23195v/lu5-55/docs/v0.0.3/mouse/mouseReleased/index.html
2026-02-25 00:28:12,911 - Knowledge - INFO - Async storing batch of 8 embeddings
2026-02-25 00:28:12,923 - Knowledge - INFO - Async storage completed for 8 embeddings
2026-02-25 00:28:13,016 - Knowledge - INFO - process ingested knowledge for /app/data/newkinpogroup5515/55/b23195v/lu5-55/docs/v0.0.3/window/createWindow/meta.json
2026-02-25 00:28:13,112 - Knowledge - INFO - Batch sizing: calculated=6, max_allowed=10, queue=403, active_workers=20/20
2026-02-25 00:28:13,240 - Knowledge - INFO - [LLM_CALL] Completed: index.html:chunk1, Duration: 1106ms, PromptTokens: 4548, CompletionTokens: 59, Cost: $0.00048
2026-02-25 00:28:13,329 - Knowledge - INFO - Worker kw4 processing /app/data/newkinpogroup5515/55/b23195v/lu5-55/docs/latest/shapes/rect/index.html
2026-02-25 00:28:13,441 - Knowledge - INFO - Worker kw3 processing /app/data/newkinpogroup5515/55/b23195v/lu5-55/docs/latest/transform/translate/meta.json
2026-02-25 00:28:13,541 - Knowledge - INFO - Fast-tracked /app/data/newkinpogroup5515/55/b23195v/lu5-55/docs/latest/transform/rotateX/meta.json (ext=.json, size=275)
2026-02-25 00:28:13,659 - Knowledge - INFO - process ingested knowledge for /app/data/newkinpogroup5515/55/b23195v/lu5-55/docs/v0.0.3/setting/pop/meta.json
2026-02-25 00:28:13,752 - Knowledge - INFO - Worker kw18 processing /app/data/newkinpogroup5515/55/b23195v/lu5-55/docs/latest/shapes/index.html
2026-02-25 00:28:13,842 - Knowledge - INFO - process ingested knowledge for /app/data/newkinpogroup5515/55/b23195v/lu5-55/docs/v0.0.3/setting/textSize/meta.json
2026-02-25 00:28:13,929 - Knowledge - INFO - process ingested knowledge for /app/data/newkinpogroup5515/55/b23195v/lu5-55/docs/v0.0.3/mouse/mouseReleased/meta.json
2026-02-25 00:28:14,027 - Knowledge - INFO - Worker kw19 processing /app/data/newkinpogroup5515/55/b23195v/lu5-55/docs/latest/math/min/meta.json
2026-02-25 00:28:14,220 - Knowledge - INFO - process ingested knowledge for /app/data/newkinpogroup5515/55/b23195v/lu5-55/docs/v0.0.3/window/deltaTime/index.html
2026-02-25 00:28:14,469 - Knowledge - INFO - done ingest for /app/data/newkinpogroup5515/55/b23195v/lu5-55/docs/v0.0.3/classes/index.html
2026-02-25 00:28:14,471 - Knowledge - INFO - [LLM_CALL] Completed: index.html:chunk1, Duration: 2ms, PromptTokens: 4732, CompletionTokens: 59, Cost: $0.00050
2026-02-25 00:28:14,561 - Knowledge - INFO - Worker kw4 processing /app/data/newkinpogroup5515/55/b23195v/lu5-55/docs/latest/shapes/rect/meta.json
2026-02-25 00:28:14,675 - Knowledge - INFO - Fast-tracked /app/data/newkinpogroup5515/55/b23195v/lu5-55/docs/latest/transform/translate/meta.json (ext=.json, size=382)
2026-02-25 00:28:14,780 - Knowledge - INFO - Worker kw2 processing /app/data/newkinpogroup5515/55/b23195v/lu5-55/docs/latest/transform/rotate/index.html
2026-02-25 00:28:14,886 - Knowledge - INFO - process ingested knowledge for /app/data/newkinpogroup5515/55/b23195v/lu5-55/docs/v0.0.3/keyboard/keyHeld/index.html
2026-02-25 00:28:14,993 - Knowledge - INFO - Worker kw18 processing /app/data/newkinpogroup5515/55/b23195v/lu5-55/docs/latest/transform/rotateY/index.html
2026-02-25 00:28:15,070 - Knowledge - INFO - process ingested knowledge for /app/data/newkinpogroup5515/55/b23195v/lu5-55/docs/v0.0.3/setting/stroke/index.html
2026-02-25 00:28:15,157 - Knowledge - INFO - process ingested knowledge for /app/data/newkinpogroup5515/55/b23195v/lu5-55/docs/v0.0.3/mouse/mouseX/index.html
2026-02-25 00:28:15,251 - Knowledge - INFO - Fast-tracked /app/data/newkinpogroup5515/55/b23195v/lu5-55/docs/latest/math/min/meta.json (ext=.json, size=530)
2026-02-25 00:28:15,317 - Knowledge - INFO - process ingested knowledge for /app/data/newkinpogroup5515/55/b23195v/lu5-55/docs/v0.0.3/window/deltaTime/meta.json
2026-02-25 00:28:15,512 - Knowledge - INFO - done ingest for /app/data/newkinpogroup5515/55/b23195v/lu5-55/docs/v0.0.3/math/floor/index.html
2026-02-25 00:28:15,513 - Knowledge - INFO - Async storing batch of 6 embeddings
2026-02-25 00:28:15,593 - Knowledge - INFO - Fast-tracked /app/data/newkinpogroup5515/55/b23195v/lu5-55/docs/latest/shapes/rect/meta.json (ext=.json, size=423)
2026-02-25 00:28:15,673 - Knowledge - INFO - Worker kw3 processing /app/data/newkinpogroup5515/55/b23195v/lu5-55/docs/latest/transform/rotateZ/index.html
2026-02-25 00:28:15,750 - Knowledge - INFO - Worker kw2 processing /app/data/newkinpogroup5515/55/b23195v/lu5-55/docs/latest/transform/rotate/meta.json
2026-02-25 00:28:15,837 - Knowledge - INFO - process ingested knowledge for /app/data/newkinpogroup5515/55/b23195v/lu5-55/docs/v0.0.3/keyboard/keyHeld/meta.json
2026-02-25 00:28:15,918 - Knowledge - INFO - Worker kw18 processing /app/data/newkinpogroup5515/55/b23195v/lu5-55/docs/latest/transform/rotateY/meta.json
2026-02-25 00:28:16,008 - Knowledge - INFO - process ingested knowledge for /app/data/newkinpogroup5515/55/b23195v/lu5-55/docs/v0.0.3/setting/stroke/meta.json
2026-02-25 00:28:16,086 - Knowledge - INFO - process ingested knowledge for /app/data/newkinpogroup5515/55/b23195v/lu5-55/docs/v0.0.3/mouse/mouseX/meta.json
2026-02-25 00:28:16,180 - Knowledge - INFO - Worker kw19 processing /app/data/newkinpogroup5515/55/b23195v/lu5-55/docs/latest/math/randomSeed/index.html
2026-02-25 00:28:16,388 - Knowledge - INFO - process ingested knowledge for /app/data/newkinpogroup5515/55/b23195v/lu5-55/docs/v0.0.3/window/index.html
2026-02-25 00:28:16,426 - Knowledge - INFO - done ingest for /app/data/newkinpogroup5515/55/b23195v/lu5-55/docs/v0.0.3/setting/strokeWeight/index.html
2026-02-25 00:28:16,445 - Knowledge - INFO - Processing batch of 8 files
2026-02-25 00:28:16,558 - Knowledge - INFO - Worker kw16 processing /app/data/newkinpogroup5515/55/b23195v/lu5-55/docs/latest/math/sin/meta.json
2026-02-25 00:28:16,647 - Knowledge - INFO - Worker kw4 processing /app/data/newkinpogroup5515/55/b23195v/lu5-55/docs/latest/shapes/square/index.html
2026-02-25 00:28:16,745 - Knowledge - INFO - Worker kw3 processing /app/data/newkinpogroup5515/55/b23195v/lu5-55/docs/latest/transform/rotateZ/meta.json
2026-02-25 00:28:16,857 - Knowledge - INFO - Fast-tracked /app/data/newkinpogroup5515/55/b23195v/lu5-55/docs/latest/transform/rotate/meta.json (ext=.json, size=263)
2026-02-25 00:28:16,959 - Knowledge - INFO - process ingested knowledge for /app/data/newkinpogroup5515/55/b23195v/lu5-55/docs/v0.0.3/keyboard/keyReleased/index.html
2026-02-25 00:28:17,060 - Knowledge - INFO - Fast-tracked /app/data/newkinpogroup5515/55/b23195v/lu5-55/docs/latest/transform/rotateY/meta.json (ext=.json, size=276)
2026-02-25 00:28:17,135 - Knowledge - INFO - process ingested knowledge for /app/data/newkinpogroup5515/55/b23195v/lu5-55/docs/v0.0.3/setting/noFill/index.html
2026-02-25 00:28:17,337 - Knowledge - INFO - Worker kw19 processing /app/data/newkinpogroup5515/55/b23195v/lu5-55/docs/latest/math/randomSeed/meta.json
2026-02-25 00:28:17,428 - Knowledge - INFO - process ingested knowledge for /app/data/newkinpogroup5515/55/b23195v/lu5-55/docs/v0.0.3/window/frameRate/index.html
2026-02-25 00:28:17,533 - Knowledge - INFO - [LLM_CALL] Completed: index.html:chunk1, Duration: 662ms, PromptTokens: 4946, CompletionTokens: 59, Cost: $0.00052
2026-02-25 00:28:17,652 - Knowledge - INFO - process ingested knowledge for /app/data/newkinpogroup5515/55/b23195v/lu5-55/docs/v0.0.3/loaders/loadImage/index.html
2026-02-25 00:28:17,766 - Knowledge - INFO - Fast-tracked /app/data/newkinpogroup5515/55/b23195v/lu5-55/docs/latest/math/sin/meta.json (ext=.json, size=319)
2026-02-25 00:28:17,864 - Knowledge - INFO - Worker kw4 processing /app/data/newkinpogroup5515/55/b23195v/lu5-55/docs/latest/shapes/square/meta.json
2026-02-25 00:28:17,968 - Knowledge - INFO - Async storage completed for 8 embeddings
2026-02-25 00:28:17,976 - Knowledge - INFO - Fast-tracked /app/data/newkinpogroup5515/55/b23195v/lu5-55/docs/latest/transform/rotateZ/meta.json (ext=.json, size=276)
2026-02-25 00:28:18,104 - Knowledge - INFO - Worker kw2 processing /app/data/newkinpogroup5515/55/b23195v/lu5-55/docs/latest/math/round/index.html
2026-02-25 00:28:18,190 - Knowledge - INFO - process ingested knowledge for /app/data/newkinpogroup5515/55/b23195v/lu5-55/docs/v0.0.3/keyboard/keyReleased/meta.json
2026-02-25 00:28:18,284 - Knowledge - INFO - Worker kw18 processing /app/data/newkinpogroup5515/55/b23195v/lu5-55/docs/latest/transform/scale/index.html
2026-02-25 00:28:18,395 - Knowledge - INFO - process ingested knowledge for /app/data/newkinpogroup5515/55/b23195v/lu5-55/docs/v0.0.3/setting/noFill/meta.json
2026-02-25 00:28:18,488 - Knowledge - INFO - Fast-tracked /app/data/newkinpogroup5515/55/b23195v/lu5-55/docs/latest/math/randomSeed/meta.json (ext=.json, size=313)
2026-02-25 00:28:18,702 - Knowledge - INFO - done ingest for /app/data/newkinpogroup5515/55/b23195v/lu5-55/docs/latest/io/loadStrings/index.html
2026-02-25 00:28:18,705 - Knowledge - INFO - [LLM_CALL] Completed: index.html:chunk1, Duration: 2ms, PromptTokens: 6372, CompletionTokens: 59, Cost: $0.00066
2026-02-25 00:28:18,799 - Knowledge - INFO - process ingested knowledge for /app/data/newkinpogroup5515/55/b23195v/lu5-55/docs/v0.0.3/loaders/loadImage/meta.json
2026-02-25 00:28:18,870 - Knowledge - INFO - Worker kw16 processing /app/data/newkinpogroup5515/55/b23195v/lu5-55/docs/latest/math/abs/index.html
2026-02-25 00:28:18,907 - Knowledge - INFO - Async storage completed for 8 embeddings
2026-02-25 00:28:18,994 - Knowledge - INFO - Fast-tracked /app/data/newkinpogroup5515/55/b23195v/lu5-55/docs/latest/shapes/square/meta.json (ext=.json, size=387)
2026-02-25 00:28:19,223 - Knowledge - INFO - Worker kw3 processing /app/data/newkinpogroup5515/55/b23195v/lu5-55/docs/latest/transform/index.html
2026-02-25 00:28:19,344 - Knowledge - INFO - Worker kw2 processing /app/data/newkinpogroup5515/55/b23195v/lu5-55/docs/latest/math/round/meta.json
2026-02-25 00:28:19,541 - Knowledge - INFO - Worker kw18 processing /app/data/newkinpogroup5515/55/b23195v/lu5-55/docs/latest/transform/scale/meta.json
2026-02-25 00:28:19,624 - Knowledge - INFO - process ingested knowledge for /app/data/newkinpogroup5515/55/b23195v/lu5-55/docs/v0.0.3/setting/textFont/index.html
2026-02-25 00:28:19,705 - Knowledge - INFO - Worker kw19 processing /app/data/newkinpogroup5515/55/b23195v/lu5-55/docs/latest/math/floor/index.html
2026-02-25 00:28:19,907 - Knowledge - INFO - done ingest for /app/data/newkinpogroup5515/55/b23195v/lu5-55/docs/v0.0.3/math/index.html
2026-02-25 00:28:19,984 - Knowledge - INFO - [WEBSOCKET] Sent: Type=progress_update, Size: 293, Duration: 0ms
2026-02-25 00:28:19,984 - Knowledge - INFO - [kw13] Queue=391, InProgress=0, PendingWorkers=20/20, Completed=972/1455 (66.8%)
2026-02-25 00:28:20,004 - Knowledge - INFO - process ingested knowledge for /app/data/newkinpogroup5515/55/b23195v/lu5-55/docs/v0.0.3/loaders/index.html
2026-02-25 00:28:20,161 - Knowledge - INFO - Worker kw16 processing /app/data/newkinpogroup5515/55/b23195v/lu5-55/docs/latest/math/abs/meta.json
2026-02-25 00:28:20,351 - Knowledge - INFO - Worker kw4 processing /app/data/newkinpogroup5515/55/b23195v/lu5-55/docs/latest/shapes/quad/index.html
2026-02-25 00:28:20,432 - Knowledge - INFO - Worker kw3 processing /app/data/newkinpogroup5515/55/b23195v/lu5-55/docs/latest/transform/rotateX/index.html
2026-02-25 00:28:20,534 - Knowledge - INFO - Fast-tracked /app/data/newkinpogroup5515/55/b23195v/lu5-55/docs/latest/math/round/meta.json (ext=.json, size=328)
2026-02-25 00:28:20,623 - Knowledge - INFO - Fast-tracked /app/data/newkinpogroup5515/55/b23195v/lu5-55/docs/latest/transform/scale/meta.json (ext=.json, size=362)
2026-02-25 00:28:20,809 - Knowledge - INFO - Worker kw19 processing /app/data/newkinpogroup5515/55/b23195v/lu5-55/docs/latest/math/floor/meta.json
2026-02-25 00:28:21,034 - Knowledge - INFO - [LLM_CALL] Completed: index.html:chunk1, Duration: 1123ms, PromptTokens: 4906, CompletionTokens: 59, Cost: $0.00051
2026-02-25 00:28:21,107 - Knowledge - INFO - Batch sizing: calculated=6, max_allowed=10, queue=391, active_workers=20/20
2026-02-25 00:28:21,229 - Knowledge - INFO - Async storage completed for 6 embeddings
2026-02-25 00:28:21,312 - Knowledge - INFO - process ingested knowledge for /app/data/newkinpogroup5515/55/b23195v/lu5-55/docs/v0.0.3/loaders/loadFont/index.html
2026-02-25 00:28:21,321 - Knowledge - INFO - Fast-tracked /app/data/newkinpogroup5515/55/b23195v/lu5-55/docs/latest/math/abs/meta.json (ext=.json, size=411)
2026-02-25 00:28:21,629 - Knowledge - INFO - Worker kw2 processing /app/data/newkinpogroup5515/55/b23195v/lu5-55/docs/latest/math/min/index.html
2026-02-25 00:28:21,860 - Knowledge - INFO - Fast-tracked /app/data/newkinpogroup5515/55/b23195v/lu5-55/docs/latest/math/floor/meta.json (ext=.json, size=498)
2026-02-25 00:28:21,954 - Knowledge - INFO - done ingest for /app/data/newkinpogroup5515/55/b23195v/lu5-55/docs/latest/io/loadText/index.html
2026-02-25 00:28:21,955 - Knowledge - INFO - done ingest for /app/data/newkinpogroup5515/55/b23195v/lu5-55/docs/v0.0.3/mouse/mousePressed/index.html
2026-02-25 00:28:21,955 - Knowledge - INFO - [kw12] Queue=391, InProgress=0, PendingWorkers=20/20, Completed=972/1455 (66.8%)
2026-02-25 00:28:21,955 - Knowledge - INFO - [WEBSOCKET] Sent: Type=unknown, Size: ?, Duration: 1971ms
2026-02-25 00:28:22,278 - Knowledge - INFO - process ingested knowledge for /app/data/newkinpogroup5515/55/b23195v/lu5-55/docs/v0.0.3/loaders/loadFont/meta.json
2026-02-25 00:28:22,350 - Knowledge - INFO - Worker kw16 processing /app/data/newkinpogroup5515/55/b23195v/lu5-55/docs/latest/math/max/index.html
2026-02-25 00:28:22,541 - Knowledge - INFO - Worker kw19 processing /app/data/newkinpogroup5515/55/b23195v/lu5-55/docs/latest/math/sin/index.html
2026-02-25 00:28:22,933 - Knowledge - INFO - Batch sizing: calculated=6, max_allowed=10, queue=391, active_workers=20/20
2026-02-25 00:28:23,038 - Knowledge - INFO - Progress: 66.8% | Files: 972/1455 | Rate: 1.63 files/sec | Queue: 385
2026-02-25 00:28:23,039 - Knowledge - INFO - [LLM_CALL] Completed: index.html:chunk1, Duration: 1ms, PromptTokens: 7060, CompletionTokens: 59, Cost: $0.00073
2026-02-25 00:28:23,156 - Knowledge - INFO - process ingested knowledge for /app/data/newkinpogroup5515/55/b23195v/lu5-55/docs/v0.0.3/math/round/index.html
2026-02-25 00:28:23,272 - Knowledge - INFO - Worker kw16 processing /app/data/newkinpogroup5515/55/b23195v/lu5-55/docs/latest/math/max/meta.json
2026-02-25 00:28:23,550 - Knowledge - INFO - [kw20] Queue=379, InProgress=0, PendingWorkers=20/20, Completed=972/1455 (66.8%)
2026-02-25 00:28:23,676 - Knowledge - INFO - done ingest for /app/data/newkinpogroup5515/55/b23195v/lu5-55/docs/latest/window/index.html
2026-02-25 00:28:23,677 - Knowledge - INFO - [LLM_CALL] Completed: index.html:chunk1, Duration: 0ms, PromptTokens: 4740, CompletionTokens: 59, Cost: $0.00050
2026-02-25 00:28:23,764 - Knowledge - INFO - process ingested knowledge for /app/data/newkinpogroup5515/55/b23195v/lu5-55/docs/v0.0.3/math/round/meta.json
2026-02-25 00:28:23,857 - Knowledge - INFO - Fast-tracked /app/data/newkinpogroup5515/55/b23195v/lu5-55/docs/latest/math/max/meta.json (ext=.json, size=529)
2026-02-25 00:28:23,873 - Knowledge - INFO - Async storage completed for 8 embeddings
2026-02-25 00:28:23,937 - Knowledge - INFO - Batch sizing: calculated=6, max_allowed=10, queue=379, active_workers=20/20
2026-02-25 00:28:24,115 - Knowledge - INFO - done ingest for /app/data/newkinpogroup5515/55/b23195v/lu5-55/docs/v0.0.3/classes/class/index.html
2026-02-25 00:28:24,117 - Knowledge - INFO - [LLM_CALL] Completed: index.html:chunk1, Duration: 0ms, PromptTokens: 4944, CompletionTokens: 59, Cost: $0.00052
2026-02-25 00:28:24,117 - Knowledge - INFO - Async storing batch of 8 embeddings
2026-02-25 00:28:24,232 - Knowledge - INFO - process ingested knowledge for /app/data/newkinpogroup5515/55/b23195v/lu5-55/docs/v0.0.3/math/floor/index.html
2026-02-25 00:28:24,339 - Knowledge - INFO - Worker kw16 processing /app/data/newkinpogroup5515/55/b23195v/lu5-55/docs/latest/math/map/index.html
2026-02-25 00:28:24,747 - Knowledge - INFO - done ingest for /app/data/newkinpogroup5515/55/b23195v/lu5-55/docs/latest/io/print/index.html
2026-02-25 00:28:24,748 - Knowledge - INFO - done ingest for /app/data/newkinpogroup5515/55/b23195v/lu5-55/docs/v0.0.3/mouse/index.html
2026-02-25 00:28:24,750 - Knowledge - INFO - Async storing batch of 6 embeddings
2026-02-25 00:28:24,751 - Knowledge - INFO - [LLM_CALL] Completed: index.html:chunk1, Duration: 2ms, PromptTokens: 5168, CompletionTokens: 59, Cost: $0.00054
2026-02-25 00:28:24,822 - Knowledge - INFO - Worker kw13 processing /app/data/newkinpogroup5515/55/b23195v/lu5-55/docs/latest/math/map/meta.json
2026-02-25 00:28:25,466 - Knowledge - INFO - Worker kw12 processing /app/data/newkinpogroup5515/55/b23195v/lu5-55/docs/latest/math/cos/meta.json
2026-02-25 00:28:25,577 - Knowledge - INFO - done ingest for /app/data/newkinpogroup5515/55/b23195v/lu5-55/docs/latest/shapes/beginShape/index.html
2026-02-25 00:28:25,579 - Knowledge - INFO - Async storing batch of 6 embeddings
2026-02-25 00:28:25,579 - Knowledge - INFO - Processing batch of 8 files
2026-02-25 00:28:25,581 - Knowledge - INFO - Processing batch of 6 files
2026-02-25 00:28:25,581 - Knowledge - INFO - [LLM_CALL] Completed: index.html:chunk1, Duration: 2ms, PromptTokens: 4550, CompletionTokens: 59, Cost: $0.00048
2026-02-25 00:28:25,707 - Knowledge - INFO - Fast-tracked /app/data/newkinpogroup5515/55/b23195v/lu5-55/docs/latest/math/map/meta.json (ext=.json, size=576)
2026-02-25 00:28:25,707 - Knowledge - INFO - [kw7] Queue=373, InProgress=0, PendingWorkers=20/20, Completed=986/1455 (67.8%)
2026-02-25 00:28:25,789 - Knowledge - INFO - Fast-tracked /app/data/newkinpogroup5515/55/b23195v/lu5-55/docs/latest/math/cos/meta.json (ext=.json, size=321)
2026-02-25 00:28:26,022 - Knowledge - INFO - Worker kw20 processing /app/data/newkinpogroup5515/55/b23195v/lu5-55/docs/latest/classes/class/index.html
2026-02-25 00:28:26,119 - Knowledge - INFO - Async storage completed for 8 embeddings
2026-02-25 00:28:26,126 - Knowledge - INFO - process ingested knowledge for /app/data/newkinpogroup5515/55/b23195v/lu5-55/docs/v0.0.3/math/tan/meta.json
2026-02-25 00:28:26,215 - Knowledge - INFO - process ingested knowledge for /app/data/newkinpogroup5515/55/b23195v/lu5-55/docs/latest/io/loadStrings/index.html
2026-02-25 00:28:26,294 - Knowledge - INFO - done ingest for /app/data/newkinpogroup5515/55/b23195v/lu5-55/docs/v0.0.3/mouse/mouseIsPressed/index.html
2026-02-25 00:28:26,294 - Knowledge - INFO - done ingest for /app/data/newkinpogroup5515/55/b23195v/lu5-55/docs/latest/window/deltaTime/index.html
2026-02-25 00:28:26,294 - Knowledge - INFO - done ingest for /app/data/newkinpogroup5515/55/b23195v/lu5-55/docs/latest/window/frameRate/index.html
2026-02-25 00:28:26,294 - Knowledge - INFO - done ingest for /app/data/newkinpogroup5515/55/b23195v/lu5-55/docs/latest/shapes/triangle/index.html
2026-02-25 00:28:26,295 - Knowledge - INFO - [kw17] Queue=373, InProgress=0, PendingWorkers=20/20, Completed=986/1455 (67.8%)
2026-02-25 00:28:26,303 - Knowledge - INFO - Async storage completed for 8 embeddings
2026-02-25 00:28:26,419 - Knowledge - INFO - Async storage completed for 8 embeddings
2026-02-25 00:28:26,419 - Knowledge - INFO - Worker kw13 processing /app/data/newkinpogroup5515/55/b23195v/lu5-55/docs/latest/math/constrain/index.html
2026-02-25 00:28:26,519 - Knowledge - INFO - Batch sizing: calculated=6, max_allowed=10, queue=373, active_workers=20/20
2026-02-25 00:28:26,594 - Knowledge - INFO - Worker kw12 processing /app/data/newkinpogroup5515/55/b23195v/lu5-55/docs/latest/math/ceil/index.html
2026-02-25 00:28:26,703 - Knowledge - INFO - Worker kw20 processing /app/data/newkinpogroup5515/55/b23195v/lu5-55/docs/latest/classes/class/meta.json
2026-02-25 00:28:26,911 - Knowledge - INFO - process ingested knowledge for /app/data/newkinpogroup5515/55/b23195v/lu5-55/docs/v0.0.3/math/index.html
2026-02-25 00:28:27,027 - Knowledge - INFO - process ingested knowledge for /app/data/newkinpogroup5515/55/b23195v/lu5-55/docs/latest/io/loadStrings/meta.json
2026-02-25 00:28:27,304 - Knowledge - INFO - done ingest for /app/data/newkinpogroup5515/55/b23195v/lu5-55/docs/latest/window/height/index.html
2026-02-25 00:28:27,547 - Knowledge - INFO - Batch sizing: calculated=6, max_allowed=10, queue=373, active_workers=20/20
2026-02-25 00:28:27,878 - Knowledge - INFO - Worker kw13 processing /app/data/newkinpogroup5515/55/b23195v/lu5-55/docs/latest/math/constrain/meta.json
2026-02-25 00:28:28,029 - Knowledge - INFO - done ingest for /app/data/newkinpogroup5515/55/b23195v/lu5-55/docs/v0.0.3/index.html
2026-02-25 00:28:28,031 - Knowledge - INFO - Async storing batch of 8 embeddings
2026-02-25 00:28:28,136 - Knowledge - INFO - Worker kw12 processing /app/data/newkinpogroup5515/55/b23195v/lu5-55/docs/latest/math/ceil/meta.json
2026-02-25 00:28:28,215 - Knowledge - INFO - Fast-tracked /app/data/newkinpogroup5515/55/b23195v/lu5-55/docs/latest/classes/class/meta.json (ext=.json, size=849)
2026-02-25 00:28:28,335 - Knowledge - INFO - process ingested knowledge for /app/data/newkinpogroup5515/55/b23195v/lu5-55/docs/v0.0.3/classes/class/index.html
2026-02-25 00:28:28,420 - Knowledge - INFO - process ingested knowledge for /app/data/newkinpogroup5515/55/b23195v/lu5-55/docs/latest/io/loadText/index.html
2026-02-25 00:28:28,481 - Knowledge - INFO - done ingest for /app/data/newkinpogroup5515/55/b23195v/lu5-55/docs/latest/models/model/index.html
2026-02-25 00:28:28,752 - Knowledge - INFO - Processing batch of 6 files
2026-02-25 00:28:28,853 - Knowledge - INFO - Async storing batch of 8 embeddings
2026-02-25 00:28:28,932 - Knowledge - INFO - Fast-tracked /app/data/newkinpogroup5515/55/b23195v/lu5-55/docs/latest/math/constrain/meta.json (ext=.json, size=438)
2026-02-25 00:28:29,051 - Knowledge - INFO - Processing batch of 6 files
2026-02-25 00:28:29,134 - Knowledge - INFO - Worker kw7 processing /app/data/newkinpogroup5515/55/b23195v/lu5-55/docs/latest/setting/push/meta.json
2026-02-25 00:28:29,216 - Knowledge - INFO - Fast-tracked /app/data/newkinpogroup5515/55/b23195v/lu5-55/docs/latest/math/ceil/meta.json (ext=.json, size=475)
2026-02-25 00:28:29,321 - Knowledge - INFO - Worker kw20 processing /app/data/newkinpogroup5515/55/b23195v/lu5-55/docs/latest/classes/index.html
2026-02-25 00:28:29,410 - Knowledge - INFO - process ingested knowledge for /app/data/newkinpogroup5515/55/b23195v/lu5-55/docs/v0.0.3/classes/class/meta.json
2026-02-25 00:28:29,490 - Knowledge - INFO - process ingested knowledge for /app/data/newkinpogroup5515/55/b23195v/lu5-55/docs/latest/io/loadText/meta.json
2026-02-25 00:28:29,661 - Knowledge - INFO - done ingest for /app/data/newkinpogroup5515/55/b23195v/lu5-55/docs/latest/window/width/index.html
2026-02-25 00:28:29,698 - Knowledge - INFO - process ingested knowledge for /app/data/newkinpogroup5515/55/b23195v/lu5-55/docs/latest/window/windowResized/meta.json
2026-02-25 00:28:29,787 - Knowledge - INFO - Worker kw17 processing /app/data/newkinpogroup5515/55/b23195v/lu5-55/docs/latest/setting/noFill/meta.json
2026-02-25 00:28:29,893 - Knowledge - INFO - Worker kw13 processing /app/data/newkinpogroup5515/55/b23195v/lu5-55/docs/latest/math/random/index.html
2026-02-25 00:28:29,903 - Knowledge - INFO - done ingest for /app/data/newkinpogroup5515/55/b23195v/lu5-55/docs/latest/shapes/arc/index.html
2026-02-25 00:28:30,031 - Knowledge - INFO - done ingest for /app/data/newkinpogroup5515/55/b23195v/lu5-55/docs/latest/models/index.html
2026-02-25 00:28:30,032 - Knowledge - INFO - process ingested knowledge for /app/data/newkinpogroup5515/55/b23195v/lu5-55/docs/v0.0.3/mouse/mouseIsPressed/index.html
2026-02-25 00:28:30,160 - Knowledge - INFO - Fast-tracked /app/data/newkinpogroup5515/55/b23195v/lu5-55/docs/latest/setting/push/meta.json (ext=.json, size=207)
2026-02-25 00:28:30,302 - Knowledge - INFO - Worker kw12 processing /app/data/newkinpogroup5515/55/b23195v/lu5-55/docs/latest/math/tan/index.html
2026-02-25 00:28:30,328 - Knowledge - INFO - done ingest for /app/data/newkinpogroup5515/55/b23195v/lu5-55/docs/latest/shapes/point/index.html
2026-02-25 00:28:30,400 - Knowledge - INFO - Worker kw20 processing /app/data/newkinpogroup5515/55/b23195v/lu5-55/docs/latest/setting/strokeWeight/index.html
2026-02-25 00:28:30,472 - Knowledge - INFO - process ingested knowledge for /app/data/newkinpogroup5515/55/b23195v/lu5-55/docs/v0.0.3/classes/index.html
2026-02-25 00:28:30,552 - Knowledge - INFO - process ingested knowledge for /app/data/newkinpogroup5515/55/b23195v/lu5-55/docs/latest/io/print/index.html
2026-02-25 00:28:30,717 - Knowledge - INFO - process ingested knowledge for /app/data/newkinpogroup5515/55/b23195v/lu5-55/docs/latest/window/height/index.html
2026-02-25 00:28:30,828 - Knowledge - INFO - done ingest for /app/data/newkinpogroup5515/55/b23195v/lu5-55/docs/latest/models/loadModel/index.html
2026-02-25 00:28:30,833 - Knowledge - INFO - Fast-tracked /app/data/newkinpogroup5515/55/b23195v/lu5-55/docs/latest/setting/noFill/meta.json (ext=.json, size=198)
2026-02-25 00:28:30,915 - Knowledge - INFO - Worker kw13 processing /app/data/newkinpogroup5515/55/b23195v/lu5-55/docs/latest/math/random/meta.json
2026-02-25 00:28:31,233 - Knowledge - INFO - process ingested knowledge for /app/data/newkinpogroup5515/55/b23195v/lu5-55/docs/v0.0.3/mouse/mouseIsPressed/meta.json
2026-02-25 00:28:31,319 - Knowledge - INFO - Worker kw7 processing /app/data/newkinpogroup5515/55/b23195v/lu5-55/docs/latest/setting/background/index.html
2026-02-25 00:28:31,467 - Knowledge - INFO - Worker kw12 processing /app/data/newkinpogroup5515/55/b23195v/lu5-55/docs/latest/math/tan/meta.json
2026-02-25 00:28:31,473 - Knowledge - INFO - [LLM_CALL] Completed: index.html:chunk1, Duration: 195ms, PromptTokens: 5164, CompletionTokens: 59, Cost: $0.00054
2026-02-25 00:28:31,658 - Knowledge - INFO - Worker kw20 processing /app/data/newkinpogroup5515/55/b23195v/lu5-55/docs/latest/setting/strokeWeight/meta.json
2026-02-25 00:28:31,753 - Knowledge - INFO - process ingested knowledge for /app/data/newkinpogroup5515/55/b23195v/lu5-55/docs/v0.0.3/setting/strokeWeight/index.html
2026-02-25 00:28:31,852 - Knowledge - INFO - process ingested knowledge for /app/data/newkinpogroup5515/55/b23195v/lu5-55/docs/latest/io/print/meta.json
2026-02-25 00:28:31,971 - Knowledge - INFO - process ingested knowledge for /app/data/newkinpogroup5515/55/b23195v/lu5-55/docs/latest/window/height/meta.json
2026-02-25 00:28:32,286 - Knowledge - INFO - Worker kw17 processing /app/data/newkinpogroup5515/55/b23195v/lu5-55/docs/latest/setting/debugMode/index.html
2026-02-25 00:28:32,386 - Knowledge - INFO - Fast-tracked /app/data/newkinpogroup5515/55/b23195v/lu5-55/docs/latest/math/random/meta.json (ext=.json, size=602)
2026-02-25 00:28:32,473 - Knowledge - INFO - process ingested knowledge for /app/data/newkinpogroup5515/55/b23195v/lu5-55/docs/v0.0.3/mouse/index.html
2026-02-25 00:28:32,628 - Knowledge - INFO - Worker kw7 processing /app/data/newkinpogroup5515/55/b23195v/lu5-55/docs/latest/setting/background/meta.json
2026-02-25 00:28:32,760 - Knowledge - INFO - Fast-tracked /app/data/newkinpogroup5515/55/b23195v/lu5-55/docs/latest/math/tan/meta.json (ext=.json, size=322)
2026-02-25 00:28:32,860 - Knowledge - INFO - done ingest for /app/data/newkinpogroup5515/55/b23195v/lu5-55/docs/latest/window/createWindow/index.html
2026-02-25 00:28:32,866 - Knowledge - INFO - Processing batch of 6 files
2026-02-25 00:28:32,866 - Knowledge - INFO - [LLM_CALL] Completed: index.html:chunk1, Duration: 3ms, PromptTokens: 4790, CompletionTokens: 59, Cost: $0.00050
2026-02-25 00:28:32,979 - Knowledge - INFO - Fast-tracked /app/data/newkinpogroup5515/55/b23195v/lu5-55/docs/latest/setting/strokeWeight/meta.json (ext=.json, size=323)
2026-02-25 00:28:33,090 - Knowledge - INFO - process ingested knowledge for /app/data/newkinpogroup5515/55/b23195v/lu5-55/docs/v0.0.3/setting/strokeWeight/meta.json
2026-02-25 00:28:33,303 - Knowledge - INFO - process ingested knowledge for /app/data/newkinpogroup5515/55/b23195v/lu5-55/docs/latest/window/deltaTime/index.html
2026-02-25 00:28:33,424 - Knowledge - INFO - Worker kw17 processing /app/data/newkinpogroup5515/55/b23195v/lu5-55/docs/latest/setting/debugMode/meta.json
2026-02-25 00:28:33,511 - Knowledge - INFO - Worker kw13 processing /app/data/newkinpogroup5515/55/b23195v/lu5-55/docs/latest/math/cos/index.html
2026-02-25 00:28:33,682 - Knowledge - INFO - process ingested knowledge for /app/data/newkinpogroup5515/55/b23195v/lu5-55/docs/v0.0.3/mouse/mousePressed/index.html
2026-02-25 00:28:33,746 - Knowledge - INFO - Fast-tracked /app/data/newkinpogroup5515/55/b23195v/lu5-55/docs/latest/setting/background/meta.json (ext=.json, size=392)
2026-02-25 00:28:33,861 - Knowledge - INFO - Worker kw12 processing /app/data/newkinpogroup5515/55/b23195v/lu5-55/docs/latest/math/index.html
2026-02-25 00:28:34,067 - Knowledge - INFO - process ingested knowledge for /app/data/newkinpogroup5515/55/b23195v/lu5-55/docs/latest/shapes/circle/meta.json
2026-02-25 00:28:34,171 - Knowledge - INFO - done ingest for /app/data/newkinpogroup5515/55/b23195v/lu5-55/docs/latest/shapes/endShape/index.html
2026-02-25 00:28:34,172 - Knowledge - INFO - Processing batch of 6 files
2026-02-25 00:28:34,172 - Knowledge - INFO - [LLM_CALL] Completed: index.html:chunk1, Duration: 0ms, PromptTokens: 4932, CompletionTokens: 59, Cost: $0.00052
2026-02-25 00:28:34,259 - Knowledge - INFO - Worker kw20 processing /app/data/newkinpogroup5515/55/b23195v/lu5-55/docs/latest/setting/push/index.html
2026-02-25 00:28:34,372 - Knowledge - INFO - process ingested knowledge for /app/data/newkinpogroup5515/55/b23195v/lu5-55/docs/v0.0.3/setting/push/index.html
2026-02-25 00:28:34,461 - Knowledge - INFO - process ingested knowledge for /app/data/newkinpogroup5515/55/b23195v/lu5-55/docs/latest/window/deltaTime/meta.json
2026-02-25 00:28:34,568 - Knowledge - INFO - Fast-tracked /app/data/newkinpogroup5515/55/b23195v/lu5-55/docs/latest/setting/debugMode/meta.json (ext=.json, size=783)
2026-02-25 00:28:34,786 - Knowledge - INFO - process ingested knowledge for /app/data/newkinpogroup5515/55/b23195v/lu5-55/docs/v0.0.3/mouse/mousePressed/meta.json
2026-02-25 00:28:34,888 - Knowledge - INFO - Worker kw7 processing /app/data/newkinpogroup5515/55/b23195v/lu5-55/docs/latest/setting/stroke/index.html
2026-02-25 00:28:35,074 - Knowledge - INFO - process ingested knowledge for /app/data/newkinpogroup5515/55/b23195v/lu5-55/docs/latest/shapes/point/index.html
2026-02-25 00:28:35,235 - Knowledge - INFO - process ingested knowledge for /app/data/newkinpogroup5515/55/b23195v/lu5-55/docs/latest/window/frameRate/index.html
2026-02-25 00:28:35,338 - Knowledge - INFO - done ingest for /app/data/newkinpogroup5515/55/b23195v/lu5-55/docs/latest/shapes/vertex/index.html
2026-02-25 00:28:35,369 - Knowledge - INFO - [LLM_CALL] Completed: index.html:chunk1, Duration: 12ms, PromptTokens: 4918, CompletionTokens: 59, Cost: $0.00052
2026-02-25 00:28:35,727 - Knowledge - INFO - process ingested knowledge for /app/data/newkinpogroup5515/55/b23195v/lu5-55/docs/latest/window/index.html
2026-02-25 00:28:35,771 - Knowledge - INFO - Worker kw17 processing /app/data/newkinpogroup5515/55/b23195v/lu5-55/docs/latest/setting/noStroke/index.html
2026-02-25 00:28:35,932 - Knowledge - INFO - process ingested knowledge for /app/data/newkinpogroup5515/55/b23195v/lu5-55/docs/v0.0.3/index.html
2026-02-25 00:28:35,951 - Knowledge - INFO - Worker kw7 processing /app/data/newkinpogroup5515/55/b23195v/lu5-55/docs/latest/setting/stroke/meta.json
2026-02-25 00:28:36,049 - Knowledge - INFO - process ingested knowledge for /app/data/newkinpogroup5515/55/b23195v/lu5-55/docs/latest/shapes/point/meta.json
2026-02-25 00:28:36,165 - Knowledge - INFO - process ingested knowledge for /app/data/newkinpogroup5515/55/b23195v/lu5-55/docs/latest/window/frameRate/meta.json
2026-02-25 00:28:36,314 - Knowledge - INFO - done ingest for /app/data/newkinpogroup5515/55/b23195v/lu5-55/docs/latest/window/windowResized/index.html
2026-02-25 00:28:36,317 - Knowledge - INFO - [LLM_CALL] Completed: index.html:chunk1, Duration: 0ms, PromptTokens: 4948, CompletionTokens: 59, Cost: $0.00052
2026-02-25 00:28:36,529 - Knowledge - INFO - Worker kw17 processing /app/data/newkinpogroup5515/55/b23195v/lu5-55/docs/latest/setting/noStroke/meta.json
2026-02-25 00:28:36,728 - Knowledge - INFO - Fast-tracked /app/data/newkinpogroup5515/55/b23195v/lu5-55/docs/latest/setting/stroke/meta.json (ext=.json, size=485)
2026-02-25 00:28:36,910 - Knowledge - INFO - process ingested knowledge for /app/data/newkinpogroup5515/55/b23195v/lu5-55/docs/latest/shapes/beginShape/index.html
2026-02-25 00:28:37,070 - Knowledge - INFO - process ingested knowledge for /app/data/newkinpogroup5515/55/b23195v/lu5-55/docs/latest/models/loadModel/index.html
2026-02-25 00:28:37,200 - Knowledge - INFO - done ingest for /app/data/newkinpogroup5515/55/b23195v/lu5-55/docs/latest/shapes/circle/index.html
2026-02-25 00:28:37,203 - Knowledge - INFO - [LLM_CALL] Completed: index.html:chunk1, Duration: 0ms, PromptTokens: 4732, CompletionTokens: 59, Cost: $0.00050
2026-02-25 00:28:37,297 - Knowledge - INFO - Fast-tracked /app/data/newkinpogroup5515/55/b23195v/lu5-55/docs/latest/setting/noStroke/meta.json (ext=.json, size=303)
2026-02-25 00:28:37,392 - Knowledge - INFO - Worker kw7 processing /app/data/newkinpogroup5515/55/b23195v/lu5-55/docs/latest/setting/noFill/index.html
2026-02-25 00:28:37,494 - Knowledge - INFO - process ingested knowledge for /app/data/newkinpogroup5515/55/b23195v/lu5-55/docs/latest/shapes/beginShape/meta.json
2026-02-25 00:28:37,562 - Knowledge - INFO - process ingested knowledge for /app/data/newkinpogroup5515/55/b23195v/lu5-55/docs/latest/models/loadModel/meta.json
2026-02-25 00:28:37,775 - Knowledge - INFO - done ingest for /app/data/newkinpogroup5515/55/b23195v/lu5-55/docs/latest/shapes/ellipse/index.html
2026-02-25 00:28:37,775 - Knowledge - INFO - [WEBSOCKET] Sent: Type=progress_update, Size: 295, Duration: 573ms
2026-02-25 00:28:37,898 - Knowledge - INFO - Worker kw17 processing /app/data/newkinpogroup5515/55/b23195v/lu5-55/docs/latest/setting/index.html
2026-02-25 00:28:38,127 - Knowledge - INFO - process ingested knowledge for /app/data/newkinpogroup5515/55/b23195v/lu5-55/docs/latest/shapes/triangle/index.html
2026-02-25 00:28:38,248 - Knowledge - INFO - process ingested knowledge for /app/data/newkinpogroup5515/55/b23195v/lu5-55/docs/latest/models/model/index.html
2026-02-25 00:28:38,442 - Knowledge - INFO - [kw15] Queue=361, InProgress=0, PendingWorkers=20/20, Completed=1016/1455 (69.8%)
2026-02-25 00:28:38,443 - Knowledge - INFO - [kw14] Queue=361, InProgress=0, PendingWorkers=20/20, Completed=1016/1455 (69.8%)
2026-02-25 00:28:38,443 - Knowledge - INFO - done ingest for /app/data/newkinpogroup5515/55/b23195v/lu5-55/docs/latest/io/index.html
2026-02-25 00:28:38,444 - Knowledge - INFO - Processing batch of 6 files
2026-02-25 00:28:38,444 - Knowledge - INFO - [WEBSOCKET] Sent: Type=unknown, Size: ?, Duration: 1242ms
2026-02-25 00:28:38,795 - Knowledge - INFO - process ingested knowledge for /app/data/newkinpogroup5515/55/b23195v/lu5-55/docs/latest/models/model/meta.json
2026-02-25 00:28:38,915 - Knowledge - INFO - Batch sizing: calculated=6, max_allowed=10, queue=361, active_workers=20/20
2026-02-25 00:28:39,026 - Knowledge - INFO - Batch sizing: calculated=6, max_allowed=10, queue=361, active_workers=20/20
2026-02-25 00:28:39,251 - Knowledge - INFO - process ingested knowledge for /app/data/newkinpogroup5515/55/b23195v/lu5-55/docs/latest/shapes/triangle/meta.json
2026-02-25 00:28:39,333 - Knowledge - INFO - Progress: 69.4% | Files: 1022/1455 | Rate: 1.67 files/sec | Queue: 361
2026-02-25 00:28:39,335 - Knowledge - INFO - [LLM_CALL] Completed: index.html:chunk1, Duration: 0ms, PromptTokens: 5040, CompletionTokens: 59, Cost: $0.00053
2026-02-25 00:28:39,748 - Knowledge - INFO - process ingested knowledge for /app/data/newkinpogroup5515/55/b23195v/lu5-55/docs/latest/shapes/arc/index.html
2026-02-25 00:28:39,849 - Knowledge - INFO - [kw1] Queue=349, InProgress=0, PendingWorkers=20/20, Completed=1022/1455 (70.2%)
2026-02-25 00:28:39,927 - Knowledge - INFO - done ingest for /app/data/newkinpogroup5515/55/b23195v/lu5-55/docs/latest/shapes/line/index.html
2026-02-25 00:28:39,927 - Knowledge - INFO - Processing batch of 6 files
2026-02-25 00:28:39,931 - Knowledge - INFO - Async storing batch of 8 embeddings
2026-02-25 00:28:39,937 - Knowledge - INFO - Async storing batch of 6 embeddings
2026-02-25 00:28:40,016 - Knowledge - INFO - [kw9] Queue=349, InProgress=0, PendingWorkers=20/20, Completed=1022/1455 (70.2%)
2026-02-25 00:28:40,016 - Knowledge - INFO - [kw8] Queue=349, InProgress=0, PendingWorkers=20/20, Completed=1022/1455 (70.2%)
2026-02-25 00:28:40,166 - Knowledge - INFO - process ingested knowledge for /app/data/newkinpogroup5515/55/b23195v/lu5-55/docs/latest/shapes/arc/meta.json
2026-02-25 00:28:40,171 - Knowledge - INFO - Batch sizing: calculated=6, max_allowed=10, queue=349, active_workers=20/20
2026-02-25 00:28:40,198 - Knowledge - INFO - [kw11] Queue=349, InProgress=0, PendingWorkers=20/20, Completed=1022/1455 (70.2%)
2026-02-25 00:28:40,285 - Knowledge - INFO - Processing batch of 6 files
2026-02-25 00:28:40,416 - Knowledge - INFO - process ingested knowledge for /app/data/newkinpogroup5515/55/b23195v/lu5-55/docs/latest/io/index.html
2026-02-25 00:28:40,533 - Knowledge - INFO - Worker kw15 processing /app/data/newkinpogroup5515/55/b23195v/lu5-55/docs/latest/setting/fill/index.html
2026-02-25 00:28:40,620 - Knowledge - INFO - Worker kw14 processing /app/data/newkinpogroup5515/55/b23195v/lu5-55/docs/latest/keyboard/keyReleased/index.html
2026-02-25 00:28:40,687 - Knowledge - INFO - Batch sizing: calculated=6, max_allowed=10, queue=349, active_workers=20/20
2026-02-25 00:28:40,762 - Knowledge - INFO - Batch sizing: calculated=6, max_allowed=10, queue=349, active_workers=20/20
2026-02-25 00:28:40,847 - Knowledge - INFO - process ingested knowledge for /app/data/newkinpogroup5515/55/b23195v/lu5-55/docs/latest/shapes/ellipse/index.html
2026-02-25 00:28:40,970 - Knowledge - INFO - Async storing batch of 6 embeddings
2026-02-25 00:28:41,083 - Knowledge - INFO - Batch sizing: calculated=6, max_allowed=10, queue=349, active_workers=20/20
2026-02-25 00:28:41,170 - Knowledge - INFO - process ingested knowledge for /app/data/newkinpogroup5515/55/b23195v/lu5-55/docs/latest/models/index.html
2026-02-25 00:28:41,294 - Knowledge - INFO - process ingested knowledge for /app/data/newkinpogroup5515/55/b23195v/lu5-55/docs/latest/window/width/index.html
2026-02-25 00:28:41,416 - Knowledge - INFO - Worker kw15 processing /app/data/newkinpogroup5515/55/b23195v/lu5-55/docs/latest/setting/fill/meta.json
2026-02-25 00:28:41,527 - Knowledge - INFO - Worker kw14 processing /app/data/newkinpogroup5515/55/b23195v/lu5-55/docs/latest/keyboard/keyReleased/meta.json
2026-02-25 00:28:41,633 - Knowledge - INFO - Async storing batch of 6 embeddings
2026-02-25 00:28:41,734 - Knowledge - INFO - Async storing batch of 6 embeddings
2026-02-25 00:28:41,822 - Knowledge - INFO - process ingested knowledge for /app/data/newkinpogroup5515/55/b23195v/lu5-55/docs/latest/shapes/ellipse/meta.json
2026-02-25 00:28:41,927 - Knowledge - INFO - Worker kw1 processing /app/data/newkinpogroup5515/55/b23195v/lu5-55/docs/latest/keyboard/keyPressed/meta.json
2026-02-25 00:28:42,023 - Knowledge - INFO - Async storing batch of 6 embeddings
2026-02-25 00:28:42,144 - Knowledge - INFO - process ingested knowledge for /app/data/newkinpogroup5515/55/b23195v/lu5-55/docs/latest/shapes/line/index.html
2026-02-25 00:28:42,239 - Knowledge - INFO - process ingested knowledge for /app/data/newkinpogroup5515/55/b23195v/lu5-55/docs/latest/window/width/meta.json
2026-02-25 00:28:42,328 - Knowledge - INFO - Fast-tracked /app/data/newkinpogroup5515/55/b23195v/lu5-55/docs/latest/setting/fill/meta.json (ext=.json, size=508)
2026-02-25 00:28:42,433 - Knowledge - INFO - Fast-tracked /app/data/newkinpogroup5515/55/b23195v/lu5-55/docs/latest/keyboard/keyReleased/meta.json (ext=.json, size=397)
2026-02-25 00:28:42,517 - Knowledge - INFO - Worker kw9 processing /app/data/newkinpogroup5515/55/b23195v/lu5-55/docs/latest/mouse/mouseReleased/index.html
2026-02-25 00:28:42,634 - Knowledge - INFO - Worker kw8 processing /app/data/newkinpogroup5515/55/b23195v/lu5-55/docs/latest/mouse/mouseX/index.html
2026-02-25 00:28:42,753 - Knowledge - INFO - process ingested knowledge for /app/data/newkinpogroup5515/55/b23195v/lu5-55/docs/latest/shapes/vertex/index.html
2026-02-25 00:28:42,880 - Knowledge - INFO - Fast-tracked /app/data/newkinpogroup5515/55/b23195v/lu5-55/docs/latest/keyboard/keyPressed/meta.json (ext=.json, size=578)
2026-02-25 00:28:42,993 - Knowledge - INFO - Worker kw11 processing /app/data/newkinpogroup5515/55/b23195v/lu5-55/docs/latest/mouse/mousePressed/meta.json
2026-02-25 00:28:43,080 - Knowledge - INFO - process ingested knowledge for /app/data/newkinpogroup5515/55/b23195v/lu5-55/docs/latest/shapes/line/meta.json
2026-02-25 00:28:43,160 - Knowledge - INFO - process ingested knowledge for /app/data/newkinpogroup5515/55/b23195v/lu5-55/docs/latest/window/createWindow/index.html
2026-02-25 00:28:43,246 - Knowledge - INFO - Worker kw15 processing /app/data/newkinpogroup5515/55/b23195v/lu5-55/docs/latest/setting/pop/index.html
2026-02-25 00:28:43,294 - Knowledge - INFO - Async storage completed for 8 embeddings
2026-02-25 00:28:43,325 - Knowledge - INFO - Worker kw14 processing /app/data/newkinpogroup5515/55/b23195v/lu5-55/docs/latest/keyboard/keyIsDown/index.html
2026-02-25 00:28:43,446 - Knowledge - INFO - Worker kw9 processing /app/data/newkinpogroup5515/55/b23195v/lu5-55/docs/latest/mouse/mouseReleased/meta.json
2026-02-25 00:28:43,563 - Knowledge - INFO - Worker kw8 processing /app/data/newkinpogroup5515/55/b23195v/lu5-55/docs/latest/mouse/mouseX/meta.json
2026-02-25 00:28:43,745 - Knowledge - INFO - Worker kw1 processing /app/data/newkinpogroup5515/55/b23195v/lu5-55/docs/latest/modules.json
2026-02-25 00:28:43,835 - Knowledge - INFO - Fast-tracked /app/data/newkinpogroup5515/55/b23195v/lu5-55/docs/latest/mouse/mousePressed/meta.json (ext=.json, size=638)
2026-02-25 00:28:43,979 - Knowledge - INFO - process ingested knowledge for /app/data/newkinpogroup5515/55/b23195v/lu5-55/docs/latest/shapes/endShape/index.html
2026-02-25 00:28:44,082 - Knowledge - INFO - process ingested knowledge for /app/data/newkinpogroup5515/55/b23195v/lu5-55/docs/latest/window/createWindow/meta.json
2026-02-25 00:28:44,125 - Knowledge - INFO - Worker kw15 processing /app/data/newkinpogroup5515/55/b23195v/lu5-55/docs/latest/setting/pop/meta.json
2026-02-25 00:28:44,304 - Knowledge - INFO - [kw10] Queue=325, InProgress=0, PendingWorkers=20/20, Completed=1028/1455 (70.7%)
2026-02-25 00:28:44,321 - Knowledge - INFO - Worker kw14 processing /app/data/newkinpogroup5515/55/b23195v/lu5-55/docs/latest/keyboard/keyIsDown/meta.json
2026-02-25 00:28:44,410 - Knowledge - INFO - Fast-tracked /app/data/newkinpogroup5515/55/b23195v/lu5-55/docs/latest/mouse/mouseReleased/meta.json (ext=.json, size=688)
2026-02-25 00:28:44,518 - Knowledge - INFO - Fast-tracked /app/data/newkinpogroup5515/55/b23195v/lu5-55/docs/latest/mouse/mouseX/meta.json (ext=.json, size=338)
2026-02-25 00:28:44,645 - Knowledge - INFO - Fast-tracked /app/data/newkinpogroup5515/55/b23195v/lu5-55/docs/latest/modules.json (ext=.json, size=3269)
2026-02-25 00:28:44,753 - Knowledge - INFO - Worker kw11 processing /app/data/newkinpogroup5515/55/b23195v/lu5-55/docs/latest/camera/orbitControl/index.html
2026-02-25 00:28:44,827 - Knowledge - INFO - process ingested knowledge for /app/data/newkinpogroup5515/55/b23195v/lu5-55/docs/latest/shapes/endShape/meta.json
2026-02-25 00:28:44,954 - Knowledge - INFO - process ingested knowledge for /app/data/newkinpogroup5515/55/b23195v/lu5-55/docs/latest/window/windowResized/index.html
2026-02-25 00:28:45,040 - Knowledge - INFO - Fast-tracked /app/data/newkinpogroup5515/55/b23195v/lu5-55/docs/latest/setting/pop/meta.json (ext=.json, size=210)
2026-02-25 00:28:45,126 - Knowledge - INFO - Batch sizing: calculated=6, max_allowed=10, queue=325, active_workers=20/20
2026-02-25 00:28:45,219 - Knowledge - INFO - Fast-tracked /app/data/newkinpogroup5515/55/b23195v/lu5-55/docs/latest/keyboard/keyIsDown/meta.json (ext=.json, size=677)
2026-02-25 00:28:45,301 - Knowledge - INFO - Worker kw9 processing /app/data/newkinpogroup5515/55/b23195v/lu5-55/docs/latest/mouse/mouseWheel/index.html
2026-02-25 00:28:45,388 - Knowledge - INFO - Worker kw8 processing /app/data/newkinpogroup5515/55/b23195v/lu5-55/docs/latest/mouse/mouseIsPressed/index.html
2026-02-25 00:28:45,483 - Knowledge - INFO - Worker kw1 processing /app/data/newkinpogroup5515/55/b23195v/lu5-55/docs/latest/mouse/pmouseY/index.html
2026-02-25 00:28:45,633 - Knowledge - INFO - Worker kw11 processing /app/data/newkinpogroup5515/55/b23195v/lu5-55/docs/latest/camera/orbitControl/meta.json
2026-02-25 00:28:45,687 - Knowledge - INFO - [LLM_CALL] Completed: index.html:chunk1, Duration: 957ms, PromptTokens: 4948, CompletionTokens: 59, Cost: $0.00052
2026-02-25 00:28:45,757 - Knowledge - INFO - process ingested knowledge for /app/data/newkinpogroup5515/55/b23195v/lu5-55/docs/latest/shapes/circle/index.html
2026-02-25 00:28:45,924 - Knowledge - INFO - Worker kw15 processing /app/data/newkinpogroup5515/55/b23195v/lu5-55/docs/latest/keyboard/keyHeld/index.html
2026-02-25 00:28:46,121 - Knowledge - INFO - Worker kw14 processing /app/data/newkinpogroup5515/55/b23195v/lu5-55/docs/latest/keyboard/index.html
2026-02-25 00:28:46,203 - Knowledge - INFO - Worker kw9 processing /app/data/newkinpogroup5515/55/b23195v/lu5-55/docs/latest/mouse/mouseWheel/meta.json
2026-02-25 00:28:46,285 - Knowledge - INFO - Worker kw8 processing /app/data/newkinpogroup5515/55/b23195v/lu5-55/docs/latest/mouse/mouseIsPressed/meta.json
2026-02-25 00:28:46,403 - Knowledge - INFO - Worker kw1 processing /app/data/newkinpogroup5515/55/b23195v/lu5-55/docs/latest/mouse/pmouseY/meta.json
2026-02-25 00:28:46,490 - Knowledge - INFO - Fast-tracked /app/data/newkinpogroup5515/55/b23195v/lu5-55/docs/latest/camera/orbitControl/meta.json (ext=.json, size=593)
2026-02-25 00:28:46,583 - Knowledge - INFO - done ingest for /app/data/newkinpogroup5515/55/b23195v/lu5-55/docs/latest/shapes/square/index.html
2026-02-25 00:28:46,583 - Knowledge - INFO - Async storing batch of 6 embeddings
2026-02-25 00:28:46,584 - Knowledge - INFO - [kw6] Queue=319, InProgress=0, PendingWorkers=20/20, Completed=1028/1455 (70.7%)
2026-02-25 00:28:46,794 - Knowledge - INFO - Worker kw15 processing /app/data/newkinpogroup5515/55/b23195v/lu5-55/docs/latest/keyboard/keyHeld/meta.json
2026-02-25 00:28:46,885 - Knowledge - INFO - Worker kw14 processing /app/data/newkinpogroup5515/55/b23195v/lu5-55/docs/latest/keyboard/keyPressed/index.html
2026-02-25 00:28:46,960 - Knowledge - INFO - Fast-tracked /app/data/newkinpogroup5515/55/b23195v/lu5-55/docs/latest/mouse/mouseWheel/meta.json (ext=.json, size=630)
2026-02-25 00:28:47,073 - Knowledge - INFO - Fast-tracked /app/data/newkinpogroup5515/55/b23195v/lu5-55/docs/latest/mouse/mouseIsPressed/meta.json (ext=.json, size=309)
2026-02-25 00:28:47,217 - Knowledge - INFO - Fast-tracked /app/data/newkinpogroup5515/55/b23195v/lu5-55/docs/latest/mouse/pmouseY/meta.json (ext=.json, size=235)
2026-02-25 00:28:47,298 - Knowledge - INFO - [kw5] Queue=319, InProgress=0, PendingWorkers=20/20, Completed=1028/1455 (70.7%)
2026-02-25 00:28:47,341 - Knowledge - INFO - Worker kw11 processing /app/data/newkinpogroup5515/55/b23195v/lu5-55/docs/latest/camera/index.html
2026-02-25 00:28:47,541 - Knowledge - INFO - Worker kw10 processing /app/data/newkinpogroup5515/55/b23195v/lu5-55/docs/latest/image/image/index.html
2026-02-25 00:28:47,618 - Knowledge - INFO - Batch sizing: calculated=6, max_allowed=10, queue=319, active_workers=20/20
2026-02-25 00:28:47,737 - Knowledge - INFO - Fast-tracked /app/data/newkinpogroup5515/55/b23195v/lu5-55/docs/latest/keyboard/keyHeld/meta.json (ext=.json, size=386)
2026-02-25 00:28:47,905 - Knowledge - INFO - Worker kw9 processing /app/data/newkinpogroup5515/55/b23195v/lu5-55/docs/latest/mouse/pmouseX/index.html
2026-02-25 00:28:48,032 - Knowledge - INFO - Worker kw8 processing /app/data/newkinpogroup5515/55/b23195v/lu5-55/docs/latest/mouse/index.html
2026-02-25 00:28:48,115 - Knowledge - INFO - Worker kw1 processing /app/data/newkinpogroup5515/55/b23195v/lu5-55/docs/latest/mouse/mouseY/index.html
2026-02-25 00:28:48,217 - Knowledge - INFO - Batch sizing: calculated=6, max_allowed=10, queue=319, active_workers=20/20
2026-02-25 00:28:48,303 - Knowledge - INFO - Worker kw11 processing /app/data/newkinpogroup5515/55/b23195v/lu5-55/docs/latest/image/Image.crop/index.html
2026-02-25 00:28:48,386 - Knowledge - INFO - Worker kw10 processing /app/data/newkinpogroup5515/55/b23195v/lu5-55/docs/latest/image/image/meta.json
2026-02-25 00:28:48,590 - Knowledge - INFO - [LLM_CALL] Completed: index.html:chunk1, Duration: 556ms, PromptTokens: 5312, CompletionTokens: 59, Cost: $0.00055
2026-02-25 00:28:48,592 - Knowledge - INFO - Async storing batch of 6 embeddings
2026-02-25 00:28:48,684 - Knowledge - INFO - Async storage completed for 8 embeddings
2026-02-25 00:28:48,841 - Knowledge - INFO - Worker kw9 processing /app/data/newkinpogroup5515/55/b23195v/lu5-55/docs/latest/mouse/pmouseX/meta.json
2026-02-25 00:28:48,928 - Knowledge - INFO - Worker kw8 processing /app/data/newkinpogroup5515/55/b23195v/lu5-55/docs/latest/mouse/mousePressed/index.html
2026-02-25 00:28:49,017 - Knowledge - INFO - Worker kw1 processing /app/data/newkinpogroup5515/55/b23195v/lu5-55/docs/latest/mouse/mouseY/meta.json
2026-02-25 00:28:49,214 - Knowledge - INFO - Worker kw11 processing /app/data/newkinpogroup5515/55/b23195v/lu5-55/docs/latest/image/Image.crop/meta.json
2026-02-25 00:28:49,309 - Knowledge - INFO - Fast-tracked /app/data/newkinpogroup5515/55/b23195v/lu5-55/docs/latest/image/image/meta.json (ext=.json, size=559)
2026-02-25 00:28:49,411 - Knowledge - INFO - done ingest for /app/data/newkinpogroup5515/55/b23195v/lu5-55/docs/latest/shapes/quad/index.html
2026-02-25 00:28:49,414 - Knowledge - INFO - Async storing batch of 6 embeddings
2026-02-25 00:28:49,519 - Knowledge - INFO - Worker kw6 processing /app/data/newkinpogroup5515/55/b23195v/lu5-55/docs/latest/vector/Vector.dot/meta.json
2026-02-25 00:28:49,588 - Knowledge - INFO - Async storage completed for 8 embeddings
2026-02-25 00:28:49,724 - Knowledge - INFO - Fast-tracked /app/data/newkinpogroup5515/55/b23195v/lu5-55/docs/latest/mouse/pmouseX/meta.json (ext=.json, size=235)
2026-02-25 00:28:49,946 - Knowledge - INFO - Fast-tracked /app/data/newkinpogroup5515/55/b23195v/lu5-55/docs/latest/mouse/mouseY/meta.json (ext=.json, size=336)
2026-02-25 00:28:50,070 - Knowledge - INFO - Fast-tracked /app/data/newkinpogroup5515/55/b23195v/lu5-55/docs/latest/image/Image.crop/meta.json (ext=.json, size=523)
2026-02-25 00:28:50,156 - Knowledge - INFO - Worker kw10 processing /app/data/newkinpogroup5515/55/b23195v/lu5-55/docs/latest/image/loadImage/index.html
2026-02-25 00:28:50,326 - Knowledge - INFO - Worker kw5 processing /app/data/newkinpogroup5515/55/b23195v/lu5-55/docs/latest/vector/Vector.add/meta.json
2026-02-25 00:28:50,353 - Knowledge - INFO - Async storage completed for 8 embeddings
2026-02-25 00:28:50,408 - Knowledge - INFO - Fast-tracked /app/data/newkinpogroup5515/55/b23195v/lu5-55/docs/latest/vector/Vector.dot/meta.json (ext=.json, size=585)
2026-02-25 00:28:50,844 - Knowledge - INFO - Worker kw10 processing /app/data/newkinpogroup5515/55/b23195v/lu5-55/docs/latest/image/loadImage/meta.json
2026-02-25 00:28:50,947 - Knowledge - INFO - Fast-tracked /app/data/newkinpogroup5515/55/b23195v/lu5-55/docs/latest/vector/Vector.add/meta.json (ext=.json, size=655)
2026-02-25 00:28:51,161 - Knowledge - INFO - Worker kw6 processing /app/data/newkinpogroup5515/55/b23195v/lu5-55/docs/latest/vector/Vector.div/index.html
2026-02-25 00:28:51,327 - Knowledge - INFO - Fast-tracked /app/data/newkinpogroup5515/55/b23195v/lu5-55/docs/latest/image/loadImage/meta.json (ext=.json, size=509)
2026-02-25 00:28:51,375 - Knowledge - INFO - [LLM_CALL] Completed: index.html:chunk1, Duration: 604ms, PromptTokens: 5062, CompletionTokens: 59, Cost: $0.00053
2026-02-25 00:28:51,458 - Knowledge - INFO - Worker kw5 processing /app/data/newkinpogroup5515/55/b23195v/lu5-55/docs/latest/vector/Vector.print/index.html
2026-02-25 00:28:51,589 - Knowledge - INFO - Worker kw6 processing /app/data/newkinpogroup5515/55/b23195v/lu5-55/docs/latest/vector/Vector.div/meta.json
2026-02-25 00:28:51,717 - Knowledge - INFO - Worker kw10 processing /app/data/newkinpogroup5515/55/b23195v/lu5-55/docs/latest/image/index.html
2026-02-25 00:28:51,822 - Knowledge - INFO - done ingest for /app/data/newkinpogroup5515/55/b23195v/lu5-55/docs/latest/math/floor/index.html
2026-02-25 00:28:51,823 - Knowledge - INFO - done ingest for /app/data/newkinpogroup5515/55/b23195v/lu5-55/docs/latest/shapes/rect/index.html
2026-02-25 00:28:51,958 - Knowledge - INFO - Worker kw5 processing /app/data/newkinpogroup5515/55/b23195v/lu5-55/docs/latest/vector/Vector.print/meta.json
2026-02-25 00:28:52,039 - Knowledge - INFO - Fast-tracked /app/data/newkinpogroup5515/55/b23195v/lu5-55/docs/latest/vector/Vector.div/meta.json (ext=.json, size=658)
2026-02-25 00:28:52,158 - Knowledge - INFO - Worker kw10 processing /app/data/newkinpogroup5515/55/b23195v/lu5-55/docs/latest/vector/Vector.dot/index.html
2026-02-25 00:28:52,342 - Knowledge - INFO - done ingest for /app/data/newkinpogroup5515/55/b23195v/lu5-55/docs/latest/math/round/index.html
2026-02-25 00:28:52,453 - Knowledge - INFO - Processing batch of 6 files
2026-02-25 00:28:52,538 - Knowledge - INFO - Fast-tracked /app/data/newkinpogroup5515/55/b23195v/lu5-55/docs/latest/vector/Vector.print/meta.json (ext=.json, size=552)
2026-02-25 00:28:52,613 - Knowledge - INFO - Worker kw6 processing /app/data/newkinpogroup5515/55/b23195v/lu5-55/docs/latest/vector/Vector.copy/index.html
2026-02-25 00:28:52,891 - Knowledge - INFO - process ingested knowledge for /app/data/newkinpogroup5515/55/b23195v/lu5-55/docs/latest/shapes/vertex/meta.json
2026-02-25 00:28:53,054 - Knowledge - INFO - Worker kw5 processing /app/data/newkinpogroup5515/55/b23195v/lu5-55/docs/latest/vector/Vector.idiv/index.html
2026-02-25 00:28:53,061 - Knowledge - INFO - [LLM_CALL] Completed: index.html:chunk1, Duration: 324ms, PromptTokens: 4948, CompletionTokens: 59, Cost: $0.00052
2026-02-25 00:28:53,147 - Knowledge - INFO - Worker kw6 processing /app/data/newkinpogroup5515/55/b23195v/lu5-55/docs/latest/vector/Vector.copy/meta.json
2026-02-25 00:28:53,248 - Knowledge - INFO - process ingested knowledge for /app/data/newkinpogroup5515/55/b23195v/lu5-55/docs/latest/shapes/rect/index.html
2026-02-25 00:28:53,372 - Knowledge - INFO - Worker kw5 processing /app/data/newkinpogroup5515/55/b23195v/lu5-55/docs/latest/vector/Vector.idiv/meta.json
2026-02-25 00:28:53,463 - Knowledge - INFO - done ingest for /app/data/newkinpogroup5515/55/b23195v/lu5-55/docs/latest/transform/scale/index.html
2026-02-25 00:28:53,582 - Knowledge - INFO - Fast-tracked /app/data/newkinpogroup5515/55/b23195v/lu5-55/docs/latest/vector/Vector.copy/meta.json (ext=.json, size=383)
2026-02-25 00:28:53,704 - Knowledge - INFO - process ingested knowledge for /app/data/newkinpogroup5515/55/b23195v/lu5-55/docs/latest/shapes/rect/meta.json
2026-02-25 00:28:53,826 - Knowledge - INFO - done ingest for /app/data/newkinpogroup5515/55/b23195v/lu5-55/docs/latest/math/sin/index.html
2026-02-25 00:28:53,832 - Knowledge - INFO - Fast-tracked /app/data/newkinpogroup5515/55/b23195v/lu5-55/docs/latest/vector/Vector.idiv/meta.json (ext=.json, size=664)
2026-02-25 00:28:54,009 - Knowledge - INFO - Worker kw6 processing /app/data/newkinpogroup5515/55/b23195v/lu5-55/docs/latest/vector/Vector.add/index.html
2026-02-25 00:28:54,096 - Knowledge - INFO - process ingested knowledge for /app/data/newkinpogroup5515/55/b23195v/lu5-55/docs/latest/shapes/square/index.html
2026-02-25 00:28:54,351 - Knowledge - INFO - Worker kw5 processing /app/data/newkinpogroup5515/55/b23195v/lu5-55/docs/latest/vector/Vector.mult/index.html
2026-02-25 00:28:54,557 - Knowledge - INFO - process ingested knowledge for /app/data/newkinpogroup5515/55/b23195v/lu5-55/docs/latest/shapes/square/meta.json
2026-02-25 00:28:54,568 - Knowledge - INFO - [LLM_CALL] Completed: index.html:chunk1, Duration: 116ms, PromptTokens: 5162, CompletionTokens: 59, Cost: $0.00054
2026-02-25 00:28:54,780 - Knowledge - INFO - process ingested knowledge for /app/data/newkinpogroup5515/55/b23195v/lu5-55/docs/latest/shapes/quad/index.html
2026-02-25 00:28:54,905 - Knowledge - INFO - done ingest for /app/data/newkinpogroup5515/55/b23195v/lu5-55/docs/latest/math/min/index.html
2026-02-25 00:28:55,643 - Knowledge - INFO - [LLM_CALL] Completed: index.html:chunk1, Duration: 738ms, PromptTokens: 4822, CompletionTokens: 59, Cost: $0.00051
2026-02-25 00:28:55,839 - Knowledge - INFO - done ingest for /app/data/newkinpogroup5515/55/b23195v/lu5-55/docs/latest/transform/rotateY/index.html
2026-02-25 00:28:55,840 - Knowledge - INFO - [kw4] Queue=307, InProgress=0, PendingWorkers=20/20, Completed=1034/1455 (71.1%)
2026-02-25 00:28:56,119 - Knowledge - INFO - done ingest for /app/data/newkinpogroup5515/55/b23195v/lu5-55/docs/latest/math/randomSeed/index.html
2026-02-25 00:28:56,205 - Knowledge - INFO - Batch sizing: calculated=6, max_allowed=10, queue=307, active_workers=20/20
2026-02-25 00:28:56,308 - Knowledge - INFO - Processing batch of 6 files
2026-02-25 00:28:56,401 - Knowledge - INFO - Async storing batch of 6 embeddings
2026-02-25 00:28:56,513 - Knowledge - INFO - process ingested knowledge for /app/data/newkinpogroup5515/55/b23195v/lu5-55/docs/latest/math/min/meta.json
2026-02-25 00:28:56,591 - Knowledge - INFO - Worker kw4 processing /app/data/newkinpogroup5515/55/b23195v/lu5-55/docs/latest/vector/Vector.mult/meta.json
2026-02-25 00:28:56,693 - Knowledge - INFO - process ingested knowledge for /app/data/newkinpogroup5515/55/b23195v/lu5-55/docs/latest/math/randomSeed/index.html
2026-02-25 00:28:56,787 - Knowledge - INFO - Fast-tracked /app/data/newkinpogroup5515/55/b23195v/lu5-55/docs/latest/vector/Vector.mult/meta.json (ext=.json, size=674)
2026-02-25 00:28:56,950 - Knowledge - INFO - process ingested knowledge for /app/data/newkinpogroup5515/55/b23195v/lu5-55/docs/latest/math/randomSeed/meta.json
2026-02-25 00:28:57,027 - Knowledge - INFO - Worker kw4 processing /app/data/newkinpogroup5515/55/b23195v/lu5-55/docs/latest/vector/Vector/index.html
2026-02-25 00:28:57,174 - Knowledge - INFO - process ingested knowledge for /app/data/newkinpogroup5515/55/b23195v/lu5-55/docs/latest/math/floor/index.html
2026-02-25 00:28:57,209 - Knowledge - INFO - done ingest for /app/data/newkinpogroup5515/55/b23195v/lu5-55/docs/latest/transform/rotate/index.html
2026-02-25 00:28:57,275 - Knowledge - INFO - Worker kw4 processing /app/data/newkinpogroup5515/55/b23195v/lu5-55/docs/latest/vector/Vector/meta.json
2026-02-25 00:28:57,378 - Knowledge - INFO - process ingested knowledge for /app/data/newkinpogroup5515/55/b23195v/lu5-55/docs/latest/math/floor/meta.json
2026-02-25 00:28:57,486 - Knowledge - INFO - Processing batch of 6 files
2026-02-25 00:28:57,616 - Knowledge - INFO - Fast-tracked /app/data/newkinpogroup5515/55/b23195v/lu5-55/docs/latest/vector/Vector/meta.json (ext=.json, size=457)
2026-02-25 00:28:57,736 - Knowledge - INFO - process ingested knowledge for /app/data/newkinpogroup5515/55/b23195v/lu5-55/docs/latest/math/sin/index.html
2026-02-25 00:28:57,808 - Knowledge - INFO - Async storage completed for 6 embeddings
2026-02-25 00:28:57,866 - Knowledge - INFO - process ingested knowledge for /app/data/newkinpogroup5515/55/b23195v/lu5-55/docs/latest/transform/rotateX/meta.json
2026-02-25 00:28:57,989 - Knowledge - INFO - Worker kw4 processing /app/data/newkinpogroup5515/55/b23195v/lu5-55/docs/latest/vector/Vector.sub/index.html
2026-02-25 00:28:58,003 - Knowledge - INFO - done ingest for /app/data/newkinpogroup5515/55/b23195v/lu5-55/docs/latest/shapes/index.html
2026-02-25 00:28:58,272 - Knowledge - INFO - process ingested knowledge for /app/data/newkinpogroup5515/55/b23195v/lu5-55/docs/latest/transform/rotate/index.html
2026-02-25 00:28:58,354 - Knowledge - INFO - Worker kw4 processing /app/data/newkinpogroup5515/55/b23195v/lu5-55/docs/latest/vector/Vector.sub/meta.json
2026-02-25 00:28:58,468 - Knowledge - INFO - Processing batch of 6 files
2026-02-25 00:28:58,588 - Knowledge - INFO - process ingested knowledge for /app/data/newkinpogroup5515/55/b23195v/lu5-55/docs/latest/transform/rotate/meta.json
2026-02-25 00:28:58,652 - Knowledge - INFO - Fast-tracked /app/data/newkinpogroup5515/55/b23195v/lu5-55/docs/latest/vector/Vector.sub/meta.json (ext=.json, size=664)
2026-02-25 00:28:58,732 - Knowledge - INFO - [WEBSOCKET] Sent: Type=progress_update, Size: 295, Duration: 0ms
2026-02-25 00:28:58,749 - Knowledge - INFO - process ingested knowledge for /app/data/newkinpogroup5515/55/b23195v/lu5-55/docs/latest/shapes/quad/meta.json
2026-02-25 00:28:58,833 - Knowledge - INFO - process ingested knowledge for /app/data/newkinpogroup5515/55/b23195v/lu5-55/docs/latest/math/round/index.html
2026-02-25 00:28:58,939 - Knowledge - INFO - Worker kw4 processing /app/data/newkinpogroup5515/55/b23195v/lu5-55/docs/latest/vector/index.html
2026-02-25 00:28:59,103 - Knowledge - INFO - [WEBSOCKET] Sent: Type=unknown, Size: ?, Duration: 371ms
2026-02-25 00:28:59,218 - Knowledge - INFO - process ingested knowledge for /app/data/newkinpogroup5515/55/b23195v/lu5-55/docs/latest/shapes/index.html
2026-02-25 00:28:59,335 - Knowledge - INFO - process ingested knowledge for /app/data/newkinpogroup5515/55/b23195v/lu5-55/docs/latest/math/round/meta.json
2026-02-25 00:28:59,557 - Knowledge - INFO - Progress: 72.3% | Files: 1052/1455 | Rate: 1.66 files/sec | Queue: 301
2026-02-25 00:28:59,660 - Knowledge - INFO - process ingested knowledge for /app/data/newkinpogroup5515/55/b23195v/lu5-55/docs/latest/transform/rotateY/index.html
2026-02-25 00:28:59,747 - Knowledge - INFO - process ingested knowledge for /app/data/newkinpogroup5515/55/b23195v/lu5-55/docs/latest/math/min/index.html
2026-02-25 00:28:59,861 - Knowledge - INFO - [kw19] Queue=301, InProgress=0, PendingWorkers=20/20, Completed=1052/1455 (72.3%)
2026-02-25 00:29:00,013 - Knowledge - INFO - process ingested knowledge for /app/data/newkinpogroup5515/55/b23195v/lu5-55/docs/latest/transform/rotateY/meta.json
2026-02-25 00:29:00,073 - Knowledge - INFO - [LLM_CALL] Completed: index.html:chunk1, Duration: 201ms, PromptTokens: 5182, CompletionTokens: 59, Cost: $0.00054
2026-02-25 00:29:00,225 - Knowledge - INFO - Batch sizing: calculated=6, max_allowed=10, queue=301, active_workers=20/20
2026-02-25 00:29:00,349 - Knowledge - INFO - process ingested knowledge for /app/data/newkinpogroup5515/55/b23195v/lu5-55/docs/latest/transform/scale/index.html
2026-02-25 00:29:00,396 - Knowledge - INFO - done ingest for /app/data/newkinpogroup5515/55/b23195v/lu5-55/docs/latest/math/map/index.html
2026-02-25 00:29:00,485 - Knowledge - INFO - Async storing batch of 6 embeddings
2026-02-25 00:29:00,605 - Knowledge - INFO - process ingested knowledge for /app/data/newkinpogroup5515/55/b23195v/lu5-55/docs/latest/transform/scale/meta.json
2026-02-25 00:29:00,773 - Knowledge - INFO - Worker kw19 processing /app/data/newkinpogroup5515/55/b23195v/lu5-55/docs/latest/vector/createVector/index.html
2026-02-25 00:29:00,930 - Knowledge - INFO - [kw2] Queue=295, InProgress=0, PendingWorkers=20/20, Completed=1052/1455 (72.3%)
2026-02-25 00:29:00,935 - Knowledge - INFO - Worker kw19 processing /app/data/newkinpogroup5515/55/b23195v/lu5-55/docs/latest/vector/createVector/meta.json
2026-02-25 00:29:01,092 - Knowledge - INFO - Batch sizing: calculated=6, max_allowed=10, queue=295, active_workers=20/20
2026-02-25 00:29:01,179 - Knowledge - INFO - Fast-tracked /app/data/newkinpogroup5515/55/b23195v/lu5-55/docs/latest/vector/createVector/meta.json (ext=.json, size=486)
2026-02-25 00:29:01,276 - Knowledge - INFO - Async storing batch of 6 embeddings
2026-02-25 00:29:01,404 - Knowledge - INFO - Worker kw19 processing /app/data/newkinpogroup5515/55/b23195v/lu5-55/docs/latest/shapes3D/plane/index.html
2026-02-25 00:29:01,523 - Knowledge - INFO - Worker kw2 processing /app/data/newkinpogroup5515/55/b23195v/lu5-55/docs/latest/shapes3D/index.html
2026-02-25 00:29:01,529 - Knowledge - INFO - [kw18] Queue=289, InProgress=0, PendingWorkers=20/20, Completed=1052/1455 (72.3%)
2026-02-25 00:29:01,629 - Knowledge - INFO - Worker kw19 processing /app/data/newkinpogroup5515/55/b23195v/lu5-55/docs/latest/shapes3D/plane/meta.json
2026-02-25 00:29:01,701 - Knowledge - INFO - Worker kw2 processing /app/data/newkinpogroup5515/55/b23195v/lu5-55/docs/latest/shapes3D/sphere/index.html
2026-02-25 00:29:01,810 - Knowledge - INFO - Batch sizing: calculated=6, max_allowed=10, queue=289, active_workers=20/20
2026-02-25 00:29:01,814 - Knowledge - INFO - Async storage completed for 8 embeddings
2026-02-25 00:29:01,919 - Knowledge - INFO - Fast-tracked /app/data/newkinpogroup5515/55/b23195v/lu5-55/docs/latest/shapes3D/plane/meta.json (ext=.json, size=460)
2026-02-25 00:29:02,009 - Knowledge - INFO - Worker kw2 processing /app/data/newkinpogroup5515/55/b23195v/lu5-55/docs/latest/shapes3D/sphere/meta.json
2026-02-25 00:29:02,117 - Knowledge - INFO - Async storing batch of 6 embeddings
2026-02-25 00:29:02,369 - Knowledge - INFO - Worker kw19 processing /app/data/newkinpogroup5515/55/b23195v/lu5-55/docs/latest/shapes3D/box/index.html
2026-02-25 00:29:02,395 - Knowledge - INFO - [LLM_CALL] Completed: index.html:chunk1, Duration: 375ms, PromptTokens: 4938, CompletionTokens: 59, Cost: $0.00052
2026-02-25 00:29:02,484 - Knowledge - INFO - Fast-tracked /app/data/newkinpogroup5515/55/b23195v/lu5-55/docs/latest/shapes3D/sphere/meta.json (ext=.json, size=520)
2026-02-25 00:29:02,595 - Knowledge - INFO - Worker kw18 processing /app/data/newkinpogroup5515/55/b23195v/lu5-55/docs/latest/typography/textFont/index.html
2026-02-25 00:29:02,687 - Knowledge - INFO - Worker kw19 processing /app/data/newkinpogroup5515/55/b23195v/lu5-55/docs/latest/shapes3D/box/meta.json
2026-02-25 00:29:02,763 - Knowledge - INFO - done ingest for /app/data/newkinpogroup5515/55/b23195v/lu5-55/docs/latest/math/abs/index.html
2026-02-25 00:29:02,884 - Knowledge - INFO - Worker kw2 processing /app/data/newkinpogroup5515/55/b23195v/lu5-55/docs/latest/index.html
2026-02-25 00:29:02,966 - Knowledge - INFO - Worker kw18 processing /app/data/newkinpogroup5515/55/b23195v/lu5-55/docs/latest/typography/textFont/meta.json
2026-02-25 00:29:03,036 - Knowledge - INFO - Fast-tracked /app/data/newkinpogroup5515/55/b23195v/lu5-55/docs/latest/shapes3D/box/meta.json (ext=.json, size=497)
2026-02-25 00:29:03,231 - Knowledge - INFO - Worker kw2 processing /app/data/newkinpogroup5515/55/b23195v/lu5-55/docs/latest/typography/textSize/index.html
2026-02-25 00:29:03,375 - Knowledge - INFO - Fast-tracked /app/data/newkinpogroup5515/55/b23195v/lu5-55/docs/latest/typography/textFont/meta.json (ext=.json, size=363)
2026-02-25 00:29:03,575 - Knowledge - INFO - Worker kw2 processing /app/data/newkinpogroup5515/55/b23195v/lu5-55/docs/latest/typography/textSize/meta.json
2026-02-25 00:29:03,693 - Knowledge - INFO - Worker kw18 processing /app/data/newkinpogroup5515/55/b23195v/lu5-55/docs/latest/typography/text/index.html
2026-02-25 00:29:03,777 - Knowledge - INFO - Fast-tracked /app/data/newkinpogroup5515/55/b23195v/lu5-55/docs/latest/typography/textSize/meta.json (ext=.json, size=476)
2026-02-25 00:29:03,912 - Knowledge - INFO - Worker kw18 processing /app/data/newkinpogroup5515/55/b23195v/lu5-55/docs/latest/typography/text/meta.json
2026-02-25 00:29:04,081 - Knowledge - INFO - Fast-tracked /app/data/newkinpogroup5515/55/b23195v/lu5-55/docs/latest/typography/text/meta.json (ext=.json, size=475)
2026-02-25 00:29:04,193 - Knowledge - INFO - [LLM_CALL] Completed: index.html:chunk1, Duration: 217ms, PromptTokens: 4948, CompletionTokens: 59, Cost: $0.00052
2026-02-25 00:29:04,308 - Knowledge - INFO - Worker kw18 processing /app/data/newkinpogroup5515/55/b23195v/lu5-55/docs/latest/typography/index.html
2026-02-25 00:29:04,432 - Knowledge - INFO - done ingest for /app/data/newkinpogroup5515/55/b23195v/lu5-55/docs/latest/transform/translate/index.html
2026-02-25 00:29:04,513 - Knowledge - INFO - Worker kw18 processing /app/data/newkinpogroup5515/55/b23195v/lu5-55/docs/latest/typography/loadFont/index.html
2026-02-25 00:29:04,836 - Knowledge - INFO - [LLM_CALL] Completed: index.html:chunk1, Duration: 339ms, PromptTokens: 5162, CompletionTokens: 59, Cost: $0.00054
2026-02-25 00:29:04,997 - Knowledge - INFO - done ingest for /app/data/newkinpogroup5515/55/b23195v/lu5-55/docs/latest/math/max/index.html
2026-02-25 00:29:05,203 - Knowledge - INFO - Processing batch of 6 files
2026-02-25 00:29:05,423 - Knowledge - INFO - process ingested knowledge for /app/data/newkinpogroup5515/55/b23195v/lu5-55/docs/latest/math/sin/meta.json
2026-02-25 00:29:05,582 - Knowledge - INFO - process ingested knowledge for /app/data/newkinpogroup5515/55/b23195v/lu5-55/docs/latest/math/abs/index.html
2026-02-25 00:29:05,786 - Knowledge - INFO - process ingested knowledge for /app/data/newkinpogroup5515/55/b23195v/lu5-55/docs/latest/math/abs/meta.json
2026-02-25 00:29:05,956 - Knowledge - INFO - process ingested knowledge for /app/data/newkinpogroup5515/55/b23195v/lu5-55/docs/latest/math/max/index.html
2026-02-25 00:29:06,130 - Knowledge - INFO - process ingested knowledge for /app/data/newkinpogroup5515/55/b23195v/lu5-55/docs/latest/math/max/meta.json
2026-02-25 00:29:06,313 - Knowledge - INFO - process ingested knowledge for /app/data/newkinpogroup5515/55/b23195v/lu5-55/docs/latest/math/map/index.html
2026-02-25 00:29:06,608 - Knowledge - INFO - [LLM_CALL] Completed: index.html:chunk1, Duration: 508ms, PromptTokens: 6342, CompletionTokens: 59, Cost: $0.00066
2026-02-25 00:29:06,762 - Knowledge - INFO - done ingest for /app/data/newkinpogroup5515/55/b23195v/lu5-55/docs/latest/transform/index.html
2026-02-25 00:29:07,191 - Knowledge - INFO - [kw16] Queue=283, InProgress=0, PendingWorkers=20/20, Completed=1058/1455 (72.7%)
2026-02-25 00:29:07,395 - Knowledge - INFO - Batch sizing: calculated=6, max_allowed=10, queue=283, active_workers=20/20
2026-02-25 00:29:07,585 - Knowledge - INFO - Async storing batch of 6 embeddings
2026-02-25 00:29:07,766 - Knowledge - INFO - Worker kw16 processing /app/data/newkinpogroup5515/55/b23195v/lu5-55/docs/latest/typography/loadFont/meta.json
2026-02-25 00:29:07,956 - Knowledge - INFO - Fast-tracked /app/data/newkinpogroup5515/55/b23195v/lu5-55/docs/latest/typography/loadFont/meta.json (ext=.json, size=547)
2026-02-25 00:29:08,012 - Knowledge - INFO - Async storage completed for 8 embeddings
2026-02-25 00:29:08,123 - Knowledge - INFO - Worker kw16 processing /app/data/newkinpogroup5515/55/b23195v/lu5-55/docs/v0.0.1/io/print/index.html
2026-02-25 00:29:08,328 - Knowledge - INFO - Worker kw16 processing /app/data/newkinpogroup5515/55/b23195v/lu5-55/docs/v0.0.1/io/print/meta.json
2026-02-25 00:29:08,478 - Knowledge - INFO - Fast-tracked /app/data/newkinpogroup5515/55/b23195v/lu5-55/docs/v0.0.1/io/print/meta.json (ext=.json, size=309)
2026-02-25 00:29:08,646 - Knowledge - INFO - Worker kw16 processing /app/data/newkinpogroup5515/55/b23195v/lu5-55/docs/v0.0.1/io/index.html
2026-02-25 00:29:08,968 - Knowledge - INFO - [LLM_CALL] Completed: index.html:chunk1, Duration: 388ms, PromptTokens: 4822, CompletionTokens: 59, Cost: $0.00051
2026-02-25 00:29:09,069 - Knowledge - INFO - Worker kw16 processing /app/data/newkinpogroup5515/55/b23195v/lu5-55/docs/v0.0.1/window/background/index.html
2026-02-25 00:29:09,188 - Knowledge - INFO - done ingest for /app/data/newkinpogroup5515/55/b23195v/lu5-55/docs/latest/transform/rotateZ/index.html
2026-02-25 00:29:09,272 - Knowledge - INFO - Worker kw16 processing /app/data/newkinpogroup5515/55/b23195v/lu5-55/docs/v0.0.1/window/background/meta.json
2026-02-25 00:29:09,526 - Knowledge - INFO - Fast-tracked /app/data/newkinpogroup5515/55/b23195v/lu5-55/docs/v0.0.1/window/background/meta.json (ext=.json, size=392)
2026-02-25 00:29:10,641 - Knowledge - INFO - [LLM_CALL] Completed: index.html:chunk1, Duration: 916ms, PromptTokens: 5110, CompletionTokens: 59, Cost: $0.00053
2026-02-25 00:29:10,816 - Knowledge - INFO - done ingest for /app/data/newkinpogroup5515/55/b23195v/lu5-55/docs/latest/math/random/index.html
2026-02-25 00:29:11,334 - Knowledge - INFO - done ingest for /app/data/newkinpogroup5515/55/b23195v/lu5-55/docs/latest/transform/rotateX/index.html
2026-02-25 00:29:11,571 - Knowledge - INFO - Processing batch of 6 files
2026-02-25 00:29:11,772 - Knowledge - INFO - process ingested knowledge for /app/data/newkinpogroup5515/55/b23195v/lu5-55/docs/latest/transform/translate/index.html
2026-02-25 00:29:11,948 - Knowledge - INFO - process ingested knowledge for /app/data/newkinpogroup5515/55/b23195v/lu5-55/docs/latest/transform/translate/meta.json
2026-02-25 00:29:12,129 - Knowledge - INFO - process ingested knowledge for /app/data/newkinpogroup5515/55/b23195v/lu5-55/docs/latest/transform/rotateZ/index.html
2026-02-25 00:29:12,314 - Knowledge - INFO - process ingested knowledge for /app/data/newkinpogroup5515/55/b23195v/lu5-55/docs/latest/transform/rotateZ/meta.json
2026-02-25 00:29:12,533 - Knowledge - INFO - process ingested knowledge for /app/data/newkinpogroup5515/55/b23195v/lu5-55/docs/latest/transform/index.html
2026-02-25 00:29:12,701 - Knowledge - INFO - process ingested knowledge for /app/data/newkinpogroup5515/55/b23195v/lu5-55/docs/latest/transform/rotateX/index.html
2026-02-25 00:29:13,205 - Knowledge - INFO - [LLM_CALL] Completed: index.html:chunk1, Duration: 533ms, PromptTokens: 5020, CompletionTokens: 59, Cost: $0.00053
2026-02-25 00:29:13,397 - Knowledge - INFO - done ingest for /app/data/newkinpogroup5515/55/b23195v/lu5-55/docs/latest/math/constrain/index.html
2026-02-25 00:29:13,629 - Knowledge - INFO - [kw3] Queue=277, InProgress=0, PendingWorkers=20/20, Completed=1064/1455 (73.1%)
2026-02-25 00:29:13,849 - Knowledge - INFO - Batch sizing: calculated=6, max_allowed=10, queue=277, active_workers=20/20
2026-02-25 00:29:14,027 - Knowledge - INFO - Async storing batch of 6 embeddings
2026-02-25 00:29:14,192 - Knowledge - INFO - Worker kw3 processing /app/data/newkinpogroup5515/55/b23195v/lu5-55/docs/v0.0.1/window/createWindow/index.html
2026-02-25 00:29:14,395 - Knowledge - INFO - Worker kw3 processing /app/data/newkinpogroup5515/55/b23195v/lu5-55/docs/v0.0.1/window/createWindow/meta.json
2026-02-25 00:29:14,560 - Knowledge - INFO - Fast-tracked /app/data/newkinpogroup5515/55/b23195v/lu5-55/docs/v0.0.1/window/createWindow/meta.json (ext=.json, size=374)
2026-02-25 00:29:14,790 - Knowledge - INFO - Worker kw3 processing /app/data/newkinpogroup5515/55/b23195v/lu5-55/docs/v0.0.1/window/index.html
2026-02-25 00:29:14,983 - Knowledge - INFO - Worker kw3 processing /app/data/newkinpogroup5515/55/b23195v/lu5-55/docs/v0.0.1/shapes/line/index.html
2026-02-25 00:29:15,189 - Knowledge - INFO - Worker kw3 processing /app/data/newkinpogroup5515/55/b23195v/lu5-55/docs/v0.0.1/shapes/line/meta.json
2026-02-25 00:29:15,458 - Knowledge - INFO - [LLM_CALL] Completed: index.html:chunk1, Duration: 164ms, PromptTokens: 4894, CompletionTokens: 59, Cost: $0.00051
2026-02-25 00:29:15,464 - Knowledge - INFO - Fast-tracked /app/data/newkinpogroup5515/55/b23195v/lu5-55/docs/v0.0.1/shapes/line/meta.json (ext=.json, size=473)
2026-02-25 00:29:15,631 - Knowledge - INFO - done ingest for /app/data/newkinpogroup5515/55/b23195v/lu5-55/docs/latest/math/cos/index.html
2026-02-25 00:29:15,731 - Knowledge - INFO - Worker kw3 processing /app/data/newkinpogroup5515/55/b23195v/lu5-55/docs/v0.0.1/shapes/circle/index.html
2026-02-25 00:29:15,827 - Knowledge - INFO - Processing batch of 6 files
2026-02-25 00:29:16,016 - Knowledge - INFO - process ingested knowledge for /app/data/newkinpogroup5515/55/b23195v/lu5-55/docs/latest/math/map/meta.json
2026-02-25 00:29:16,178 - Knowledge - INFO - process ingested knowledge for /app/data/newkinpogroup5515/55/b23195v/lu5-55/docs/latest/math/constrain/index.html
2026-02-25 00:29:16,336 - Knowledge - INFO - process ingested knowledge for /app/data/newkinpogroup5515/55/b23195v/lu5-55/docs/latest/math/constrain/meta.json
2026-02-25 00:29:16,569 - Knowledge - INFO - process ingested knowledge for /app/data/newkinpogroup5515/55/b23195v/lu5-55/docs/latest/math/random/index.html
2026-02-25 00:29:16,603 - Knowledge - INFO - Async storage completed for 8 embeddings
2026-02-25 00:29:16,756 - Knowledge - INFO - process ingested knowledge for /app/data/newkinpogroup5515/55/b23195v/lu5-55/docs/latest/math/random/meta.json
2026-02-25 00:29:16,975 - Knowledge - INFO - process ingested knowledge for /app/data/newkinpogroup5515/55/b23195v/lu5-55/docs/latest/math/cos/index.html
2026-02-25 00:29:17,667 - Knowledge - INFO - [kw13] Queue=271, InProgress=0, PendingWorkers=20/20, Completed=1070/1455 (73.5%)
2026-02-25 00:29:17,863 - Knowledge - INFO - Batch sizing: calculated=6, max_allowed=10, queue=271, active_workers=20/20
2026-02-25 00:29:18,047 - Knowledge - INFO - Async storing batch of 6 embeddings
2026-02-25 00:29:18,236 - Knowledge - INFO - Worker kw13 processing /app/data/newkinpogroup5515/55/b23195v/lu5-55/docs/v0.0.1/shapes/circle/meta.json
2026-02-25 00:29:18,441 - Knowledge - INFO - Fast-tracked /app/data/newkinpogroup5515/55/b23195v/lu5-55/docs/v0.0.1/shapes/circle/meta.json (ext=.json, size=391)
2026-02-25 00:29:18,616 - Knowledge - INFO - Worker kw13 processing /app/data/newkinpogroup5515/55/b23195v/lu5-55/docs/v0.0.1/shapes/point/index.html
2026-02-25 00:29:18,626 - Knowledge - INFO - Async storage completed for 8 embeddings
2026-02-25 00:29:18,820 - Knowledge - INFO - Worker kw13 processing /app/data/newkinpogroup5515/55/b23195v/lu5-55/docs/v0.0.1/shapes/point/meta.json
2026-02-25 00:29:19,020 - Knowledge - INFO - Fast-tracked /app/data/newkinpogroup5515/55/b23195v/lu5-55/docs/v0.0.1/shapes/point/meta.json (ext=.json, size=210)
2026-02-25 00:29:19,173 - Knowledge - INFO - Worker kw13 processing /app/data/newkinpogroup5515/55/b23195v/lu5-55/docs/v0.0.1/shapes/triangle/index.html
2026-02-25 00:29:19,453 - Knowledge - INFO - Worker kw13 processing /app/data/newkinpogroup5515/55/b23195v/lu5-55/docs/v0.0.1/shapes/triangle/meta.json
2026-02-25 00:29:19,707 - Knowledge - INFO - Fast-tracked /app/data/newkinpogroup5515/55/b23195v/lu5-55/docs/v0.0.1/shapes/triangle/meta.json (ext=.json, size=218)
2026-02-25 00:29:19,708 - Knowledge - INFO - [LLM_CALL] Completed: index.html:chunk1, Duration: 178ms, PromptTokens: 4796, CompletionTokens: 59, Cost: $0.00050
2026-02-25 00:29:19,899 - Knowledge - INFO - Worker kw13 processing /app/data/newkinpogroup5515/55/b23195v/lu5-55/docs/v0.0.1/shapes/arc/index.html
2026-02-25 00:29:19,980 - Knowledge - INFO - done ingest for /app/data/newkinpogroup5515/55/b23195v/lu5-55/docs/latest/setting/noStroke/index.html
2026-02-25 00:29:20,638 - Knowledge - INFO - Async storage completed for 6 embeddings
2026-02-25 00:29:21,200 - Knowledge - INFO - [LLM_CALL] Completed: index.html:chunk1, Duration: 1121ms, PromptTokens: 5024, CompletionTokens: 59, Cost: $0.00053
2026-02-25 00:29:21,398 - Knowledge - INFO - done ingest for /app/data/newkinpogroup5515/55/b23195v/lu5-55/docs/latest/setting/stroke/index.html
2026-02-25 00:29:21,626 - Knowledge - INFO - Async storage completed for 6 embeddings
2026-02-25 00:29:22,315 - Knowledge - INFO - [LLM_CALL] Completed: index.html:chunk1, Duration: 588ms, PromptTokens: 7902, CompletionTokens: 59, Cost: $0.00081
2026-02-25 00:29:22,481 - Knowledge - INFO - done ingest for /app/data/newkinpogroup5515/55/b23195v/lu5-55/docs/latest/setting/index.html
2026-02-25 00:29:23,132 - Knowledge - INFO - [LLM_CALL] Completed: index.html:chunk1, Duration: 292ms, PromptTokens: 4892, CompletionTokens: 59, Cost: $0.00051
2026-02-25 00:29:23,363 - Knowledge - INFO - done ingest for /app/data/newkinpogroup5515/55/b23195v/lu5-55/docs/latest/math/tan/index.html
2026-02-25 00:29:23,678 - Knowledge - INFO - [LLM_CALL] Completed: index.html:chunk1, Duration: 314ms, PromptTokens: 4972, CompletionTokens: 59, Cost: $0.00052
2026-02-25 00:29:23,862 - Knowledge - INFO - done ingest for /app/data/newkinpogroup5515/55/b23195v/lu5-55/docs/latest/setting/background/index.html
2026-02-25 00:29:24,101 - Knowledge - INFO - done ingest for /app/data/newkinpogroup5515/55/b23195v/lu5-55/docs/latest/mouse/mouseY/index.html
2026-02-25 00:29:24,736 - Knowledge - INFO - done ingest for /app/data/newkinpogroup5515/55/b23195v/lu5-55/docs/latest/setting/debugMode/index.html
2026-02-25 00:29:24,913 - Knowledge - INFO - Processing batch of 6 files
2026-02-25 00:29:25,133 - Knowledge - INFO - process ingested knowledge for /app/data/newkinpogroup5515/55/b23195v/lu5-55/docs/latest/setting/noFill/meta.json
2026-02-25 00:29:25,342 - Knowledge - INFO - process ingested knowledge for /app/data/newkinpogroup5515/55/b23195v/lu5-55/docs/latest/setting/debugMode/index.html
2026-02-25 00:29:25,590 - Knowledge - INFO - done ingest for /app/data/newkinpogroup5515/55/b23195v/lu5-55/docs/latest/math/ceil/index.html
2026-02-25 00:29:25,593 - Knowledge - INFO - process ingested knowledge for /app/data/newkinpogroup5515/55/b23195v/lu5-55/docs/latest/setting/debugMode/meta.json
2026-02-25 00:29:25,908 - Knowledge - INFO - process ingested knowledge for /app/data/newkinpogroup5515/55/b23195v/lu5-55/docs/latest/setting/noStroke/index.html
2026-02-25 00:29:26,130 - Knowledge - INFO - process ingested knowledge for /app/data/newkinpogroup5515/55/b23195v/lu5-55/docs/latest/setting/noStroke/meta.json
2026-02-25 00:29:26,223 - Knowledge - INFO - done ingest for /app/data/newkinpogroup5515/55/b23195v/lu5-55/docs/latest/setting/noFill/index.html
2026-02-25 00:29:26,335 - Knowledge - INFO - process ingested knowledge for /app/data/newkinpogroup5515/55/b23195v/lu5-55/docs/latest/setting/index.html
2026-02-25 00:29:26,495 - Knowledge - INFO - Processing batch of 6 files
2026-02-25 00:29:26,538 - Knowledge - INFO - done ingest for /app/data/newkinpogroup5515/55/b23195v/lu5-55/docs/latest/mouse/pmouseY/index.html
2026-02-25 00:29:26,723 - Knowledge - INFO - process ingested knowledge for /app/data/newkinpogroup5515/55/b23195v/lu5-55/docs/latest/setting/push/meta.json
2026-02-25 00:29:26,825 - Knowledge - INFO - Processing batch of 6 files
2026-02-25 00:29:26,917 - Knowledge - INFO - process ingested knowledge for /app/data/newkinpogroup5515/55/b23195v/lu5-55/docs/latest/setting/background/index.html
2026-02-25 00:29:27,020 - Knowledge - INFO - process ingested knowledge for /app/data/newkinpogroup5515/55/b23195v/lu5-55/docs/latest/keyboard/keyPressed/meta.json
2026-02-25 00:29:27,139 - Knowledge - INFO - process ingested knowledge for /app/data/newkinpogroup5515/55/b23195v/lu5-55/docs/latest/setting/background/meta.json
2026-02-25 00:29:27,251 - Knowledge - INFO - process ingested knowledge for /app/data/newkinpogroup5515/55/b23195v/lu5-55/docs/latest/modules.json
2026-02-25 00:29:27,270 - Knowledge - INFO - [WEBSOCKET] Sent: Type=progress_update, Size: 295, Duration: 0ms
2026-02-25 00:29:27,389 - Knowledge - INFO - process ingested knowledge for /app/data/newkinpogroup5515/55/b23195v/lu5-55/docs/latest/setting/stroke/index.html
2026-02-25 00:29:27,510 - Knowledge - INFO - process ingested knowledge for /app/data/newkinpogroup5515/55/b23195v/lu5-55/docs/latest/mouse/pmouseY/index.html
2026-02-25 00:29:27,604 - Knowledge - INFO - [WEBSOCKET] Sent: Type=unknown, Size: ?, Duration: 334ms
2026-02-25 00:29:27,695 - Knowledge - INFO - process ingested knowledge for /app/data/newkinpogroup5515/55/b23195v/lu5-55/docs/latest/setting/stroke/meta.json
2026-02-25 00:29:27,840 - Knowledge - INFO - process ingested knowledge for /app/data/newkinpogroup5515/55/b23195v/lu5-55/docs/latest/mouse/pmouseY/meta.json
2026-02-25 00:29:27,970 - Knowledge - INFO - Progress: 74.8% | Files: 1088/1455 | Rate: 1.64 files/sec | Queue: 265
2026-02-25 00:29:27,970 - Knowledge - INFO - [LLM_CALL] Completed: index.html:chunk1, Duration: 804ms, PromptTokens: 12970, CompletionTokens: 59, Cost: $0.00132
2026-02-25 00:29:28,045 - Knowledge - INFO - process ingested knowledge for /app/data/newkinpogroup5515/55/b23195v/lu5-55/docs/latest/setting/noFill/index.html
2026-02-25 00:29:28,141 - Knowledge - INFO - process ingested knowledge for /app/data/newkinpogroup5515/55/b23195v/lu5-55/docs/latest/mouse/mouseY/index.html
2026-02-25 00:29:28,233 - Knowledge - INFO - [kw17] Queue=265, InProgress=0, PendingWorkers=20/20, Completed=1088/1455 (74.8%)
2026-02-25 00:29:28,352 - Knowledge - INFO - done ingest for /app/data/newkinpogroup5515/55/b23195v/lu5-55/docs/latest/math/index.html
2026-02-25 00:29:28,525 - Knowledge - INFO - process ingested knowledge for /app/data/newkinpogroup5515/55/b23195v/lu5-55/docs/latest/mouse/mouseY/meta.json
2026-02-25 00:29:28,604 - Knowledge - INFO - Batch sizing: calculated=6, max_allowed=10, queue=265, active_workers=20/20
2026-02-25 00:29:28,752 - Knowledge - INFO - Processing batch of 6 files
2026-02-25 00:29:28,959 - Knowledge - INFO - process ingested knowledge for /app/data/newkinpogroup5515/55/b23195v/lu5-55/docs/latest/math/cos/meta.json
2026-02-25 00:29:28,979 - Knowledge - INFO - Async storing batch of 6 embeddings
2026-02-25 00:29:29,253 - Knowledge - INFO - process ingested knowledge for /app/data/newkinpogroup5515/55/b23195v/lu5-55/docs/latest/math/ceil/index.html
2026-02-25 00:29:29,254 - Knowledge - INFO - [kw7] Queue=259, InProgress=0, PendingWorkers=20/20, Completed=1094/1455 (75.2%)
2026-02-25 00:29:29,257 - Knowledge - INFO - Worker kw17 processing /app/data/newkinpogroup5515/55/b23195v/lu5-55/docs/v0.0.1/shapes/arc/meta.json
2026-02-25 00:29:29,444 - Knowledge - INFO - process ingested knowledge for /app/data/newkinpogroup5515/55/b23195v/lu5-55/docs/latest/math/ceil/meta.json
2026-02-25 00:29:29,492 - Knowledge - INFO - [kw1] Queue=259, InProgress=0, PendingWorkers=20/20, Completed=1094/1455 (75.2%)
2026-02-25 00:29:29,541 - Knowledge - INFO - Batch sizing: calculated=6, max_allowed=10, queue=259, active_workers=20/20
2026-02-25 00:29:29,641 - Knowledge - INFO - Fast-tracked /app/data/newkinpogroup5515/55/b23195v/lu5-55/docs/v0.0.1/shapes/arc/meta.json (ext=.json, size=207)
2026-02-25 00:29:29,715 - Knowledge - INFO - process ingested knowledge for /app/data/newkinpogroup5515/55/b23195v/lu5-55/docs/latest/math/tan/index.html
2026-02-25 00:29:29,798 - Knowledge - INFO - Batch sizing: calculated=6, max_allowed=10, queue=259, active_workers=20/20
2026-02-25 00:29:29,885 - Knowledge - INFO - Async storing batch of 6 embeddings
2026-02-25 00:29:30,012 - Knowledge - INFO - Worker kw17 processing /app/data/newkinpogroup5515/55/b23195v/lu5-55/docs/v0.0.1/shapes/ellipse/index.html
2026-02-25 00:29:30,125 - Knowledge - INFO - process ingested knowledge for /app/data/newkinpogroup5515/55/b23195v/lu5-55/docs/latest/math/tan/meta.json
2026-02-25 00:29:30,256 - Knowledge - INFO - Async storing batch of 6 embeddings
2026-02-25 00:29:30,342 - Knowledge - INFO - Worker kw7 processing /app/data/newkinpogroup5515/55/b23195v/lu5-55/docs/v0.0.1/shapes/square/meta.json
2026-02-25 00:29:30,442 - Knowledge - INFO - Worker kw17 processing /app/data/newkinpogroup5515/55/b23195v/lu5-55/docs/v0.0.1/shapes/ellipse/meta.json
2026-02-25 00:29:30,543 - Knowledge - INFO - process ingested knowledge for /app/data/newkinpogroup5515/55/b23195v/lu5-55/docs/latest/math/index.html
2026-02-25 00:29:30,620 - Knowledge - INFO - Worker kw1 processing /app/data/newkinpogroup5515/55/b23195v/lu5-55/docs/v0.0.1/setting/index.html
2026-02-25 00:29:30,712 - Knowledge - INFO - Fast-tracked /app/data/newkinpogroup5515/55/b23195v/lu5-55/docs/v0.0.1/shapes/square/meta.json (ext=.json, size=387)
2026-02-25 00:29:30,804 - Knowledge - INFO - Fast-tracked /app/data/newkinpogroup5515/55/b23195v/lu5-55/docs/v0.0.1/shapes/ellipse/meta.json (ext=.json, size=221)
2026-02-25 00:29:30,986 - Knowledge - INFO - Worker kw1 processing /app/data/newkinpogroup5515/55/b23195v/lu5-55/docs/v0.0.1/setting/fill/index.html
2026-02-25 00:29:31,096 - Knowledge - INFO - Worker kw7 processing /app/data/newkinpogroup5515/55/b23195v/lu5-55/docs/v0.0.1/shapes/text/index.html
2026-02-25 00:29:31,170 - Knowledge - INFO - Worker kw17 processing /app/data/newkinpogroup5515/55/b23195v/lu5-55/docs/v0.0.1/shapes/rect/index.html
2026-02-25 00:29:31,267 - Knowledge - INFO - Worker kw1 processing /app/data/newkinpogroup5515/55/b23195v/lu5-55/docs/v0.0.1/setting/fill/meta.json
2026-02-25 00:29:31,352 - Knowledge - INFO - Worker kw7 processing /app/data/newkinpogroup5515/55/b23195v/lu5-55/docs/v0.0.1/shapes/text/meta.json
2026-02-25 00:29:31,449 - Knowledge - INFO - Worker kw17 processing /app/data/newkinpogroup5515/55/b23195v/lu5-55/docs/v0.0.1/shapes/rect/meta.json
2026-02-25 00:29:31,540 - Knowledge - INFO - Fast-tracked /app/data/newkinpogroup5515/55/b23195v/lu5-55/docs/v0.0.1/setting/fill/meta.json (ext=.json, size=384)
2026-02-25 00:29:31,663 - Knowledge - INFO - Fast-tracked /app/data/newkinpogroup5515/55/b23195v/lu5-55/docs/v0.0.1/shapes/text/meta.json (ext=.json, size=206)
2026-02-25 00:29:31,733 - Knowledge - INFO - Fast-tracked /app/data/newkinpogroup5515/55/b23195v/lu5-55/docs/v0.0.1/shapes/rect/meta.json (ext=.json, size=423)
2026-02-25 00:29:31,776 - Knowledge - INFO - [kw12] Queue=247, InProgress=0, PendingWorkers=20/20, Completed=1094/1455 (75.2%)
2026-02-25 00:29:31,830 - Knowledge - INFO - Worker kw1 processing /app/data/newkinpogroup5515/55/b23195v/lu5-55/docs/v0.0.1/modules.json
2026-02-25 00:29:31,935 - Knowledge - INFO - Worker kw7 processing /app/data/newkinpogroup5515/55/b23195v/lu5-55/docs/v0.0.1/shapes/quad/index.html
2026-02-25 00:29:32,016 - Knowledge - INFO - Worker kw17 processing /app/data/newkinpogroup5515/55/b23195v/lu5-55/docs/v0.0.1/shapes/square/index.html
2026-02-25 00:29:32,107 - Knowledge - INFO - Batch sizing: calculated=6, max_allowed=10, queue=247, active_workers=20/20
2026-02-25 00:29:32,211 - Knowledge - INFO - Fast-tracked /app/data/newkinpogroup5515/55/b23195v/lu5-55/docs/v0.0.1/modules.json (ext=.json, size=551)
2026-02-25 00:29:32,294 - Knowledge - INFO - Worker kw7 processing /app/data/newkinpogroup5515/55/b23195v/lu5-55/docs/v0.0.1/shapes/quad/meta.json
2026-02-25 00:29:32,501 - Knowledge - INFO - Async storing batch of 6 embeddings
2026-02-25 00:29:32,583 - Knowledge - INFO - Worker kw1 processing /app/data/newkinpogroup5515/55/b23195v/lu5-55/docs/v0.0.1/events/isKeyDown/index.html
2026-02-25 00:29:32,696 - Knowledge - INFO - Fast-tracked /app/data/newkinpogroup5515/55/b23195v/lu5-55/docs/v0.0.1/shapes/quad/meta.json (ext=.json, size=723)
2026-02-25 00:29:32,811 - Knowledge - INFO - Worker kw12 processing /app/data/newkinpogroup5515/55/b23195v/lu5-55/docs/v0.0.1/events/index.html
2026-02-25 00:29:32,920 - Knowledge - INFO - Worker kw1 processing /app/data/newkinpogroup5515/55/b23195v/lu5-55/docs/v0.0.1/events/isKeyDown/meta.json
2026-02-25 00:29:32,995 - Knowledge - INFO - Worker kw7 processing /app/data/newkinpogroup5515/55/b23195v/lu5-55/docs/v0.0.1/shapes/index.html
2026-02-25 00:29:33,117 - Knowledge - INFO - Worker kw12 processing /app/data/newkinpogroup5515/55/b23195v/lu5-55/docs/v0.0.1/index.html
2026-02-25 00:29:33,211 - Knowledge - INFO - Fast-tracked /app/data/newkinpogroup5515/55/b23195v/lu5-55/docs/v0.0.1/events/isKeyDown/meta.json (ext=.json, size=334)
2026-02-25 00:29:33,465 - Knowledge - INFO - Worker kw12 processing /app/data/newkinpogroup5515/55/b23195v/lu5-55/docs/assets/menu.js
2026-02-25 00:29:33,692 - Knowledge - INFO - Async storage completed for 6 embeddings
2026-02-25 00:29:33,703 - Knowledge - INFO - Fast-tracked /app/data/newkinpogroup5515/55/b23195v/lu5-55/docs/assets/menu.js (ext=.js, size=1035)
2026-02-25 00:29:33,799 - Knowledge - INFO - Async storage completed for 6 embeddings
2026-02-25 00:29:33,983 - Knowledge - INFO - Worker kw12 processing /app/data/newkinpogroup5515/55/b23195v/lu5-55/docs/assets/common.css
2026-02-25 00:29:34,162 - Knowledge - INFO - Fast-tracked /app/data/newkinpogroup5515/55/b23195v/lu5-55/docs/assets/common.css (ext=.css, size=1298)
2026-02-25 00:29:34,356 - Knowledge - INFO - Worker kw12 processing /app/data/newkinpogroup5515/55/b23195v/lu5-55/docs/assets/docs.css
2026-02-25 00:29:34,568 - Knowledge - INFO - Fast-tracked /app/data/newkinpogroup5515/55/b23195v/lu5-55/docs/assets/docs.css (ext=.css, size=5014)
2026-02-25 00:29:34,726 - Knowledge - INFO - Worker kw12 processing /app/data/newkinpogroup5515/55/b23195v/lu5-55/docs/assets/lu5-wasm.min.js
2026-02-25 00:29:34,927 - Knowledge - INFO - Fast-tracked /app/data/newkinpogroup5515/55/b23195v/lu5-55/docs/assets/lu5-wasm.min.js (ext=.js, size=18849)
2026-02-25 00:29:35,936 - Knowledge - INFO - [LLM_CALL] Completed: index.html:chunk1, Duration: 184ms, PromptTokens: 5258, CompletionTokens: 59, Cost: $0.00055
2026-02-25 00:29:36,116 - Knowledge - INFO - done ingest for /app/data/newkinpogroup5515/55/b23195v/lu5-55/docs/latest/classes/class/index.html
2026-02-25 00:29:36,422 - Knowledge - INFO - [LLM_CALL] Completed: index.html:chunk1, Duration: 305ms, PromptTokens: 5076, CompletionTokens: 59, Cost: $0.00053
2026-02-25 00:29:36,656 - Knowledge - INFO - done ingest for /app/data/newkinpogroup5515/55/b23195v/lu5-55/docs/latest/mouse/mouseWheel/index.html
2026-02-25 00:29:38,244 - Knowledge - INFO - [LLM_CALL] Completed: index.html:chunk1, Duration: 444ms, PromptTokens: 4706, CompletionTokens: 59, Cost: $0.00049
2026-02-25 00:29:38,429 - Knowledge - INFO - done ingest for /app/data/newkinpogroup5515/55/b23195v/lu5-55/docs/latest/setting/push/index.html
2026-02-25 00:29:39,165 - Knowledge - INFO - done ingest for /app/data/newkinpogroup5515/55/b23195v/lu5-55/docs/latest/mouse/pmouseX/index.html
2026-02-25 00:29:41,007 - Knowledge - INFO - done ingest for /app/data/newkinpogroup5515/55/b23195v/lu5-55/docs/latest/classes/index.html
2026-02-25 00:29:41,428 - Knowledge - INFO - done ingest for /app/data/newkinpogroup5515/55/b23195v/lu5-55/docs/latest/mouse/mouseReleased/index.html
2026-02-25 00:29:41,590 - Knowledge - INFO - Processing batch of 6 files
2026-02-25 00:29:41,813 - Knowledge - INFO - process ingested knowledge for /app/data/newkinpogroup5515/55/b23195v/lu5-55/docs/latest/mouse/mouseReleased/index.html
2026-02-25 00:29:41,972 - Knowledge - INFO - process ingested knowledge for /app/data/newkinpogroup5515/55/b23195v/lu5-55/docs/latest/mouse/mouseReleased/meta.json
2026-02-25 00:29:42,199 - Knowledge - INFO - process ingested knowledge for /app/data/newkinpogroup5515/55/b23195v/lu5-55/docs/latest/mouse/mouseWheel/index.html
2026-02-25 00:29:42,414 - Knowledge - INFO - process ingested knowledge for /app/data/newkinpogroup5515/55/b23195v/lu5-55/docs/latest/mouse/mouseWheel/meta.json
2026-02-25 00:29:42,583 - Knowledge - INFO - process ingested knowledge for /app/data/newkinpogroup5515/55/b23195v/lu5-55/docs/latest/mouse/pmouseX/index.html
2026-02-25 00:29:42,779 - Knowledge - INFO - process ingested knowledge for /app/data/newkinpogroup5515/55/b23195v/lu5-55/docs/latest/mouse/pmouseX/meta.json
2026-02-25 00:29:43,221 - Knowledge - INFO - [LLM_CALL] Completed: index.html:chunk1, Duration: 728ms, PromptTokens: 4882, CompletionTokens: 59, Cost: $0.00051
2026-02-25 00:29:43,384 - Knowledge - INFO - done ingest for /app/data/newkinpogroup5515/55/b23195v/lu5-55/docs/latest/setting/strokeWeight/index.html
2026-02-25 00:29:43,478 - Knowledge - INFO - Async storage completed for 6 embeddings
2026-02-25 00:29:43,580 - Knowledge - INFO - Processing batch of 6 files
2026-02-25 00:29:43,743 - Knowledge - INFO - [kw9] Queue=241, InProgress=0, PendingWorkers=20/20, Completed=1106/1455 (76.0%)
2026-02-25 00:29:43,760 - Knowledge - INFO - process ingested knowledge for /app/data/newkinpogroup5515/55/b23195v/lu5-55/docs/latest/classes/class/index.html
2026-02-25 00:29:43,933 - Knowledge - INFO - Batch sizing: calculated=6, max_allowed=10, queue=241, active_workers=20/20
2026-02-25 00:29:44,012 - Knowledge - INFO - process ingested knowledge for /app/data/newkinpogroup5515/55/b23195v/lu5-55/docs/latest/classes/class/meta.json
2026-02-25 00:29:44,101 - Knowledge - INFO - Async storing batch of 6 embeddings
2026-02-25 00:29:44,194 - Knowledge - INFO - process ingested knowledge for /app/data/newkinpogroup5515/55/b23195v/lu5-55/docs/latest/classes/index.html
2026-02-25 00:29:44,264 - Knowledge - INFO - Worker kw9 processing /app/data/newkinpogroup5515/55/b23195v/lu5-55/docs/assets/lu5-wasm-lib.min.js
2026-02-25 00:29:44,358 - Knowledge - INFO - process ingested knowledge for /app/data/newkinpogroup5515/55/b23195v/lu5-55/docs/latest/setting/strokeWeight/index.html
2026-02-25 00:29:44,466 - Knowledge - INFO - Fast-tracked /app/data/newkinpogroup5515/55/b23195v/lu5-55/docs/assets/lu5-wasm-lib.min.js (ext=.js, size=17979)
2026-02-25 00:29:44,607 - Knowledge - INFO - process ingested knowledge for /app/data/newkinpogroup5515/55/b23195v/lu5-55/docs/latest/setting/strokeWeight/meta.json
2026-02-25 00:29:44,649 - Knowledge - INFO - Async storage completed for 8 embeddings
2026-02-25 00:29:44,718 - Knowledge - INFO - Worker kw9 processing /app/data/newkinpogroup5515/55/b23195v/lu5-55/docs/assets/image.js
2026-02-25 00:29:44,742 - Knowledge - INFO - Async storage completed for 6 embeddings
2026-02-25 00:29:44,829 - Knowledge - INFO - process ingested knowledge for /app/data/newkinpogroup5515/55/b23195v/lu5-55/docs/latest/setting/push/index.html
2026-02-25 00:29:45,014 - Knowledge - INFO - Fast-tracked /app/data/newkinpogroup5515/55/b23195v/lu5-55/docs/assets/image.js (ext=.js, size=482)
2026-02-25 00:29:45,334 - Knowledge - INFO - Worker kw9 processing /app/data/newkinpogroup5515/55/b23195v/lu5-55/docs/assets/search.js
2026-02-25 00:29:45,446 - Knowledge - INFO - Async storage completed for 6 embeddings
2026-02-25 00:29:45,565 - Knowledge - INFO - Worker kw9 processing /app/data/newkinpogroup5515/55/b23195v/lu5-55/docs/assets/download.js
2026-02-25 00:29:45,765 - Knowledge - INFO - done ingest for /app/data/newkinpogroup5515/55/b23195v/lu5-55/docs/latest/vector/Vector.print/index.html
2026-02-25 00:29:45,771 - Knowledge - INFO - Fast-tracked /app/data/newkinpogroup5515/55/b23195v/lu5-55/docs/assets/download.js (ext=.js, size=910)
2026-02-25 00:29:45,940 - Knowledge - INFO - [kw20] Queue=235, InProgress=0, PendingWorkers=20/20, Completed=1106/1455 (76.0%)
2026-02-25 00:29:46,027 - Knowledge - INFO - Worker kw9 processing /app/data/newkinpogroup5515/55/b23195v/lu5-55/docs/assets/lu5-console.min.js
2026-02-25 00:29:46,144 - Knowledge - INFO - Batch sizing: calculated=6, max_allowed=10, queue=235, active_workers=20/20
2026-02-25 00:29:46,228 - Knowledge - INFO - Fast-tracked /app/data/newkinpogroup5515/55/b23195v/lu5-55/docs/assets/lu5-console.min.js (ext=.js, size=3408)
2026-02-25 00:29:46,303 - Knowledge - INFO - Async storing batch of 6 embeddings
2026-02-25 00:29:46,432 - Knowledge - INFO - Worker kw9 processing /app/data/newkinpogroup5515/55/b23195v/lu5-55/docs/assets/codemirror.min.js
2026-02-25 00:29:46,547 - Knowledge - INFO - Worker kw20 processing /app/data/newkinpogroup5515/55/b23195v/lu5-55/docs/assets/lu5-hljs-theme.css
2026-02-25 00:29:46,666 - Knowledge - INFO - Fast-tracked /app/data/newkinpogroup5515/55/b23195v/lu5-55/docs/assets/codemirror.min.js (ext=.js, size=588130)
2026-02-25 00:29:46,748 - Knowledge - INFO - Fast-tracked /app/data/newkinpogroup5515/55/b23195v/lu5-55/docs/assets/lu5-hljs-theme.css (ext=.css, size=1036)
2026-02-25 00:29:46,873 - Knowledge - INFO - Fast-tracked /app/data/newkinpogroup5515/55/b23195v/lu5-55/docs/assets/search.js (small file (2778 bytes))
2026-02-25 00:29:47,014 - Knowledge - INFO - done ingest for /app/data/newkinpogroup5515/55/b23195v/lu5-55/docs/latest/keyboard/keyHeld/index.html
2026-02-25 00:29:47,015 - Knowledge - INFO - Worker kw20 processing /app/data/newkinpogroup5515/55/b23195v/lu5-55/docs/assets/lu5-editor.min.js
2026-02-25 00:29:47,117 - Knowledge - INFO - Async storage completed for 6 embeddings
2026-02-25 00:29:47,323 - Knowledge - INFO - [LLM_CALL] Completed: index.html:chunk1, Duration: 296ms, PromptTokens: 4906, CompletionTokens: 59, Cost: $0.00051
2026-02-25 00:29:47,390 - Knowledge - INFO - Fast-tracked /app/data/newkinpogroup5515/55/b23195v/lu5-55/docs/assets/lu5-editor.min.js (ext=.js, size=10208)
2026-02-25 00:29:47,620 - Knowledge - INFO - done ingest for /app/data/newkinpogroup5515/55/b23195v/lu5-55/docs/latest/vector/Vector.copy/index.html
2026-02-25 00:29:47,726 - Knowledge - INFO - Worker kw20 processing /app/data/newkinpogroup5515/55/b23195v/lu5-55/docs/index.html
2026-02-25 00:29:47,729 - Knowledge - INFO - done ingest for /app/data/newkinpogroup5515/55/b23195v/lu5-55/docs/latest/vector/Vector.idiv/index.html
2026-02-25 00:29:47,773 - Knowledge - INFO - Processing batch of 6 files
2026-02-25 00:29:47,953 - Knowledge - INFO - Worker kw20 processing /app/data/newkinpogroup5515/55/b23195v/lu5-55/docs/v0.0.5/io/print/index.html
2026-02-25 00:29:48,091 - Knowledge - INFO - done ingest for /app/data/newkinpogroup5515/55/b23195v/lu5-55/docs/latest/image/Image.crop/index.html
2026-02-25 00:29:48,198 - Knowledge - INFO - process ingested knowledge for /app/data/newkinpogroup5515/55/b23195v/lu5-55/docs/assets/lu5-wasm-lib.min.js
2026-02-25 00:29:48,292 - Knowledge - INFO - Worker kw20 processing /app/data/newkinpogroup5515/55/b23195v/lu5-55/docs/v0.0.5/io/print/meta.json
2026-02-25 00:29:48,487 - Knowledge - INFO - process ingested knowledge for /app/data/newkinpogroup5515/55/b23195v/lu5-55/docs/assets/image.js
2026-02-25 00:29:48,592 - Knowledge - INFO - Async storage completed for 6 embeddings
2026-02-25 00:29:48,597 - Knowledge - INFO - Fast-tracked /app/data/newkinpogroup5515/55/b23195v/lu5-55/docs/v0.0.5/io/print/meta.json (ext=.json, size=297)
2026-02-25 00:29:48,709 - Knowledge - INFO - process ingested knowledge for /app/data/newkinpogroup5515/55/b23195v/lu5-55/docs/assets/search.js
2026-02-25 00:29:48,949 - Knowledge - INFO - Worker kw20 processing /app/data/newkinpogroup5515/55/b23195v/lu5-55/docs/v0.0.5/io/index.html
2026-02-25 00:29:49,067 - Knowledge - INFO - process ingested knowledge for /app/data/newkinpogroup5515/55/b23195v/lu5-55/docs/assets/download.js
2026-02-25 00:29:49,128 - Knowledge - INFO - done ingest for /app/data/newkinpogroup5515/55/b23195v/lu5-55/docs/latest/setting/pop/index.html
2026-02-25 00:29:49,253 - Knowledge - INFO - process ingested knowledge for /app/data/newkinpogroup5515/55/b23195v/lu5-55/docs/assets/lu5-console.min.js
2026-02-25 00:29:49,425 - Knowledge - INFO - process ingested knowledge for /app/data/newkinpogroup5515/55/b23195v/lu5-55/docs/assets/codemirror.min.js
2026-02-25 00:29:49,677 - Knowledge - INFO - [LLM_CALL] Completed: index.html:chunk1, Duration: 388ms, PromptTokens: 5212, CompletionTokens: 52, Cost: $0.00054
2026-02-25 00:29:49,862 - Knowledge - INFO - Async storage completed for 6 embeddings
2026-02-25 00:29:49,882 - Knowledge - INFO - done ingest for /app/data/newkinpogroup5515/55/b23195v/lu5-55/docs/latest/vector/Vector.div/index.html
2026-02-25 00:29:50,100 - Knowledge - INFO - done ingest for /app/data/newkinpogroup5515/55/b23195v/lu5-55/docs/latest/vector/Vector.mult/index.html
2026-02-25 00:29:50,320 - Knowledge - INFO - Processing batch of 6 files
2026-02-25 00:29:50,476 - Knowledge - INFO - done ingest for /app/data/newkinpogroup5515/55/b23195v/lu5-55/docs/latest/camera/orbitControl/index.html
2026-02-25 00:29:50,549 - Knowledge - INFO - [WEBSOCKET] Sent: Type=progress_update, Size: 296, Duration: 0ms
2026-02-25 00:29:50,585 - Knowledge - INFO - process ingested knowledge for /app/data/newkinpogroup5515/55/b23195v/lu5-55/docs/latest/vector/Vector.add/meta.json
2026-02-25 00:29:50,819 - Knowledge - INFO - [WEBSOCKET] Sent: Type=unknown, Size: ?, Duration: 270ms
2026-02-25 00:29:50,902 - Knowledge - INFO - process ingested knowledge for /app/data/newkinpogroup5515/55/b23195v/lu5-55/docs/latest/vector/Vector.print/index.html
2026-02-25 00:29:51,070 - Knowledge - INFO - Progress: 76.8% | Files: 1118/1455 | Rate: 1.63 files/sec | Queue: 229
2026-02-25 00:29:51,086 - Knowledge - INFO - done ingest for /app/data/newkinpogroup5515/55/b23195v/lu5-55/docs/latest/vector/createVector/index.html
2026-02-25 00:29:51,153 - Knowledge - INFO - process ingested knowledge for /app/data/newkinpogroup5515/55/b23195v/lu5-55/docs/latest/vector/Vector.print/meta.json
2026-02-25 00:29:51,239 - Knowledge - INFO - [kw9] Queue=229, InProgress=0, PendingWorkers=20/20, Completed=1118/1455 (76.8%)
2026-02-25 00:29:51,465 - Knowledge - INFO - process ingested knowledge for /app/data/newkinpogroup5515/55/b23195v/lu5-55/docs/latest/vector/Vector.idiv/index.html
2026-02-25 00:29:51,480 - Knowledge - INFO - done ingest for /app/data/newkinpogroup5515/55/b23195v/lu5-55/docs/latest/setting/fill/index.html
2026-02-25 00:29:51,569 - Knowledge - INFO - Batch sizing: calculated=6, max_allowed=10, queue=229, active_workers=20/20
2026-02-25 00:29:51,649 - Knowledge - INFO - process ingested knowledge for /app/data/newkinpogroup5515/55/b23195v/lu5-55/docs/latest/vector/Vector.idiv/meta.json
2026-02-25 00:29:51,776 - Knowledge - INFO - Processing batch of 6 files
2026-02-25 00:29:51,884 - Knowledge - INFO - Async storing batch of 6 embeddings
2026-02-25 00:29:51,994 - Knowledge - INFO - process ingested knowledge for /app/data/newkinpogroup5515/55/b23195v/lu5-55/docs/latest/vector/Vector.mult/index.html
2026-02-25 00:29:52,157 - Knowledge - INFO - process ingested knowledge for /app/data/newkinpogroup5515/55/b23195v/lu5-55/docs/latest/setting/fill/index.html
2026-02-25 00:29:52,177 - Knowledge - INFO - [LLM_CALL] Completed: index.html:chunk1, Duration: 217ms, PromptTokens: 5210, CompletionTokens: 59, Cost: $0.00054
2026-02-25 00:29:52,256 - Knowledge - INFO - Worker kw9 processing /app/data/newkinpogroup5515/55/b23195v/lu5-55/docs/v0.0.5/window/width/index.html
2026-02-25 00:29:52,426 - Knowledge - INFO - process ingested knowledge for /app/data/newkinpogroup5515/55/b23195v/lu5-55/docs/latest/setting/fill/meta.json
2026-02-25 00:29:52,512 - Knowledge - INFO - done ingest for /app/data/newkinpogroup5515/55/b23195v/lu5-55/docs/latest/vector/Vector.add/index.html
2026-02-25 00:29:52,602 - Knowledge - INFO - Worker kw9 processing /app/data/newkinpogroup5515/55/b23195v/lu5-55/docs/v0.0.5/window/width/meta.json
2026-02-25 00:29:52,719 - Knowledge - INFO - [LLM_CALL] Completed: index.html:chunk1, Duration: 185ms, PromptTokens: 4752, CompletionTokens: 59, Cost: $0.00050
2026-02-25 00:29:52,772 - Knowledge - INFO - process ingested knowledge for /app/data/newkinpogroup5515/55/b23195v/lu5-55/docs/latest/setting/pop/index.html
2026-02-25 00:29:52,908 - Knowledge - INFO - Fast-tracked /app/data/newkinpogroup5515/55/b23195v/lu5-55/docs/v0.0.5/window/width/meta.json (ext=.json, size=361)
2026-02-25 00:29:53,034 - Knowledge - INFO - done ingest for /app/data/newkinpogroup5515/55/b23195v/lu5-55/docs/latest/camera/index.html
2026-02-25 00:29:53,035 - Knowledge - INFO - Processing batch of 6 files
2026-02-25 00:29:53,127 - Knowledge - INFO - process ingested knowledge for /app/data/newkinpogroup5515/55/b23195v/lu5-55/docs/latest/setting/pop/meta.json
2026-02-25 00:29:53,129 - Knowledge - INFO - [kw5] Queue=223, InProgress=0, PendingWorkers=20/20, Completed=1130/1455 (77.7%)
2026-02-25 00:29:53,209 - Knowledge - INFO - Worker kw9 processing /app/data/newkinpogroup5515/55/b23195v/lu5-55/docs/v0.0.5/window/createWindow/index.html
2026-02-25 00:29:53,307 - Knowledge - INFO - Processing batch of 6 files
2026-02-25 00:29:53,439 - Knowledge - INFO - process ingested knowledge for /app/data/newkinpogroup5515/55/b23195v/lu5-55/docs/latest/vector/Vector.dot/meta.json
2026-02-25 00:29:53,450 - Knowledge - INFO - [LLM_CALL] Completed: index.html:chunk1, Duration: 415ms, PromptTokens: 5092, CompletionTokens: 59, Cost: $0.00053
2026-02-25 00:29:53,550 - Knowledge - INFO - process ingested knowledge for /app/data/newkinpogroup5515/55/b23195v/lu5-55/docs/latest/keyboard/keyHeld/index.html
2026-02-25 00:29:53,665 - Knowledge - INFO - Batch sizing: calculated=6, max_allowed=10, queue=223, active_workers=20/20
2026-02-25 00:29:53,725 - Knowledge - INFO - Async storage completed for 6 embeddings
2026-02-25 00:29:53,770 - Knowledge - INFO - Worker kw9 processing /app/data/newkinpogroup5515/55/b23195v/lu5-55/docs/v0.0.5/window/createWindow/meta.json
2026-02-25 00:29:53,885 - Knowledge - INFO - process ingested knowledge for /app/data/newkinpogroup5515/55/b23195v/lu5-55/docs/latest/mouse/mousePressed/meta.json
2026-02-25 00:29:53,997 - Knowledge - INFO - process ingested knowledge for /app/data/newkinpogroup5515/55/b23195v/lu5-55/docs/latest/vector/Vector.div/index.html
2026-02-25 00:29:54,106 - Knowledge - INFO - done ingest for /app/data/newkinpogroup5515/55/b23195v/lu5-55/docs/latest/shapes3D/box/index.html
2026-02-25 00:29:54,107 - Knowledge - INFO - [LLM_CALL] Completed: index.html:chunk1, Duration: 1ms, PromptTokens: 4944, CompletionTokens: 59, Cost: $0.00052
2026-02-25 00:29:54,221 - Knowledge - INFO - process ingested knowledge for /app/data/newkinpogroup5515/55/b23195v/lu5-55/docs/latest/keyboard/keyHeld/meta.json
2026-02-25 00:29:54,518 - Knowledge - INFO - Fast-tracked /app/data/newkinpogroup5515/55/b23195v/lu5-55/docs/v0.0.5/window/createWindow/meta.json (ext=.json, size=533)
2026-02-25 00:29:54,593 - Knowledge - INFO - process ingested knowledge for /app/data/newkinpogroup5515/55/b23195v/lu5-55/docs/latest/camera/orbitControl/index.html
2026-02-25 00:29:54,715 - Knowledge - INFO - process ingested knowledge for /app/data/newkinpogroup5515/55/b23195v/lu5-55/docs/latest/vector/Vector.div/meta.json
2026-02-25 00:29:54,912 - Knowledge - INFO - done ingest for /app/data/newkinpogroup5515/55/b23195v/lu5-55/docs/latest/keyboard/keyReleased/index.html
2026-02-25 00:29:54,912 - Knowledge - INFO - Async storing batch of 6 embeddings
2026-02-25 00:29:54,986 - Knowledge - INFO - Async storage completed for 6 embeddings
2026-02-25 00:29:55,070 - Knowledge - INFO - Worker kw9 processing /app/data/newkinpogroup5515/55/b23195v/lu5-55/docs/v0.0.5/window/windowResized/index.html
2026-02-25 00:29:55,216 - Knowledge - INFO - process ingested knowledge for /app/data/newkinpogroup5515/55/b23195v/lu5-55/docs/latest/camera/orbitControl/meta.json
2026-02-25 00:29:55,341 - Knowledge - INFO - process ingested knowledge for /app/data/newkinpogroup5515/55/b23195v/lu5-55/docs/latest/vector/Vector.copy/index.html
2026-02-25 00:29:55,491 - Knowledge - INFO - done ingest for /app/data/newkinpogroup5515/55/b23195v/lu5-55/docs/latest/keyboard/keyPressed/index.html
2026-02-25 00:29:55,507 - Knowledge - INFO - Worker kw5 processing /app/data/newkinpogroup5515/55/b23195v/lu5-55/docs/v0.0.5/window/height/index.html
2026-02-25 00:29:55,702 - Knowledge - INFO - Worker kw9 processing /app/data/newkinpogroup5515/55/b23195v/lu5-55/docs/v0.0.5/window/windowResized/meta.json
2026-02-25 00:29:55,814 - Knowledge - INFO - [kw15] Queue=217, InProgress=0, PendingWorkers=20/20, Completed=1136/1455 (78.1%)
2026-02-25 00:29:55,824 - Knowledge - INFO - process ingested knowledge for /app/data/newkinpogroup5515/55/b23195v/lu5-55/docs/latest/camera/index.html
2026-02-25 00:29:55,943 - Knowledge - INFO - process ingested knowledge for /app/data/newkinpogroup5515/55/b23195v/lu5-55/docs/latest/vector/Vector.copy/meta.json
2026-02-25 00:29:56,143 - Knowledge - INFO - Worker kw5 processing /app/data/newkinpogroup5515/55/b23195v/lu5-55/docs/v0.0.5/window/height/meta.json
2026-02-25 00:29:56,145 - Knowledge - INFO - done ingest for /app/data/newkinpogroup5515/55/b23195v/lu5-55/docs/latest/mouse/index.html
2026-02-25 00:29:56,353 - Knowledge - INFO - Fast-tracked /app/data/newkinpogroup5515/55/b23195v/lu5-55/docs/v0.0.5/window/windowResized/meta.json (ext=.json, size=226)
2026-02-25 00:29:56,355 - Knowledge - INFO - done ingest for /app/data/newkinpogroup5515/55/b23195v/lu5-55/docs/latest/shapes3D/plane/index.html
2026-02-25 00:29:56,383 - Knowledge - INFO - Batch sizing: calculated=6, max_allowed=10, queue=217, active_workers=20/20
2026-02-25 00:29:56,461 - Knowledge - INFO - process ingested knowledge for /app/data/newkinpogroup5515/55/b23195v/lu5-55/docs/latest/image/Image.crop/index.html
2026-02-25 00:29:56,596 - Knowledge - INFO - process ingested knowledge for /app/data/newkinpogroup5515/55/b23195v/lu5-55/docs/latest/vector/Vector.add/index.html
2026-02-25 00:29:56,696 - Knowledge - INFO - Fast-tracked /app/data/newkinpogroup5515/55/b23195v/lu5-55/docs/v0.0.5/window/height/meta.json (ext=.json, size=365)
2026-02-25 00:29:56,700 - Knowledge - INFO - Async storage completed for 6 embeddings
2026-02-25 00:29:57,041 - Knowledge - INFO - Processing batch of 6 files
2026-02-25 00:29:57,141 - Knowledge - INFO - Async storing batch of 6 embeddings
2026-02-25 00:29:57,252 - Knowledge - INFO - process ingested knowledge for /app/data/newkinpogroup5515/55/b23195v/lu5-55/docs/latest/image/Image.crop/meta.json
2026-02-25 00:29:57,510 - Knowledge - INFO - [LLM_CALL] Completed: index.html:chunk1, Duration: 563ms, PromptTokens: 11060, CompletionTokens: 59, Cost: $0.00113
2026-02-25 00:29:57,511 - Knowledge - INFO - Worker kw5 processing /app/data/newkinpogroup5515/55/b23195v/lu5-55/docs/v0.0.5/window/deltaTime/index.html
2026-02-25 00:29:57,742 - Knowledge - INFO - process ingested knowledge for /app/data/newkinpogroup5515/55/b23195v/lu5-55/docs/latest/vector/createVector/index.html
2026-02-25 00:29:57,861 - Knowledge - INFO - Worker kw15 processing /app/data/newkinpogroup5515/55/b23195v/lu5-55/docs/v0.0.5/window/frameRate/meta.json
2026-02-25 00:29:58,063 - Knowledge - INFO - done ingest for /app/data/newkinpogroup5515/55/b23195v/lu5-55/docs/latest/vector/index.html
2026-02-25 00:29:58,064 - Knowledge - INFO - done ingest for /app/data/newkinpogroup5515/55/b23195v/lu5-55/docs/latest/keyboard/index.html
2026-02-25 00:29:58,134 - Knowledge - INFO - Worker kw5 processing /app/data/newkinpogroup5515/55/b23195v/lu5-55/docs/v0.0.5/window/deltaTime/meta.json
2026-02-25 00:29:58,250 - Knowledge - INFO - done ingest for /app/data/newkinpogroup5515/55/b23195v/lu5-55/docs/latest/mouse/mousePressed/index.html
2026-02-25 00:29:58,307 - Knowledge - INFO - process ingested knowledge for /app/data/newkinpogroup5515/55/b23195v/lu5-55/docs/latest/vector/createVector/meta.json
2026-02-25 00:29:58,307 - Knowledge - INFO - [kw6] Queue=211, InProgress=0, PendingWorkers=20/20, Completed=1142/1455 (78.5%)
2026-02-25 00:29:58,362 - Knowledge - INFO - Fast-tracked /app/data/newkinpogroup5515/55/b23195v/lu5-55/docs/v0.0.5/window/frameRate/meta.json (ext=.json, size=562)
2026-02-25 00:29:58,626 - Knowledge - INFO - Fast-tracked /app/data/newkinpogroup5515/55/b23195v/lu5-55/docs/v0.0.5/window/deltaTime/meta.json (ext=.json, size=520)
2026-02-25 00:29:58,713 - Knowledge - INFO - [kw11] Queue=211, InProgress=0, PendingWorkers=20/20, Completed=1142/1455 (78.5%)
2026-02-25 00:29:58,825 - Knowledge - INFO - Async storage completed for 6 embeddings
2026-02-25 00:29:58,832 - Knowledge - INFO - process ingested knowledge for /app/data/newkinpogroup5515/55/b23195v/lu5-55/docs/latest/shapes3D/plane/index.html
2026-02-25 00:29:58,932 - Knowledge - INFO - Batch sizing: calculated=6, max_allowed=10, queue=211, active_workers=20/20
2026-02-25 00:29:59,004 - Knowledge - INFO - Worker kw15 processing /app/data/newkinpogroup5515/55/b23195v/lu5-55/docs/v0.0.5/shapes/line/index.html
2026-02-25 00:29:59,113 - Knowledge - INFO - Worker kw5 processing /app/data/newkinpogroup5515/55/b23195v/lu5-55/docs/v0.0.5/window/index.html
2026-02-25 00:29:59,300 - Knowledge - INFO - done ingest for /app/data/newkinpogroup5515/55/b23195v/lu5-55/docs/latest/image/loadImage/index.html
2026-02-25 00:29:59,300 - Knowledge - INFO - Batch sizing: calculated=6, max_allowed=10, queue=211, active_workers=20/20
2026-02-25 00:29:59,486 - Knowledge - INFO - process ingested knowledge for /app/data/newkinpogroup5515/55/b23195v/lu5-55/docs/latest/shapes3D/plane/meta.json
2026-02-25 00:29:59,573 - Knowledge - INFO - Async storing batch of 6 embeddings
2026-02-25 00:29:59,706 - Knowledge - INFO - done ingest for /app/data/newkinpogroup5515/55/b23195v/lu5-55/docs/latest/vector/Vector/index.html
2026-02-25 00:29:59,710 - Knowledge - INFO - Worker kw15 processing /app/data/newkinpogroup5515/55/b23195v/lu5-55/docs/v0.0.5/shapes/line/meta.json
2026-02-25 00:29:59,823 - Knowledge - INFO - Worker kw5 processing /app/data/newkinpogroup5515/55/b23195v/lu5-55/docs/v0.0.5/window/frameRate/index.html
2026-02-25 00:29:59,998 - Knowledge - INFO - Async storing batch of 6 embeddings
2026-02-25 00:30:00,065 - Knowledge - INFO - done ingest for /app/data/newkinpogroup5515/55/b23195v/lu5-55/docs/latest/keyboard/keyIsDown/index.html
2026-02-25 00:30:00,099 - Knowledge - INFO - process ingested knowledge for /app/data/newkinpogroup5515/55/b23195v/lu5-55/docs/latest/shapes3D/box/index.html
2026-02-25 00:30:00,165 - Knowledge - INFO - Worker kw6 processing /app/data/newkinpogroup5515/55/b23195v/lu5-55/docs/v0.0.5/shapes/circle/meta.json
2026-02-25 00:30:00,322 - Knowledge - INFO - done ingest for /app/data/newkinpogroup5515/55/b23195v/lu5-55/docs/latest/mouse/mouseIsPressed/index.html
2026-02-25 00:30:00,448 - Knowledge - INFO - Fast-tracked /app/data/newkinpogroup5515/55/b23195v/lu5-55/docs/v0.0.5/shapes/line/meta.json (ext=.json, size=473)
2026-02-25 00:30:00,673 - Knowledge - INFO - Worker kw11 processing /app/data/newkinpogroup5515/55/b23195v/lu5-55/docs/v0.0.5/shapes/triangle/meta.json
2026-02-25 00:30:00,801 - Knowledge - INFO - Processing batch of 6 files
2026-02-25 00:30:00,902 - Knowledge - INFO - process ingested knowledge for /app/data/newkinpogroup5515/55/b23195v/lu5-55/docs/latest/shapes3D/box/meta.json
2026-02-25 00:30:01,026 - Knowledge - INFO - Fast-tracked /app/data/newkinpogroup5515/55/b23195v/lu5-55/docs/v0.0.5/shapes/circle/meta.json (ext=.json, size=391)
2026-02-25 00:30:01,267 - Knowledge - INFO - Worker kw15 processing /app/data/newkinpogroup5515/55/b23195v/lu5-55/docs/v0.0.5/shapes/endShape/index.html
2026-02-25 00:30:01,279 - Knowledge - INFO - [LLM_CALL] Completed: index.html:chunk1, Duration: 706ms, PromptTokens: 4062, CompletionTokens: 59, Cost: $0.00043
2026-02-25 00:30:01,353 - Knowledge - INFO - Fast-tracked /app/data/newkinpogroup5515/55/b23195v/lu5-55/docs/v0.0.5/shapes/triangle/meta.json (ext=.json, size=216)
2026-02-25 00:30:01,463 - Knowledge - INFO - process ingested knowledge for /app/data/newkinpogroup5515/55/b23195v/lu5-55/docs/latest/keyboard/keyReleased/index.html
2026-02-25 00:30:01,711 - Knowledge - INFO - Worker kw6 processing /app/data/newkinpogroup5515/55/b23195v/lu5-55/docs/v0.0.5/shapes/point/index.html
2026-02-25 00:30:01,822 - Knowledge - INFO - Worker kw15 processing /app/data/newkinpogroup5515/55/b23195v/lu5-55/docs/v0.0.5/shapes/endShape/meta.json
2026-02-25 00:30:01,936 - Knowledge - INFO - done ingest for /app/data/newkinpogroup5515/55/b23195v/lu5-55/docs/v0.0.1/io/index.html
2026-02-25 00:30:01,937 - Knowledge - INFO - done ingest for /app/data/newkinpogroup5515/55/b23195v/lu5-55/docs/latest/image/index.html
2026-02-25 00:30:01,938 - Knowledge - INFO - done ingest for /app/data/newkinpogroup5515/55/b23195v/lu5-55/docs/latest/vector/Vector.sub/index.html
2026-02-25 00:30:02,057 - Knowledge - INFO - Worker kw11 processing /app/data/newkinpogroup5515/55/b23195v/lu5-55/docs/v0.0.5/shapes/arc/index.html
2026-02-25 00:30:02,151 - Knowledge - INFO - process ingested knowledge for /app/data/newkinpogroup5515/55/b23195v/lu5-55/docs/latest/keyboard/keyReleased/meta.json
2026-02-25 00:30:02,234 - Knowledge - INFO - Worker kw6 processing /app/data/newkinpogroup5515/55/b23195v/lu5-55/docs/v0.0.5/shapes/point/meta.json
2026-02-25 00:30:02,318 - Knowledge - INFO - Fast-tracked /app/data/newkinpogroup5515/55/b23195v/lu5-55/docs/v0.0.5/shapes/endShape/meta.json (ext=.json, size=277)
2026-02-25 00:30:02,500 - Knowledge - INFO - [WEBSOCKET] Sent: Type=progress_update, Size: 296, Duration: 0ms
2026-02-25 00:30:02,811 - Knowledge - INFO - Worker kw11 processing /app/data/newkinpogroup5515/55/b23195v/lu5-55/docs/v0.0.5/shapes/arc/meta.json
2026-02-25 00:30:02,837 - Knowledge - INFO - process ingested knowledge for /app/data/newkinpogroup5515/55/b23195v/lu5-55/docs/latest/keyboard/keyIsDown/index.html
2026-02-25 00:30:02,933 - Knowledge - INFO - Fast-tracked /app/data/newkinpogroup5515/55/b23195v/lu5-55/docs/v0.0.5/shapes/point/meta.json (ext=.json, size=210)
2026-02-25 00:30:03,029 - Knowledge - INFO - Worker kw15 processing /app/data/newkinpogroup5515/55/b23195v/lu5-55/docs/v0.0.5/shapes/circle/index.html
2026-02-25 00:30:03,136 - Knowledge - INFO - Processing batch of 6 files
2026-02-25 00:30:03,137 - Knowledge - INFO - [LLM_CALL] Completed: index.html:chunk1, Duration: 1040ms, PromptTokens: 4874, CompletionTokens: 59, Cost: $0.00051
2026-02-25 00:30:03,261 - Knowledge - INFO - Fast-tracked /app/data/newkinpogroup5515/55/b23195v/lu5-55/docs/v0.0.5/shapes/arc/meta.json (ext=.json, size=207)
2026-02-25 00:30:03,369 - Knowledge - INFO - process ingested knowledge for /app/data/newkinpogroup5515/55/b23195v/lu5-55/docs/latest/keyboard/keyIsDown/meta.json
2026-02-25 00:30:03,473 - Knowledge - INFO - Worker kw6 processing /app/data/newkinpogroup5515/55/b23195v/lu5-55/docs/v0.0.5/shapes/beginShape/index.html
2026-02-25 00:30:03,657 - Knowledge - INFO - process ingested knowledge for /app/data/newkinpogroup5515/55/b23195v/lu5-55/docs/latest/vector/Vector.mult/meta.json
2026-02-25 00:30:03,754 - Knowledge - INFO - done ingest for /app/data/newkinpogroup5515/55/b23195v/lu5-55/docs/latest/mouse/mouseX/index.html
2026-02-25 00:30:03,756 - Knowledge - INFO - [WEBSOCKET] Sent: Type=unknown, Size: ?, Duration: 1256ms
2026-02-25 00:30:03,889 - Knowledge - INFO - Worker kw11 processing /app/data/newkinpogroup5515/55/b23195v/lu5-55/docs/v0.0.5/shapes/ellipse/index.html
2026-02-25 00:30:03,999 - Knowledge - INFO - process ingested knowledge for /app/data/newkinpogroup5515/55/b23195v/lu5-55/docs/latest/keyboard/index.html
2026-02-25 00:30:04,083 - Knowledge - INFO - Worker kw6 processing /app/data/newkinpogroup5515/55/b23195v/lu5-55/docs/v0.0.5/shapes/beginShape/meta.json
2026-02-25 00:30:04,162 - Knowledge - INFO - Async storage completed for 6 embeddings
2026-02-25 00:30:04,171 - Knowledge - INFO - process ingested knowledge for /app/data/newkinpogroup5515/55/b23195v/lu5-55/docs/latest/vector/Vector/index.html
2026-02-25 00:30:04,384 - Knowledge - INFO - Progress: 78.9% | Files: 1160/1455 | Rate: 1.66 files/sec | Queue: 199
2026-02-25 00:30:04,384 - Knowledge - INFO - [LLM_CALL] Completed: index.html:chunk1, Duration: 1ms, PromptTokens: 4324, CompletionTokens: 59, Cost: $0.00046
2026-02-25 00:30:04,480 - Knowledge - INFO - Worker kw11 processing /app/data/newkinpogroup5515/55/b23195v/lu5-55/docs/v0.0.5/shapes/ellipse/meta.json
2026-02-25 00:30:04,554 - Knowledge - INFO - process ingested knowledge for /app/data/newkinpogroup5515/55/b23195v/lu5-55/docs/latest/keyboard/keyPressed/index.html
2026-02-25 00:30:04,668 - Knowledge - INFO - Fast-tracked /app/data/newkinpogroup5515/55/b23195v/lu5-55/docs/v0.0.5/shapes/beginShape/meta.json (ext=.json, size=612)
2026-02-25 00:30:04,847 - Knowledge - INFO - process ingested knowledge for /app/data/newkinpogroup5515/55/b23195v/lu5-55/docs/latest/vector/Vector/meta.json
2026-02-25 00:30:04,953 - Knowledge - INFO - [kw19] Queue=199, InProgress=0, PendingWorkers=20/20, Completed=1160/1455 (79.7%)
2026-02-25 00:30:05,038 - Knowledge - INFO - done ingest for /app/data/newkinpogroup5515/55/b23195v/lu5-55/docs/v0.0.1/io/print/index.html
2026-02-25 00:30:05,038 - Knowledge - INFO - Processing batch of 6 files
2026-02-25 00:30:05,190 - Knowledge - INFO - [LLM_CALL] Completed: index.html:chunk1, Duration: 152ms, PromptTokens: 5086, CompletionTokens: 59, Cost: $0.00053
2026-02-25 00:30:05,191 - Knowledge - INFO - Fast-tracked /app/data/newkinpogroup5515/55/b23195v/lu5-55/docs/v0.0.5/shapes/ellipse/meta.json (ext=.json, size=221)
2026-02-25 00:30:05,357 - Knowledge - INFO - Worker kw6 processing /app/data/newkinpogroup5515/55/b23195v/lu5-55/docs/v0.0.5/shapes/triangle/index.html
2026-02-25 00:30:05,396 - Knowledge - INFO - Async storage completed for 6 embeddings
2026-02-25 00:30:05,461 - Knowledge - INFO - process ingested knowledge for /app/data/newkinpogroup5515/55/b23195v/lu5-55/docs/latest/vector/Vector.sub/index.html
2026-02-25 00:30:05,526 - Knowledge - INFO - Batch sizing: calculated=5, max_allowed=10, queue=199, active_workers=20/20
2026-02-25 00:30:05,689 - Knowledge - INFO - process ingested knowledge for /app/data/newkinpogroup5515/55/b23195v/lu5-55/docs/latest/mouse/mouseX/index.html
2026-02-25 00:30:05,772 - Knowledge - INFO - done ingest for /app/data/newkinpogroup5515/55/b23195v/lu5-55/docs/latest/image/image/index.html
2026-02-25 00:30:05,870 - Knowledge - INFO - Worker kw11 processing /app/data/newkinpogroup5515/55/b23195v/lu5-55/docs/v0.0.5/shapes/vertex/index.html
2026-02-25 00:30:05,959 - Knowledge - INFO - [kw14] Queue=199, InProgress=0, PendingWorkers=20/20, Completed=1160/1455 (79.7%)
2026-02-25 00:30:06,120 - Knowledge - INFO - [LLM_CALL] Completed: index.html:chunk1, Duration: 158ms, PromptTokens: 5036, CompletionTokens: 59, Cost: $0.00053
2026-02-25 00:30:06,123 - Knowledge - INFO - Async storage completed for 6 embeddings
2026-02-25 00:30:06,216 - Knowledge - INFO - process ingested knowledge for /app/data/newkinpogroup5515/55/b23195v/lu5-55/docs/latest/vector/Vector.sub/meta.json
2026-02-25 00:30:06,383 - Knowledge - INFO - process ingested knowledge for /app/data/newkinpogroup5515/55/b23195v/lu5-55/docs/latest/mouse/mouseX/meta.json
2026-02-25 00:30:06,709 - Knowledge - INFO - Batch sizing: calculated=5, max_allowed=10, queue=199, active_workers=20/20
2026-02-25 00:30:06,841 - Knowledge - INFO - done ingest for /app/data/newkinpogroup5515/55/b23195v/lu5-55/docs/latest/typography/text/index.html
2026-02-25 00:30:06,843 - Knowledge - INFO - Async storing batch of 6 embeddings
2026-02-25 00:30:07,046 - Knowledge - INFO - process ingested knowledge for /app/data/newkinpogroup5515/55/b23195v/lu5-55/docs/latest/vector/index.html
2026-02-25 00:30:07,169 - Knowledge - INFO - process ingested knowledge for /app/data/newkinpogroup5515/55/b23195v/lu5-55/docs/latest/mouse/mouseIsPressed/index.html
2026-02-25 00:30:07,265 - Knowledge - INFO - Async storing batch of 6 embeddings
2026-02-25 00:30:07,571 - Knowledge - INFO - Worker kw19 processing /app/data/newkinpogroup5515/55/b23195v/lu5-55/docs/v0.0.5/shapes/vertex/meta.json
2026-02-25 00:30:07,646 - Knowledge - INFO - [LLM_CALL] Completed: index.html:chunk1, Duration: 802ms, PromptTokens: 4224, CompletionTokens: 59, Cost: $0.00045
2026-02-25 00:30:07,898 - Knowledge - INFO - process ingested knowledge for /app/data/newkinpogroup5515/55/b23195v/lu5-55/docs/latest/mouse/mouseIsPressed/meta.json
2026-02-25 00:30:07,937 - Knowledge - INFO - Worker kw14 processing /app/data/newkinpogroup5515/55/b23195v/lu5-55/docs/v0.0.5/shapes/quad/index.html
2026-02-25 00:30:08,063 - Knowledge - INFO - Fast-tracked /app/data/newkinpogroup5515/55/b23195v/lu5-55/docs/v0.0.5/shapes/vertex/meta.json (ext=.json, size=373)
2026-02-25 00:30:08,144 - Knowledge - INFO - done ingest for /app/data/newkinpogroup5515/55/b23195v/lu5-55/docs/v0.0.1/index.html
2026-02-25 00:30:08,145 - Knowledge - INFO - done ingest for /app/data/newkinpogroup5515/55/b23195v/lu5-55/docs/v0.0.1/window/background/index.html
2026-02-25 00:30:08,265 - Knowledge - INFO - process ingested knowledge for /app/data/newkinpogroup5515/55/b23195v/lu5-55/docs/latest/mouse/index.html
2026-02-25 00:30:08,267 - Knowledge - INFO - Async storage completed for 6 embeddings
2026-02-25 00:30:08,414 - Knowledge - INFO - Worker kw14 processing /app/data/newkinpogroup5515/55/b23195v/lu5-55/docs/v0.0.5/shapes/quad/meta.json
2026-02-25 00:30:08,517 - Knowledge - INFO - Worker kw19 processing /app/data/newkinpogroup5515/55/b23195v/lu5-55/docs/v0.0.5/shapes/rect/index.html
2026-02-25 00:30:08,659 - Knowledge - INFO - [kw4] Queue=189, InProgress=0, PendingWorkers=20/20, Completed=1160/1455 (79.7%)
2026-02-25 00:30:08,682 - Knowledge - INFO - Processing batch of 6 files
2026-02-25 00:30:08,763 - Knowledge - INFO - process ingested knowledge for /app/data/newkinpogroup5515/55/b23195v/lu5-55/docs/latest/mouse/mousePressed/index.html
2026-02-25 00:30:09,004 - Knowledge - INFO - Fast-tracked /app/data/newkinpogroup5515/55/b23195v/lu5-55/docs/v0.0.5/shapes/quad/meta.json (ext=.json, size=723)
2026-02-25 00:30:09,010 - Knowledge - INFO - done ingest for /app/data/newkinpogroup5515/55/b23195v/lu5-55/docs/latest/typography/loadFont/index.html
2026-02-25 00:30:09,111 - Knowledge - INFO - Worker kw19 processing /app/data/newkinpogroup5515/55/b23195v/lu5-55/docs/v0.0.5/shapes/rect/meta.json
2026-02-25 00:30:09,251 - Knowledge - INFO - Batch sizing: calculated=5, max_allowed=10, queue=189, active_workers=20/20
2026-02-25 00:30:09,263 - Knowledge - INFO - done ingest for /app/data/newkinpogroup5515/55/b23195v/lu5-55/docs/latest/vector/Vector.dot/index.html
2026-02-25 00:30:09,375 - Knowledge - INFO - process ingested knowledge for /app/data/newkinpogroup5515/55/b23195v/lu5-55/docs/latest/typography/loadFont/meta.json
2026-02-25 00:30:09,581 - Knowledge - INFO - Worker kw14 processing /app/data/newkinpogroup5515/55/b23195v/lu5-55/docs/v0.0.5/shapes/index.html
2026-02-25 00:30:09,748 - Knowledge - INFO - Fast-tracked /app/data/newkinpogroup5515/55/b23195v/lu5-55/docs/v0.0.5/shapes/rect/meta.json (ext=.json, size=423)
2026-02-25 00:30:09,870 - Knowledge - INFO - Async storing batch of 6 embeddings
2026-02-25 00:30:09,989 - Knowledge - INFO - Processing batch of 6 files
2026-02-25 00:30:10,091 - Knowledge - INFO - process ingested knowledge for /app/data/newkinpogroup5515/55/b23195v/lu5-55/docs/v0.0.1/io/print/index.html
2026-02-25 00:30:10,132 - Knowledge - INFO - [kw8] Queue=184, InProgress=0, PendingWorkers=20/20, Completed=1172/1455 (80.5%)
2026-02-25 00:30:10,222 - Knowledge - INFO - Worker kw14 processing /app/data/newkinpogroup5515/55/b23195v/lu5-55/docs/v0.0.5/math/round/index.html
2026-02-25 00:30:10,278 - Knowledge - INFO - done ingest for /app/data/newkinpogroup5515/55/b23195v/lu5-55/docs/v0.0.1/events/index.html
2026-02-25 00:30:10,281 - Knowledge - INFO - Worker kw19 processing /app/data/newkinpogroup5515/55/b23195v/lu5-55/docs/v0.0.5/shapes/square/index.html
2026-02-25 00:30:10,363 - Knowledge - INFO - Worker kw4 processing /app/data/newkinpogroup5515/55/b23195v/lu5-55/docs/v0.0.5/math/min/index.html
2026-02-25 00:30:10,461 - Knowledge - INFO - process ingested knowledge for /app/data/newkinpogroup5515/55/b23195v/lu5-55/docs/latest/image/image/index.html
2026-02-25 00:30:10,535 - Knowledge - INFO - process ingested knowledge for /app/data/newkinpogroup5515/55/b23195v/lu5-55/docs/v0.0.1/io/print/meta.json
2026-02-25 00:30:10,673 - Knowledge - INFO - Batch sizing: calculated=5, max_allowed=10, queue=184, active_workers=20/20
2026-02-25 00:30:10,702 - Knowledge - INFO - [LLM_CALL] Completed: index.html:chunk1, Duration: 185ms, PromptTokens: 4180, CompletionTokens: 59, Cost: $0.00044
2026-02-25 00:30:10,820 - Knowledge - INFO - Worker kw14 processing /app/data/newkinpogroup5515/55/b23195v/lu5-55/docs/v0.0.5/math/round/meta.json
2026-02-25 00:30:11,105 - Knowledge - INFO - Worker kw19 processing /app/data/newkinpogroup5515/55/b23195v/lu5-55/docs/v0.0.5/shapes/square/meta.json
2026-02-25 00:30:11,192 - Knowledge - INFO - Worker kw4 processing /app/data/newkinpogroup5515/55/b23195v/lu5-55/docs/v0.0.5/math/min/meta.json
2026-02-25 00:30:11,282 - Knowledge - INFO - process ingested knowledge for /app/data/newkinpogroup5515/55/b23195v/lu5-55/docs/latest/image/image/meta.json
2026-02-25 00:30:11,413 - Knowledge - INFO - process ingested knowledge for /app/data/newkinpogroup5515/55/b23195v/lu5-55/docs/v0.0.1/io/index.html
2026-02-25 00:30:11,448 - Knowledge - INFO - Async storage completed for 6 embeddings
2026-02-25 00:30:11,672 - Knowledge - INFO - done ingest for /app/data/newkinpogroup5515/55/b23195v/lu5-55/docs/v0.0.1/shapes/arc/index.html
2026-02-25 00:30:11,676 - Knowledge - INFO - done ingest for /app/data/newkinpogroup5515/55/b23195v/lu5-55/docs/latest/typography/textFont/index.html
2026-02-25 00:30:11,677 - Knowledge - INFO - Async storing batch of 6 embeddings
2026-02-25 00:30:11,679 - Knowledge - INFO - done ingest for /app/data/newkinpogroup5515/55/b23195v/lu5-55/docs/latest/shapes3D/index.html
2026-02-25 00:30:11,711 - Knowledge - INFO - Processing batch of 6 files
2026-02-25 00:30:11,788 - Knowledge - INFO - Fast-tracked /app/data/newkinpogroup5515/55/b23195v/lu5-55/docs/v0.0.5/math/round/meta.json (ext=.json, size=328)
2026-02-25 00:30:11,869 - Knowledge - INFO - Fast-tracked /app/data/newkinpogroup5515/55/b23195v/lu5-55/docs/v0.0.5/shapes/square/meta.json (ext=.json, size=387)
2026-02-25 00:30:11,948 - Knowledge - INFO - Fast-tracked /app/data/newkinpogroup5515/55/b23195v/lu5-55/docs/v0.0.5/math/min/meta.json (ext=.json, size=530)
2026-02-25 00:30:12,024 - Knowledge - INFO - process ingested knowledge for /app/data/newkinpogroup5515/55/b23195v/lu5-55/docs/latest/image/loadImage/index.html
2026-02-25 00:30:12,113 - Knowledge - INFO - process ingested knowledge for /app/data/newkinpogroup5515/55/b23195v/lu5-55/docs/v0.0.1/window/background/index.html
2026-02-25 00:30:12,524 - Knowledge - INFO - Worker kw8 processing /app/data/newkinpogroup5515/55/b23195v/lu5-55/docs/v0.0.5/math/TWO_PI/meta.json
2026-02-25 00:30:12,714 - Knowledge - INFO - process ingested knowledge for /app/data/newkinpogroup5515/55/b23195v/lu5-55/docs/v0.0.1/events/index.html
2026-02-25 00:30:13,029 - Knowledge - INFO - Worker kw4 processing /app/data/newkinpogroup5515/55/b23195v/lu5-55/docs/v0.0.5/math/QUARTER_PI/index.html
2026-02-25 00:30:13,119 - Knowledge - INFO - process ingested knowledge for /app/data/newkinpogroup5515/55/b23195v/lu5-55/docs/latest/image/loadImage/meta.json
2026-02-25 00:30:13,194 - Knowledge - INFO - process ingested knowledge for /app/data/newkinpogroup5515/55/b23195v/lu5-55/docs/v0.0.1/window/background/meta.json
2026-02-25 00:30:13,282 - Knowledge - INFO - Fast-tracked /app/data/newkinpogroup5515/55/b23195v/lu5-55/docs/v0.0.5/math/TWO_PI/meta.json (ext=.json, size=189)
2026-02-25 00:30:13,416 - Knowledge - INFO - process ingested knowledge for /app/data/newkinpogroup5515/55/b23195v/lu5-55/docs/v0.0.1/index.html
2026-02-25 00:30:13,419 - Knowledge - INFO - [LLM_CALL] Completed: index.html:chunk1, Duration: 424ms, PromptTokens: 4180, CompletionTokens: 59, Cost: $0.00044
2026-02-25 00:30:13,613 - Knowledge - INFO - Worker kw4 processing /app/data/newkinpogroup5515/55/b23195v/lu5-55/docs/v0.0.5/math/QUARTER_PI/meta.json
2026-02-25 00:30:13,626 - Knowledge - INFO - process ingested knowledge for /app/data/newkinpogroup5515/55/b23195v/lu5-55/docs/latest/image/index.html
2026-02-25 00:30:13,834 - Knowledge - INFO - Worker kw8 processing /app/data/newkinpogroup5515/55/b23195v/lu5-55/docs/v0.0.5/math/randomSeed/index.html
2026-02-25 00:30:13,963 - Knowledge - INFO - process ingested knowledge for /app/data/newkinpogroup5515/55/b23195v/lu5-55/docs/assets/menu.js
2026-02-25 00:30:14,032 - Knowledge - INFO - done ingest for /app/data/newkinpogroup5515/55/b23195v/lu5-55/docs/v0.0.1/shapes/point/index.html
2026-02-25 00:30:14,032 - Knowledge - INFO - done ingest for /app/data/newkinpogroup5515/55/b23195v/lu5-55/docs/latest/typography/index.html
2026-02-25 00:30:14,033 - Knowledge - INFO - done ingest for /app/data/newkinpogroup5515/55/b23195v/lu5-55/docs/v0.0.1/shapes/circle/index.html
2026-02-25 00:30:14,121 - Knowledge - INFO - Fast-tracked /app/data/newkinpogroup5515/55/b23195v/lu5-55/docs/v0.0.5/math/QUARTER_PI/meta.json (ext=.json, size=193)
2026-02-25 00:30:14,238 - Knowledge - INFO - process ingested knowledge for /app/data/newkinpogroup5515/55/b23195v/lu5-55/docs/latest/vector/Vector.dot/index.html
2026-02-25 00:30:14,332 - Knowledge - INFO - Worker kw8 processing /app/data/newkinpogroup5515/55/b23195v/lu5-55/docs/v0.0.5/math/randomSeed/meta.json
2026-02-25 00:30:14,457 - Knowledge - INFO - process ingested knowledge for /app/data/newkinpogroup5515/55/b23195v/lu5-55/docs/assets/common.css
2026-02-25 00:30:14,488 - Knowledge - INFO - [WEBSOCKET] Sent: Type=progress_update, Size: 295, Duration: 0ms
2026-02-25 00:30:14,789 - Knowledge - INFO - Worker kw4 processing /app/data/newkinpogroup5515/55/b23195v/lu5-55/docs/v0.0.5/math/TWO_PI/index.html
2026-02-25 00:30:14,978 - Knowledge - INFO - Fast-tracked /app/data/newkinpogroup5515/55/b23195v/lu5-55/docs/v0.0.5/math/randomSeed/meta.json (ext=.json, size=313)
2026-02-25 00:30:15,125 - Knowledge - INFO - process ingested knowledge for /app/data/newkinpogroup5515/55/b23195v/lu5-55/docs/assets/docs.css
2026-02-25 00:30:15,177 - Knowledge - INFO - Processing batch of 6 files
2026-02-25 00:30:15,177 - Knowledge - INFO - [LLM_CALL] Completed: index.html:chunk1, Duration: 878ms, PromptTokens: 5102, CompletionTokens: 59, Cost: $0.00053
2026-02-25 00:30:15,234 - Knowledge - INFO - Async storage completed for 6 embeddings
2026-02-25 00:30:15,379 - Knowledge - INFO - Worker kw8 processing /app/data/newkinpogroup5515/55/b23195v/lu5-55/docs/v0.0.5/math/floor/index.html
2026-02-25 00:30:15,484 - Knowledge - INFO - process ingested knowledge for /app/data/newkinpogroup5515/55/b23195v/lu5-55/docs/assets/lu5-wasm.min.js
2026-02-25 00:30:15,575 - Knowledge - INFO - process ingested knowledge for /app/data/newkinpogroup5515/55/b23195v/lu5-55/docs/latest/typography/textFont/index.html
2026-02-25 00:30:15,655 - Knowledge - INFO - done ingest for /app/data/newkinpogroup5515/55/b23195v/lu5-55/docs/latest/shapes3D/sphere/index.html
2026-02-25 00:30:15,657 - Knowledge - INFO - [WEBSOCKET] Sent: Type=unknown, Size: ?, Duration: 1169ms
2026-02-25 00:30:15,937 - Knowledge - INFO - Worker kw8 processing /app/data/newkinpogroup5515/55/b23195v/lu5-55/docs/v0.0.5/math/floor/meta.json
2026-02-25 00:30:16,133 - Knowledge - INFO - process ingested knowledge for /app/data/newkinpogroup5515/55/b23195v/lu5-55/docs/latest/typography/textFont/meta.json
2026-02-25 00:30:16,387 - Knowledge - INFO - Progress: 81.0% | Files: 1184/1455 | Rate: 1.66 files/sec | Queue: 179
2026-02-25 00:30:16,395 - Knowledge - INFO - [LLM_CALL] Completed: index.html:chunk1, Duration: 2ms, PromptTokens: 4180, CompletionTokens: 59, Cost: $0.00044
2026-02-25 00:30:16,487 - Knowledge - INFO - Fast-tracked /app/data/newkinpogroup5515/55/b23195v/lu5-55/docs/v0.0.5/math/floor/meta.json (ext=.json, size=498)
2026-02-25 00:30:16,592 - Knowledge - INFO - process ingested knowledge for /app/data/newkinpogroup5515/55/b23195v/lu5-55/docs/latest/typography/text/index.html
2026-02-25 00:30:16,709 - Knowledge - INFO - [kw16] Queue=179, InProgress=0, PendingWorkers=20/20, Completed=1184/1455 (81.4%)
2026-02-25 00:30:16,813 - Knowledge - INFO - done ingest for /app/data/newkinpogroup5515/55/b23195v/lu5-55/docs/v0.0.1/shapes/triangle/index.html
2026-02-25 00:30:16,825 - Knowledge - INFO - done ingest for /app/data/newkinpogroup5515/55/b23195v/lu5-55/docs/v0.0.1/window/index.html
2026-02-25 00:30:16,825 - Knowledge - INFO - done ingest for /app/data/newkinpogroup5515/55/b23195v/lu5-55/docs/latest/index.html
2026-02-25 00:30:16,832 - Knowledge - INFO - [kw10] Queue=179, InProgress=0, PendingWorkers=20/20, Completed=1184/1455 (81.4%)
2026-02-25 00:30:16,998 - Knowledge - INFO - [kw12] Queue=179, InProgress=0, PendingWorkers=20/20, Completed=1184/1455 (81.4%)
2026-02-25 00:30:17,068 - Knowledge - INFO - process ingested knowledge for /app/data/newkinpogroup5515/55/b23195v/lu5-55/docs/latest/typography/text/meta.json
2026-02-25 00:30:17,138 - Knowledge - INFO - Batch sizing: calculated=5, max_allowed=10, queue=179, active_workers=20/20
2026-02-25 00:30:17,301 - Knowledge - INFO - Async storage completed for 6 embeddings
2026-02-25 00:30:17,310 - Knowledge - INFO - [LLM_CALL] Completed: index.html:chunk1, Duration: 371ms, PromptTokens: 4462, CompletionTokens: 59, Cost: $0.00047
2026-02-25 00:30:17,404 - Knowledge - INFO - Async storage completed for 6 embeddings
2026-02-25 00:30:17,583 - Knowledge - INFO - Batch sizing: calculated=5, max_allowed=10, queue=179, active_workers=20/20
2026-02-25 00:30:17,695 - Knowledge - INFO - Batch sizing: calculated=5, max_allowed=10, queue=179, active_workers=20/20
2026-02-25 00:30:17,785 - Knowledge - INFO - process ingested knowledge for /app/data/newkinpogroup5515/55/b23195v/lu5-55/docs/latest/typography/index.html
2026-02-25 00:30:18,080 - Knowledge - INFO - done ingest for /app/data/newkinpogroup5515/55/b23195v/lu5-55/docs/v0.0.1/shapes/rect/index.html
2026-02-25 00:30:18,082 - Knowledge - INFO - Processing batch of 6 files
2026-02-25 00:30:18,083 - Knowledge - INFO - Async storing batch of 6 embeddings
2026-02-25 00:30:18,287 - Knowledge - INFO - Async storing batch of 6 embeddings
2026-02-25 00:30:18,384 - Knowledge - INFO - Async storing batch of 6 embeddings
2026-02-25 00:30:18,520 - Knowledge - INFO - process ingested knowledge for /app/data/newkinpogroup5515/55/b23195v/lu5-55/docs/latest/typography/loadFont/index.html
2026-02-25 00:30:18,673 - Knowledge - INFO - [LLM_CALL] Completed: index.html:chunk1, Duration: 591ms, PromptTokens: 4498, CompletionTokens: 59, Cost: $0.00047
2026-02-25 00:30:18,758 - Knowledge - INFO - process ingested knowledge for /app/data/newkinpogroup5515/55/b23195v/lu5-55/docs/v0.0.1/shapes/circle/meta.json
2026-02-25 00:30:18,868 - Knowledge - INFO - Worker kw16 processing /app/data/newkinpogroup5515/55/b23195v/lu5-55/docs/v0.0.5/math/sin/index.html
2026-02-25 00:30:18,949 - Knowledge - INFO - Worker kw10 processing /app/data/newkinpogroup5515/55/b23195v/lu5-55/docs/v0.0.5/math/max/meta.json
2026-02-25 00:30:19,042 - Knowledge - INFO - Worker kw12 processing /app/data/newkinpogroup5515/55/b23195v/lu5-55/docs/v0.0.5/math/random/index.html
2026-02-25 00:30:19,239 - Knowledge - INFO - done ingest for /app/data/newkinpogroup5515/55/b23195v/lu5-55/docs/v0.0.1/shapes/line/index.html
2026-02-25 00:30:19,241 - Knowledge - INFO - done ingest for /app/data/newkinpogroup5515/55/b23195v/lu5-55/docs/latest/typography/textSize/index.html
2026-02-25 00:30:19,327 - Knowledge - INFO - process ingested knowledge for /app/data/newkinpogroup5515/55/b23195v/lu5-55/docs/v0.0.1/shapes/point/index.html
2026-02-25 00:30:19,440 - Knowledge - INFO - Worker kw16 processing /app/data/newkinpogroup5515/55/b23195v/lu5-55/docs/v0.0.5/math/sin/meta.json
2026-02-25 00:30:19,534 - Knowledge - INFO - Fast-tracked /app/data/newkinpogroup5515/55/b23195v/lu5-55/docs/v0.0.5/math/max/meta.json (ext=.json, size=529)
2026-02-25 00:30:19,630 - Knowledge - INFO - Worker kw12 processing /app/data/newkinpogroup5515/55/b23195v/lu5-55/docs/v0.0.5/math/random/meta.json
2026-02-25 00:30:19,724 - Knowledge - INFO - [kw18] Queue=164, InProgress=0, PendingWorkers=20/20, Completed=1190/1455 (81.8%)
2026-02-25 00:30:19,958 - Knowledge - INFO - done ingest for /app/data/newkinpogroup5515/55/b23195v/lu5-55/docs/v0.0.1/shapes/text/index.html
2026-02-25 00:30:19,973 - Knowledge - INFO - Processing batch of 6 files
2026-02-25 00:30:20,042 - Knowledge - INFO - process ingested knowledge for /app/data/newkinpogroup5515/55/b23195v/lu5-55/docs/v0.0.1/shapes/point/meta.json
2026-02-25 00:30:20,054 - Knowledge - INFO - done ingest for /app/data/newkinpogroup5515/55/b23195v/lu5-55/docs/v0.0.1/shapes/ellipse/index.html
2026-02-25 00:30:20,153 - Knowledge - INFO - Fast-tracked /app/data/newkinpogroup5515/55/b23195v/lu5-55/docs/v0.0.5/math/sin/meta.json (ext=.json, size=319)
2026-02-25 00:30:20,245 - Knowledge - INFO - Worker kw10 processing /app/data/newkinpogroup5515/55/b23195v/lu5-55/docs/v0.0.5/math/map/index.html
2026-02-25 00:30:20,329 - Knowledge - INFO - Fast-tracked /app/data/newkinpogroup5515/55/b23195v/lu5-55/docs/v0.0.5/math/random/meta.json (ext=.json, size=602)
2026-02-25 00:30:20,405 - Knowledge - INFO - Batch sizing: calculated=5, max_allowed=10, queue=164, active_workers=20/20
2026-02-25 00:30:20,597 - Knowledge - INFO - process ingested knowledge for /app/data/newkinpogroup5515/55/b23195v/lu5-55/docs/latest/shapes3D/index.html
2026-02-25 00:30:20,718 - Knowledge - INFO - process ingested knowledge for /app/data/newkinpogroup5515/55/b23195v/lu5-55/docs/v0.0.1/shapes/triangle/index.html
2026-02-25 00:30:20,939 - Knowledge - INFO - done ingest for /app/data/newkinpogroup5515/55/b23195v/lu5-55/docs/v0.0.1/setting/fill/index.html
2026-02-25 00:30:20,956 - Knowledge - INFO - Worker kw16 processing /app/data/newkinpogroup5515/55/b23195v/lu5-55/docs/v0.0.5/math/abs/index.html
2026-02-25 00:30:21,075 - Knowledge - INFO - Worker kw10 processing /app/data/newkinpogroup5515/55/b23195v/lu5-55/docs/v0.0.5/math/map/meta.json
2026-02-25 00:30:21,174 - Knowledge - INFO - Worker kw12 processing /app/data/newkinpogroup5515/55/b23195v/lu5-55/docs/v0.0.5/math/PI/index.html
2026-02-25 00:30:21,252 - Knowledge - INFO - done ingest for /app/data/newkinpogroup5515/55/b23195v/lu5-55/docs/v0.0.1/window/createWindow/index.html
2026-02-25 00:30:21,299 - Knowledge - INFO - Async storing batch of 6 embeddings
2026-02-25 00:30:21,380 - Knowledge - INFO - process ingested knowledge for /app/data/newkinpogroup5515/55/b23195v/lu5-55/docs/latest/shapes3D/sphere/index.html
2026-02-25 00:30:21,462 - Knowledge - INFO - process ingested knowledge for /app/data/newkinpogroup5515/55/b23195v/lu5-55/docs/v0.0.1/shapes/triangle/meta.json
2026-02-25 00:30:21,668 - Knowledge - INFO - Worker kw16 processing /app/data/newkinpogroup5515/55/b23195v/lu5-55/docs/v0.0.5/math/abs/meta.json
2026-02-25 00:30:21,838 - Knowledge - INFO - [LLM_CALL] Completed: index.html:chunk1, Duration: 578ms, PromptTokens: 4770, CompletionTokens: 59, Cost: $0.00050
2026-02-25 00:30:21,839 - Knowledge - INFO - Fast-tracked /app/data/newkinpogroup5515/55/b23195v/lu5-55/docs/v0.0.5/math/map/meta.json (ext=.json, size=576)
2026-02-25 00:30:21,930 - Knowledge - INFO - Worker kw12 processing /app/data/newkinpogroup5515/55/b23195v/lu5-55/docs/v0.0.5/math/PI/meta.json
2026-02-25 00:30:22,093 - Knowledge - INFO - Worker kw18 processing /app/data/newkinpogroup5515/55/b23195v/lu5-55/docs/v0.0.5/math/cos/meta.json
2026-02-25 00:30:22,173 - Knowledge - INFO - process ingested knowledge for /app/data/newkinpogroup5515/55/b23195v/lu5-55/docs/latest/shapes3D/sphere/meta.json
2026-02-25 00:30:22,326 - Knowledge - INFO - process ingested knowledge for /app/data/newkinpogroup5515/55/b23195v/lu5-55/docs/v0.0.1/shapes/arc/index.html
2026-02-25 00:30:22,437 - Knowledge - INFO - Fast-tracked /app/data/newkinpogroup5515/55/b23195v/lu5-55/docs/v0.0.5/math/abs/meta.json (ext=.json, size=440)
2026-02-25 00:30:22,524 - Knowledge - INFO - done ingest for /app/data/newkinpogroup5515/55/b23195v/lu5-55/docs/v0.0.1/shapes/quad/index.html
2026-02-25 00:30:22,528 - Knowledge - INFO - Processing batch of 6 files
2026-02-25 00:30:22,528 - Knowledge - INFO - done ingest for /app/data/newkinpogroup5515/55/b23195v/lu5-55/docs/v0.0.1/shapes/square/index.html
2026-02-25 00:30:22,641 - Knowledge - INFO - Worker kw10 processing /app/data/newkinpogroup5515/55/b23195v/lu5-55/docs/v0.0.5/math/constrain/index.html
2026-02-25 00:30:22,749 - Knowledge - INFO - Fast-tracked /app/data/newkinpogroup5515/55/b23195v/lu5-55/docs/v0.0.5/math/PI/meta.json (ext=.json, size=185)
2026-02-25 00:30:22,859 - Knowledge - INFO - Fast-tracked /app/data/newkinpogroup5515/55/b23195v/lu5-55/docs/v0.0.5/math/cos/meta.json (ext=.json, size=321)
2026-02-25 00:30:22,963 - Knowledge - INFO - process ingested knowledge for /app/data/newkinpogroup5515/55/b23195v/lu5-55/docs/latest/index.html
2026-02-25 00:30:22,989 - Knowledge - INFO - done ingest for /app/data/newkinpogroup5515/55/b23195v/lu5-55/docs/v0.0.1/events/isKeyDown/index.html
2026-02-25 00:30:23,161 - Knowledge - INFO - Worker kw16 processing /app/data/newkinpogroup5515/55/b23195v/lu5-55/docs/v0.0.5/math/max/index.html
2026-02-25 00:30:23,360 - Knowledge - INFO - process ingested knowledge for /app/data/newkinpogroup5515/55/b23195v/lu5-55/docs/v0.0.1/window/createWindow/index.html
2026-02-25 00:30:23,492 - Knowledge - INFO - Processing batch of 6 files
2026-02-25 00:30:23,593 - Knowledge - INFO - Worker kw10 processing /app/data/newkinpogroup5515/55/b23195v/lu5-55/docs/v0.0.5/math/constrain/meta.json
2026-02-25 00:30:23,673 - Knowledge - INFO - Worker kw12 processing /app/data/newkinpogroup5515/55/b23195v/lu5-55/docs/v0.0.5/math/cos/index.html
2026-02-25 00:30:23,755 - Knowledge - INFO - [WEBSOCKET] Sent: Type=progress_update, Size: 295, Duration: 0ms
2026-02-25 00:30:23,785 - Knowledge - INFO - Worker kw18 processing /app/data/newkinpogroup5515/55/b23195v/lu5-55/docs/v0.0.5/math/ceil/index.html
2026-02-25 00:30:23,873 - Knowledge - INFO - process ingested knowledge for /app/data/newkinpogroup5515/55/b23195v/lu5-55/docs/latest/typography/textSize/index.html
2026-02-25 00:30:24,138 - Knowledge - INFO - process ingested knowledge for /app/data/newkinpogroup5515/55/b23195v/lu5-55/docs/v0.0.1/window/createWindow/meta.json
2026-02-25 00:30:24,220 - Knowledge - INFO - process ingested knowledge for /app/data/newkinpogroup5515/55/b23195v/lu5-55/docs/v0.0.1/shapes/arc/meta.json
2026-02-25 00:30:24,321 - Knowledge - INFO - Fast-tracked /app/data/newkinpogroup5515/55/b23195v/lu5-55/docs/v0.0.5/math/constrain/meta.json (ext=.json, size=438)
2026-02-25 00:30:24,498 - Knowledge - INFO - [LLM_CALL] Completed: index.html:chunk1, Duration: 2ms, PromptTokens: 7544, CompletionTokens: 59, Cost: $0.00078
2026-02-25 00:30:24,590 - Knowledge - INFO - Worker kw18 processing /app/data/newkinpogroup5515/55/b23195v/lu5-55/docs/v0.0.5/math/ceil/meta.json
2026-02-25 00:30:24,696 - Knowledge - INFO - process ingested knowledge for /app/data/newkinpogroup5515/55/b23195v/lu5-55/docs/latest/typography/textSize/meta.json
2026-02-25 00:30:24,812 - Knowledge - INFO - process ingested knowledge for /app/data/newkinpogroup5515/55/b23195v/lu5-55/docs/v0.0.1/window/index.html
2026-02-25 00:30:24,930 - Knowledge - INFO - process ingested knowledge for /app/data/newkinpogroup5515/55/b23195v/lu5-55/docs/v0.0.1/shapes/ellipse/index.html
2026-02-25 00:30:25,171 - Knowledge - INFO - done ingest for /app/data/newkinpogroup5515/55/b23195v/lu5-55/docs/v0.0.1/shapes/index.html
2026-02-25 00:30:25,175 - Knowledge - INFO - [WEBSOCKET] Sent: Type=unknown, Size: ?, Duration: 1420ms
2026-02-25 00:30:25,259 - Knowledge - INFO - Fast-tracked /app/data/newkinpogroup5515/55/b23195v/lu5-55/docs/v0.0.5/math/ceil/meta.json (ext=.json, size=475)
2026-02-25 00:30:25,486 - Knowledge - INFO - process ingested knowledge for /app/data/newkinpogroup5515/55/b23195v/lu5-55/docs/v0.0.1/shapes/line/index.html
2026-02-25 00:30:25,654 - Knowledge - INFO - process ingested knowledge for /app/data/newkinpogroup5515/55/b23195v/lu5-55/docs/v0.0.1/shapes/ellipse/meta.json
2026-02-25 00:30:25,802 - Knowledge - INFO - Progress: 83.0% | Files: 1214/1455 | Rate: 1.68 files/sec | Queue: 159
2026-02-25 00:30:25,805 - Knowledge - INFO - [LLM_CALL] Completed: index.html:chunk1, Duration: 1ms, PromptTokens: 4226, CompletionTokens: 59, Cost: $0.00045
2026-02-25 00:30:25,836 - Knowledge - INFO - Async storage completed for 6 embeddings
2026-02-25 00:30:25,916 - Knowledge - INFO - Worker kw18 processing /app/data/newkinpogroup5515/55/b23195v/lu5-55/docs/v0.0.5/math/HALF_PI/index.html
2026-02-25 00:30:26,036 - Knowledge - INFO - process ingested knowledge for /app/data/newkinpogroup5515/55/b23195v/lu5-55/docs/v0.0.1/shapes/line/meta.json
2026-02-25 00:30:26,116 - Knowledge - INFO - process ingested knowledge for /app/data/newkinpogroup5515/55/b23195v/lu5-55/docs/v0.0.1/shapes/rect/index.html
2026-02-25 00:30:26,212 - Knowledge - INFO - [kw13] Queue=159, InProgress=0, PendingWorkers=20/20, Completed=1214/1455 (83.4%)
2026-02-25 00:30:26,323 - Knowledge - INFO - done ingest for /app/data/newkinpogroup5515/55/b23195v/lu5-55/docs/v0.0.1/setting/index.html
2026-02-25 00:30:26,324 - Knowledge - INFO - Processing batch of 6 files
2026-02-25 00:30:26,324 - Knowledge - INFO - [kw2] Queue=159, InProgress=0, PendingWorkers=20/20, Completed=1214/1455 (83.4%)
2026-02-25 00:30:26,513 - Knowledge - INFO - Worker kw18 processing /app/data/newkinpogroup5515/55/b23195v/lu5-55/docs/v0.0.5/math/HALF_PI/meta.json
2026-02-25 00:30:26,587 - Knowledge - INFO - process ingested knowledge for /app/data/newkinpogroup5515/55/b23195v/lu5-55/docs/v0.0.1/shapes/circle/index.html
2026-02-25 00:30:26,708 - Knowledge - INFO - process ingested knowledge for /app/data/newkinpogroup5515/55/b23195v/lu5-55/docs/v0.0.1/shapes/rect/meta.json
2026-02-25 00:30:26,801 - Knowledge - INFO - Batch sizing: calculated=5, max_allowed=10, queue=159, active_workers=20/20
2026-02-25 00:30:26,898 - Knowledge - INFO - Processing batch of 6 files
2026-02-25 00:30:26,989 - Knowledge - INFO - process ingested knowledge for /app/data/newkinpogroup5515/55/b23195v/lu5-55/docs/v0.0.1/shapes/square/meta.json
2026-02-25 00:30:27,070 - Knowledge - INFO - Batch sizing: calculated=5, max_allowed=10, queue=159, active_workers=20/20
2026-02-25 00:30:27,178 - Knowledge - INFO - Fast-tracked /app/data/newkinpogroup5515/55/b23195v/lu5-55/docs/v0.0.5/math/HALF_PI/meta.json (ext=.json, size=190)
2026-02-25 00:30:27,340 - Knowledge - INFO - process ingested knowledge for /app/data/newkinpogroup5515/55/b23195v/lu5-55/docs/v0.0.1/shapes/square/index.html
2026-02-25 00:30:27,464 - Knowledge - INFO - Async storing batch of 6 embeddings
2026-02-25 00:30:27,525 - Knowledge - INFO - process ingested knowledge for /app/data/newkinpogroup5515/55/b23195v/lu5-55/docs/v0.0.1/setting/index.html
2026-02-25 00:30:27,656 - Knowledge - INFO - process ingested knowledge for /app/data/newkinpogroup5515/55/b23195v/lu5-55/docs/v0.0.1/shapes/text/index.html
2026-02-25 00:30:27,754 - Knowledge - INFO - Async storing batch of 6 embeddings
2026-02-25 00:30:27,885 - Knowledge - INFO - [kw3] Queue=149, InProgress=0, PendingWorkers=20/20, Completed=1220/1455 (83.8%)
2026-02-25 00:30:27,991 - Knowledge - INFO - Worker kw13 processing /app/data/newkinpogroup5515/55/b23195v/lu5-55/docs/v0.0.5/math/tan/index.html
2026-02-25 00:30:28,065 - Knowledge - INFO - process ingested knowledge for /app/data/newkinpogroup5515/55/b23195v/lu5-55/docs/v0.0.1/setting/fill/index.html
2026-02-25 00:30:28,184 - Knowledge - INFO - process ingested knowledge for /app/data/newkinpogroup5515/55/b23195v/lu5-55/docs/v0.0.1/shapes/text/meta.json
2026-02-25 00:30:28,303 - Knowledge - INFO - Worker kw2 processing /app/data/newkinpogroup5515/55/b23195v/lu5-55/docs/v0.0.5/classes/index.html
2026-02-25 00:30:28,310 - Knowledge - INFO - [LLM_CALL] Completed: index.html:chunk1, Duration: 501ms, PromptTokens: 4564, CompletionTokens: 59, Cost: $0.00048
2026-02-25 00:30:28,415 - Knowledge - INFO - Batch sizing: calculated=5, max_allowed=10, queue=149, active_workers=20/20
2026-02-25 00:30:28,498 - Knowledge - INFO - Worker kw13 processing /app/data/newkinpogroup5515/55/b23195v/lu5-55/docs/v0.0.5/math/tan/meta.json
2026-02-25 00:30:28,621 - Knowledge - INFO - process ingested knowledge for /app/data/newkinpogroup5515/55/b23195v/lu5-55/docs/v0.0.1/setting/fill/meta.json
2026-02-25 00:30:28,724 - Knowledge - INFO - process ingested knowledge for /app/data/newkinpogroup5515/55/b23195v/lu5-55/docs/v0.0.1/shapes/quad/index.html
2026-02-25 00:30:28,817 - Knowledge - INFO - Worker kw2 processing /app/data/newkinpogroup5515/55/b23195v/lu5-55/docs/v0.0.5/setting/strokeWeight/index.html
2026-02-25 00:30:28,924 - Knowledge - INFO - done ingest for /app/data/newkinpogroup5515/55/b23195v/lu5-55/docs/v0.0.5/io/print/index.html
2026-02-25 00:30:28,926 - Knowledge - INFO - [kw17] Queue=149, InProgress=0, PendingWorkers=20/20, Completed=1220/1455 (83.8%)
2026-02-25 00:30:29,028 - Knowledge - INFO - Async storing batch of 6 embeddings
2026-02-25 00:30:29,147 - Knowledge - INFO - Fast-tracked /app/data/newkinpogroup5515/55/b23195v/lu5-55/docs/v0.0.5/math/tan/meta.json (ext=.json, size=322)
2026-02-25 00:30:29,233 - Knowledge - INFO - process ingested knowledge for /app/data/newkinpogroup5515/55/b23195v/lu5-55/docs/v0.0.1/modules.json
2026-02-25 00:30:29,336 - Knowledge - INFO - process ingested knowledge for /app/data/newkinpogroup5515/55/b23195v/lu5-55/docs/v0.0.1/shapes/quad/meta.json
2026-02-25 00:30:29,435 - Knowledge - INFO - Worker kw2 processing /app/data/newkinpogroup5515/55/b23195v/lu5-55/docs/v0.0.5/setting/strokeWeight/meta.json
2026-02-25 00:30:29,633 - Knowledge - INFO - Batch sizing: calculated=5, max_allowed=10, queue=149, active_workers=20/20
2026-02-25 00:30:29,735 - Knowledge - INFO - Worker kw3 processing /app/data/newkinpogroup5515/55/b23195v/lu5-55/docs/v0.0.5/setting/background/index.html
2026-02-25 00:30:29,836 - Knowledge - INFO - Worker kw13 processing /app/data/newkinpogroup5515/55/b23195v/lu5-55/docs/v0.0.5/math/index.html
2026-02-25 00:30:29,916 - Knowledge - INFO - process ingested knowledge for /app/data/newkinpogroup5515/55/b23195v/lu5-55/docs/v0.0.1/events/isKeyDown/index.html
2026-02-25 00:30:30,020 - Knowledge - INFO - process ingested knowledge for /app/data/newkinpogroup5515/55/b23195v/lu5-55/docs/v0.0.1/shapes/index.html
2026-02-25 00:30:30,137 - Knowledge - INFO - Fast-tracked /app/data/newkinpogroup5515/55/b23195v/lu5-55/docs/v0.0.5/setting/strokeWeight/meta.json (ext=.json, size=323)
2026-02-25 00:30:30,228 - Knowledge - INFO - Async storing batch of 6 embeddings
2026-02-25 00:30:30,314 - Knowledge - INFO - Worker kw3 processing /app/data/newkinpogroup5515/55/b23195v/lu5-55/docs/v0.0.5/setting/background/meta.json
2026-02-25 00:30:30,414 - Knowledge - INFO - Worker kw13 processing /app/data/newkinpogroup5515/55/b23195v/lu5-55/docs/v0.0.5/classes/class/index.html
2026-02-25 00:30:30,530 - Knowledge - INFO - process ingested knowledge for /app/data/newkinpogroup5515/55/b23195v/lu5-55/docs/v0.0.1/events/isKeyDown/meta.json
2026-02-25 00:30:30,715 - Knowledge - INFO - Worker kw2 processing /app/data/newkinpogroup5515/55/b23195v/lu5-55/docs/v0.0.5/setting/push/index.html
2026-02-25 00:30:30,872 - Knowledge - INFO - Worker kw17 processing /app/data/newkinpogroup5515/55/b23195v/lu5-55/docs/v0.0.5/setting/noFill/meta.json
2026-02-25 00:30:30,907 - Knowledge - INFO - [LLM_CALL] Completed: index.html:chunk1, Duration: 732ms, PromptTokens: 7856, CompletionTokens: 59, Cost: $0.00081
2026-02-25 00:30:31,008 - Knowledge - INFO - Fast-tracked /app/data/newkinpogroup5515/55/b23195v/lu5-55/docs/v0.0.5/setting/background/meta.json (ext=.json, size=392)
2026-02-25 00:30:31,097 - Knowledge - INFO - Worker kw13 processing /app/data/newkinpogroup5515/55/b23195v/lu5-55/docs/v0.0.5/classes/class/meta.json
2026-02-25 00:30:31,285 - Knowledge - INFO - Worker kw2 processing /app/data/newkinpogroup5515/55/b23195v/lu5-55/docs/v0.0.5/setting/push/meta.json
2026-02-25 00:30:31,368 - Knowledge - INFO - Fast-tracked /app/data/newkinpogroup5515/55/b23195v/lu5-55/docs/v0.0.5/setting/noFill/meta.json (ext=.json, size=198)
2026-02-25 00:30:31,500 - Knowledge - INFO - done ingest for /app/data/newkinpogroup5515/55/b23195v/lu5-55/docs/index.html
2026-02-25 00:30:31,524 - Knowledge - INFO - [kw7] Queue=139, InProgress=0, PendingWorkers=20/20, Completed=1220/1455 (83.8%)
2026-02-25 00:30:31,613 - Knowledge - INFO - Worker kw3 processing /app/data/newkinpogroup5515/55/b23195v/lu5-55/docs/v0.0.5/setting/stroke/index.html
2026-02-25 00:30:31,704 - Knowledge - INFO - Fast-tracked /app/data/newkinpogroup5515/55/b23195v/lu5-55/docs/v0.0.5/classes/class/meta.json (ext=.json, size=680)
2026-02-25 00:30:31,828 - Knowledge - INFO - Fast-tracked /app/data/newkinpogroup5515/55/b23195v/lu5-55/docs/v0.0.5/setting/push/meta.json (ext=.json, size=207)
2026-02-25 00:30:31,864 - Knowledge - INFO - [kw1] Queue=139, InProgress=0, PendingWorkers=20/20, Completed=1220/1455 (83.8%)
2026-02-25 00:30:31,911 - Knowledge - INFO - Worker kw17 processing /app/data/newkinpogroup5515/55/b23195v/lu5-55/docs/v0.0.5/setting/noStroke/index.html
2026-02-25 00:30:32,150 - Knowledge - INFO - Batch sizing: calculated=5, max_allowed=10, queue=139, active_workers=20/20
2026-02-25 00:30:32,241 - Knowledge - INFO - Worker kw3 processing /app/data/newkinpogroup5515/55/b23195v/lu5-55/docs/v0.0.5/setting/stroke/meta.json
2026-02-25 00:30:32,492 - Knowledge - INFO - Batch sizing: calculated=5, max_allowed=10, queue=139, active_workers=20/20
2026-02-25 00:30:32,622 - Knowledge - INFO - Worker kw17 processing /app/data/newkinpogroup5515/55/b23195v/lu5-55/docs/v0.0.5/setting/noStroke/meta.json
2026-02-25 00:30:32,730 - Knowledge - INFO - Async storing batch of 6 embeddings
2026-02-25 00:30:32,814 - Knowledge - INFO - Fast-tracked /app/data/newkinpogroup5515/55/b23195v/lu5-55/docs/v0.0.5/setting/stroke/meta.json (ext=.json, size=485)
2026-02-25 00:30:32,905 - Knowledge - INFO - Async storing batch of 6 embeddings
2026-02-25 00:30:33,023 - Knowledge - INFO - Fast-tracked /app/data/newkinpogroup5515/55/b23195v/lu5-55/docs/v0.0.5/setting/noStroke/meta.json (ext=.json, size=303)
2026-02-25 00:30:33,113 - Knowledge - INFO - Worker kw7 processing /app/data/newkinpogroup5515/55/b23195v/lu5-55/docs/v0.0.5/setting/fill/meta.json
2026-02-25 00:30:33,193 - Knowledge - INFO - Worker kw3 processing /app/data/newkinpogroup5515/55/b23195v/lu5-55/docs/v0.0.5/setting/noFill/index.html
2026-02-25 00:30:33,272 - Knowledge - INFO - Worker kw1 processing /app/data/newkinpogroup5515/55/b23195v/lu5-55/docs/v0.0.5/keyboard/DOWN_ARROW/index.html
2026-02-25 00:30:33,380 - Knowledge - INFO - Worker kw17 processing /app/data/newkinpogroup5515/55/b23195v/lu5-55/docs/v0.0.5/setting/index.html
2026-02-25 00:30:33,575 - Knowledge - INFO - Fast-tracked /app/data/newkinpogroup5515/55/b23195v/lu5-55/docs/v0.0.5/setting/fill/meta.json (ext=.json, size=508)
2026-02-25 00:30:33,586 - Knowledge - INFO - [LLM_CALL] Completed: index.html:chunk1, Duration: 1187ms, PromptTokens: 4320, CompletionTokens: 59, Cost: $0.00046
2026-02-25 00:30:33,682 - Knowledge - INFO - Worker kw1 processing /app/data/newkinpogroup5515/55/b23195v/lu5-55/docs/v0.0.5/keyboard/DOWN_ARROW/meta.json
2026-02-25 00:30:33,797 - Knowledge - INFO - Worker kw17 processing /app/data/newkinpogroup5515/55/b23195v/lu5-55/docs/v0.0.5/setting/fill/index.html
2026-02-25 00:30:33,885 - Knowledge - INFO - Worker kw7 processing /app/data/newkinpogroup5515/55/b23195v/lu5-55/docs/v0.0.5/setting/pop/index.html
2026-02-25 00:30:33,999 - Knowledge - INFO - done ingest for /app/data/newkinpogroup5515/55/b23195v/lu5-55/docs/v0.0.5/io/index.html
2026-02-25 00:30:34,091 - Knowledge - INFO - Fast-tracked /app/data/newkinpogroup5515/55/b23195v/lu5-55/docs/v0.0.5/keyboard/DOWN_ARROW/meta.json (ext=.json, size=191)
2026-02-25 00:30:34,324 - Knowledge - INFO - Worker kw7 processing /app/data/newkinpogroup5515/55/b23195v/lu5-55/docs/v0.0.5/setting/pop/meta.json
2026-02-25 00:30:34,452 - Knowledge - INFO - Processing batch of 6 files
2026-02-25 00:30:34,511 - Knowledge - INFO - Worker kw1 processing /app/data/newkinpogroup5515/55/b23195v/lu5-55/docs/v0.0.5/keyboard/keyHeld/index.html
2026-02-25 00:30:34,601 - Knowledge - INFO - Fast-tracked /app/data/newkinpogroup5515/55/b23195v/lu5-55/docs/v0.0.5/setting/pop/meta.json (ext=.json, size=210)
2026-02-25 00:30:34,708 - Knowledge - INFO - process ingested knowledge for /app/data/newkinpogroup5515/55/b23195v/lu5-55/docs/assets/lu5-hljs-theme.css
2026-02-25 00:30:34,806 - Knowledge - INFO - Worker kw1 processing /app/data/newkinpogroup5515/55/b23195v/lu5-55/docs/v0.0.5/keyboard/keyHeld/meta.json
2026-02-25 00:30:34,886 - Knowledge - INFO - Worker kw7 processing /app/data/newkinpogroup5515/55/b23195v/lu5-55/docs/v0.0.5/keyboard/RIGHT_ARROW/index.html
2026-02-25 00:30:34,974 - Knowledge - INFO - process ingested knowledge for /app/data/newkinpogroup5515/55/b23195v/lu5-55/docs/assets/lu5-editor.min.js
2026-02-25 00:30:35,063 - Knowledge - INFO - Fast-tracked /app/data/newkinpogroup5515/55/b23195v/lu5-55/docs/v0.0.5/keyboard/keyHeld/meta.json (ext=.json, size=265)
2026-02-25 00:30:35,183 - Knowledge - INFO - Worker kw7 processing /app/data/newkinpogroup5515/55/b23195v/lu5-55/docs/v0.0.5/keyboard/RIGHT_ARROW/meta.json
2026-02-25 00:30:35,285 - Knowledge - INFO - process ingested knowledge for /app/data/newkinpogroup5515/55/b23195v/lu5-55/docs/index.html
2026-02-25 00:30:35,404 - Knowledge - INFO - Worker kw1 processing /app/data/newkinpogroup5515/55/b23195v/lu5-55/docs/v0.0.5/keyboard/ENTER/index.html
2026-02-25 00:30:35,510 - Knowledge - INFO - Fast-tracked /app/data/newkinpogroup5515/55/b23195v/lu5-55/docs/v0.0.5/keyboard/RIGHT_ARROW/meta.json (ext=.json, size=192)
2026-02-25 00:30:35,604 - Knowledge - INFO - process ingested knowledge for /app/data/newkinpogroup5515/55/b23195v/lu5-55/docs/v0.0.5/io/print/index.html
2026-02-25 00:30:35,735 - Knowledge - INFO - Async storage completed for 6 embeddings
2026-02-25 00:30:35,917 - Knowledge - INFO - process ingested knowledge for /app/data/newkinpogroup5515/55/b23195v/lu5-55/docs/v0.0.5/io/print/meta.json
2026-02-25 00:30:36,125 - Knowledge - INFO - process ingested knowledge for /app/data/newkinpogroup5515/55/b23195v/lu5-55/docs/v0.0.5/io/index.html
2026-02-25 00:30:36,909 - Knowledge - INFO - [kw20] Queue=129, InProgress=0, PendingWorkers=20/20, Completed=1226/1455 (84.3%)
2026-02-25 00:30:36,980 - Knowledge - INFO - Async storage completed for 6 embeddings
2026-02-25 00:30:37,079 - Knowledge - INFO - Batch sizing: calculated=5, max_allowed=10, queue=129, active_workers=20/20
2026-02-25 00:30:37,283 - Knowledge - INFO - Async storing batch of 6 embeddings
2026-02-25 00:30:37,435 - Knowledge - INFO - Worker kw20 processing /app/data/newkinpogroup5515/55/b23195v/lu5-55/docs/v0.0.5/keyboard/ENTER/meta.json
2026-02-25 00:30:37,636 - Knowledge - INFO - Fast-tracked /app/data/newkinpogroup5515/55/b23195v/lu5-55/docs/v0.0.5/keyboard/ENTER/meta.json (ext=.json, size=186)
2026-02-25 00:30:37,786 - Knowledge - INFO - Worker kw20 processing /app/data/newkinpogroup5515/55/b23195v/lu5-55/docs/v0.0.5/keyboard/keyReleased/index.html
2026-02-25 00:30:37,952 - Knowledge - INFO - Worker kw20 processing /app/data/newkinpogroup5515/55/b23195v/lu5-55/docs/v0.0.5/keyboard/keyReleased/meta.json
2026-02-25 00:30:38,130 - Knowledge - INFO - [LLM_CALL] Completed: index.html:chunk1, Duration: 468ms, PromptTokens: 4670, CompletionTokens: 59, Cost: $0.00049
2026-02-25 00:30:38,229 - Knowledge - INFO - Fast-tracked /app/data/newkinpogroup5515/55/b23195v/lu5-55/docs/v0.0.5/keyboard/keyReleased/meta.json (ext=.json, size=272)
2026-02-25 00:30:38,329 - Knowledge - INFO - Async storage completed for 6 embeddings
2026-02-25 00:30:38,336 - Knowledge - INFO - done ingest for /app/data/newkinpogroup5515/55/b23195v/lu5-55/docs/v0.0.5/shapes/circle/index.html
2026-02-25 00:30:38,458 - Knowledge - INFO - Worker kw20 processing /app/data/newkinpogroup5515/55/b23195v/lu5-55/docs/v0.0.5/keyboard/LEFT_ARROW/index.html
2026-02-25 00:30:38,799 - Knowledge - INFO - Worker kw20 processing /app/data/newkinpogroup5515/55/b23195v/lu5-55/docs/v0.0.5/keyboard/LEFT_ARROW/meta.json
2026-02-25 00:30:38,978 - Knowledge - INFO - Fast-tracked /app/data/newkinpogroup5515/55/b23195v/lu5-55/docs/v0.0.5/keyboard/LEFT_ARROW/meta.json (ext=.json, size=191)
2026-02-25 00:30:39,685 - Knowledge - INFO - Async storage completed for 6 embeddings
2026-02-25 00:30:40,440 - Knowledge - INFO - [LLM_CALL] Completed: index.html:chunk1, Duration: 1288ms, PromptTokens: 4512, CompletionTokens: 59, Cost: $0.00047
2026-02-25 00:30:40,603 - Knowledge - INFO - done ingest for /app/data/newkinpogroup5515/55/b23195v/lu5-55/docs/v0.0.5/shapes/endShape/index.html
2026-02-25 00:30:40,761 - Knowledge - INFO - done ingest for /app/data/newkinpogroup5515/55/b23195v/lu5-55/docs/v0.0.5/shapes/point/index.html
2026-02-25 00:30:41,516 - Knowledge - INFO - done ingest for /app/data/newkinpogroup5515/55/b23195v/lu5-55/docs/v0.0.5/window/width/index.html
2026-02-25 00:30:42,403 - Knowledge - INFO - done ingest for /app/data/newkinpogroup5515/55/b23195v/lu5-55/docs/v0.0.5/shapes/vertex/index.html
2026-02-25 00:30:42,695 - Knowledge - INFO - done ingest for /app/data/newkinpogroup5515/55/b23195v/lu5-55/docs/v0.0.5/shapes/line/index.html
2026-02-25 00:30:42,907 - Knowledge - INFO - Processing batch of 6 files
2026-02-25 00:30:43,083 - Knowledge - INFO - done ingest for /app/data/newkinpogroup5515/55/b23195v/lu5-55/docs/v0.0.5/shapes/triangle/index.html
2026-02-25 00:30:43,111 - Knowledge - INFO - process ingested knowledge for /app/data/newkinpogroup5515/55/b23195v/lu5-55/docs/v0.0.5/window/frameRate/meta.json
2026-02-25 00:30:43,374 - Knowledge - INFO - process ingested knowledge for /app/data/newkinpogroup5515/55/b23195v/lu5-55/docs/v0.0.5/shapes/line/index.html
2026-02-25 00:30:43,576 - Knowledge - INFO - process ingested knowledge for /app/data/newkinpogroup5515/55/b23195v/lu5-55/docs/v0.0.5/shapes/line/meta.json
2026-02-25 00:30:43,740 - Knowledge - INFO - process ingested knowledge for /app/data/newkinpogroup5515/55/b23195v/lu5-55/docs/v0.0.5/shapes/endShape/index.html
2026-02-25 00:30:43,922 - Knowledge - INFO - done ingest for /app/data/newkinpogroup5515/55/b23195v/lu5-55/docs/v0.0.5/window/createWindow/index.html
2026-02-25 00:30:43,925 - Knowledge - INFO - process ingested knowledge for /app/data/newkinpogroup5515/55/b23195v/lu5-55/docs/v0.0.5/shapes/endShape/meta.json
2026-02-25 00:30:44,199 - Knowledge - INFO - [LLM_CALL] Completed: index.html:chunk1, Duration: 161ms, PromptTokens: 4502, CompletionTokens: 59, Cost: $0.00047
2026-02-25 00:30:44,266 - Knowledge - INFO - process ingested knowledge for /app/data/newkinpogroup5515/55/b23195v/lu5-55/docs/v0.0.5/shapes/circle/index.html
2026-02-25 00:30:44,369 - Knowledge - INFO - done ingest for /app/data/newkinpogroup5515/55/b23195v/lu5-55/docs/v0.0.5/window/windowResized/index.html
2026-02-25 00:30:44,691 - Knowledge - INFO - done ingest for /app/data/newkinpogroup5515/55/b23195v/lu5-55/docs/v0.0.5/shapes/arc/index.html
2026-02-25 00:30:44,765 - Knowledge - INFO - Processing batch of 6 files
2026-02-25 00:30:44,972 - Knowledge - INFO - process ingested knowledge for /app/data/newkinpogroup5515/55/b23195v/lu5-55/docs/v0.0.5/window/width/index.html
2026-02-25 00:30:45,177 - Knowledge - INFO - process ingested knowledge for /app/data/newkinpogroup5515/55/b23195v/lu5-55/docs/v0.0.5/window/width/meta.json
2026-02-25 00:30:45,293 - Knowledge - INFO - [WEBSOCKET] Sent: Type=progress_update, Size: 295, Duration: 0ms
2026-02-25 00:30:45,372 - Knowledge - INFO - Async storage completed for 6 embeddings
2026-02-25 00:30:45,376 - Knowledge - INFO - process ingested knowledge for /app/data/newkinpogroup5515/55/b23195v/lu5-55/docs/v0.0.5/window/createWindow/index.html
2026-02-25 00:30:45,490 - Knowledge - INFO - done ingest for /app/data/newkinpogroup5515/55/b23195v/lu5-55/docs/v0.0.5/shapes/beginShape/index.html
2026-02-25 00:30:45,490 - Knowledge - INFO - [WEBSOCKET] Sent: Type=unknown, Size: ?, Duration: 197ms
2026-02-25 00:30:45,656 - Knowledge - INFO - Async storage completed for 6 embeddings
2026-02-25 00:30:45,729 - Knowledge - INFO - process ingested knowledge for /app/data/newkinpogroup5515/55/b23195v/lu5-55/docs/v0.0.5/window/createWindow/meta.json
2026-02-25 00:30:45,934 - Knowledge - INFO - Progress: 85.1% | Files: 1244/1455 | Rate: 1.68 files/sec | Queue: 124
2026-02-25 00:30:45,934 - Knowledge - INFO - Processing batch of 6 files
2026-02-25 00:30:46,137 - Knowledge - INFO - process ingested knowledge for /app/data/newkinpogroup5515/55/b23195v/lu5-55/docs/v0.0.5/window/windowResized/index.html
2026-02-25 00:30:46,226 - Knowledge - INFO - [kw15] Queue=124, InProgress=0, PendingWorkers=20/20, Completed=1244/1455 (85.5%)
2026-02-25 00:30:46,340 - Knowledge - INFO - process ingested knowledge for /app/data/newkinpogroup5515/55/b23195v/lu5-55/docs/v0.0.5/shapes/circle/meta.json
2026-02-25 00:30:46,432 - Knowledge - INFO - process ingested knowledge for /app/data/newkinpogroup5515/55/b23195v/lu5-55/docs/v0.0.5/window/windowResized/meta.json
2026-02-25 00:30:46,519 - Knowledge - INFO - Batch sizing: calculated=5, max_allowed=10, queue=124, active_workers=20/20
2026-02-25 00:30:46,642 - Knowledge - INFO - process ingested knowledge for /app/data/newkinpogroup5515/55/b23195v/lu5-55/docs/v0.0.5/shapes/point/index.html
2026-02-25 00:30:46,812 - Knowledge - INFO - [LLM_CALL] Completed: index.html:chunk1, Duration: 237ms, PromptTokens: 4454, CompletionTokens: 59, Cost: $0.00047
2026-02-25 00:30:46,996 - Knowledge - INFO - process ingested knowledge for /app/data/newkinpogroup5515/55/b23195v/lu5-55/docs/v0.0.5/shapes/point/meta.json
2026-02-25 00:30:47,107 - Knowledge - INFO - done ingest for /app/data/newkinpogroup5515/55/b23195v/lu5-55/docs/v0.0.5/shapes/ellipse/index.html
2026-02-25 00:30:47,108 - Knowledge - INFO - Async storing batch of 6 embeddings
2026-02-25 00:30:47,279 - Knowledge - INFO - process ingested knowledge for /app/data/newkinpogroup5515/55/b23195v/lu5-55/docs/v0.0.5/shapes/beginShape/index.html
2026-02-25 00:30:47,351 - Knowledge - INFO - Processing batch of 6 files
2026-02-25 00:30:47,395 - Knowledge - INFO - [kw9] Queue=119, InProgress=0, PendingWorkers=20/20, Completed=1250/1455 (85.9%)
2026-02-25 00:30:47,520 - Knowledge - INFO - [LLM_CALL] Completed: index.html:chunk1, Duration: 352ms, PromptTokens: 4670, CompletionTokens: 59, Cost: $0.00049
2026-02-25 00:30:47,522 - Knowledge - INFO - Worker kw15 processing /app/data/newkinpogroup5515/55/b23195v/lu5-55/docs/v0.0.5/keyboard/BACKSPACE/index.html
2026-02-25 00:30:47,621 - Knowledge - INFO - process ingested knowledge for /app/data/newkinpogroup5515/55/b23195v/lu5-55/docs/v0.0.5/shapes/beginShape/meta.json
2026-02-25 00:30:47,710 - Knowledge - INFO - process ingested knowledge for /app/data/newkinpogroup5515/55/b23195v/lu5-55/docs/v0.0.5/shapes/triangle/meta.json
2026-02-25 00:30:47,794 - Knowledge - INFO - Batch sizing: calculated=5, max_allowed=10, queue=119, active_workers=20/20
2026-02-25 00:30:47,924 - Knowledge - INFO - done ingest for /app/data/newkinpogroup5515/55/b23195v/lu5-55/docs/v0.0.5/shapes/square/index.html
2026-02-25 00:30:48,044 - Knowledge - INFO - Worker kw15 processing /app/data/newkinpogroup5515/55/b23195v/lu5-55/docs/v0.0.5/keyboard/BACKSPACE/meta.json
2026-02-25 00:30:48,182 - Knowledge - INFO - process ingested knowledge for /app/data/newkinpogroup5515/55/b23195v/lu5-55/docs/v0.0.5/shapes/triangle/index.html
2026-02-25 00:30:48,187 - Knowledge - INFO - [LLM_CALL] Completed: index.html:chunk1, Duration: 263ms, PromptTokens: 4598, CompletionTokens: 59, Cost: $0.00048
2026-02-25 00:30:48,268 - Knowledge - INFO - process ingested knowledge for /app/data/newkinpogroup5515/55/b23195v/lu5-55/docs/v0.0.5/shapes/arc/index.html
2026-02-25 00:30:48,523 - Knowledge - INFO - Fast-tracked /app/data/newkinpogroup5515/55/b23195v/lu5-55/docs/v0.0.5/keyboard/BACKSPACE/meta.json (ext=.json, size=190)
2026-02-25 00:30:48,727 - Knowledge - INFO - done ingest for /app/data/newkinpogroup5515/55/b23195v/lu5-55/docs/v0.0.5/math/randomSeed/index.html
2026-02-25 00:30:48,729 - Knowledge - INFO - Async storing batch of 6 embeddings
2026-02-25 00:30:48,891 - Knowledge - INFO - process ingested knowledge for /app/data/newkinpogroup5515/55/b23195v/lu5-55/docs/v0.0.5/shapes/arc/meta.json
2026-02-25 00:30:48,938 - Knowledge - INFO - Worker kw15 processing /app/data/newkinpogroup5515/55/b23195v/lu5-55/docs/v0.0.5/keyboard/keyIsDown/index.html
2026-02-25 00:30:49,166 - Knowledge - INFO - Worker kw9 processing /app/data/newkinpogroup5515/55/b23195v/lu5-55/docs/v0.0.5/keyboard/keyPressed/index.html
2026-02-25 00:30:49,237 - Knowledge - INFO - [kw6] Queue=114, InProgress=0, PendingWorkers=20/20, Completed=1250/1455 (85.9%)
2026-02-25 00:30:49,244 - Knowledge - INFO - process ingested knowledge for /app/data/newkinpogroup5515/55/b23195v/lu5-55/docs/v0.0.5/shapes/ellipse/index.html
2026-02-25 00:30:49,379 - Knowledge - INFO - Worker kw15 processing /app/data/newkinpogroup5515/55/b23195v/lu5-55/docs/v0.0.5/keyboard/keyIsDown/meta.json
2026-02-25 00:30:49,461 - Knowledge - INFO - Worker kw9 processing /app/data/newkinpogroup5515/55/b23195v/lu5-55/docs/v0.0.5/keyboard/keyPressed/meta.json
2026-02-25 00:30:49,543 - Knowledge - INFO - Batch sizing: calculated=5, max_allowed=10, queue=114, active_workers=20/20
2026-02-25 00:30:49,624 - Knowledge - INFO - process ingested knowledge for /app/data/newkinpogroup5515/55/b23195v/lu5-55/docs/v0.0.5/shapes/ellipse/meta.json
2026-02-25 00:30:49,714 - Knowledge - INFO - Fast-tracked /app/data/newkinpogroup5515/55/b23195v/lu5-55/docs/v0.0.5/keyboard/keyIsDown/meta.json (ext=.json, size=677)
2026-02-25 00:30:49,791 - Knowledge - INFO - Fast-tracked /app/data/newkinpogroup5515/55/b23195v/lu5-55/docs/v0.0.5/keyboard/keyPressed/meta.json (ext=.json, size=269)
2026-02-25 00:30:49,912 - Knowledge - INFO - Async storing batch of 6 embeddings
2026-02-25 00:30:50,061 - Knowledge - INFO - process ingested knowledge for /app/data/newkinpogroup5515/55/b23195v/lu5-55/docs/v0.0.5/shapes/vertex/index.html
2026-02-25 00:30:50,064 - Knowledge - INFO - [LLM_CALL] Completed: index.html:chunk1, Duration: 520ms, PromptTokens: 4726, CompletionTokens: 59, Cost: $0.00050
2026-02-25 00:30:50,144 - Knowledge - INFO - Worker kw15 processing /app/data/newkinpogroup5515/55/b23195v/lu5-55/docs/v0.0.5/keyboard/index.html
2026-02-25 00:30:50,242 - Knowledge - INFO - Worker kw9 processing /app/data/newkinpogroup5515/55/b23195v/lu5-55/docs/v0.0.5/keyboard/UP_ARROW/index.html
2026-02-25 00:30:50,338 - Knowledge - INFO - Worker kw6 processing /app/data/newkinpogroup5515/55/b23195v/lu5-55/docs/v0.0.5/mouse/mouseY/index.html
2026-02-25 00:30:50,571 - Knowledge - INFO - done ingest for /app/data/newkinpogroup5515/55/b23195v/lu5-55/docs/v0.0.5/shapes/rect/index.html
2026-02-25 00:30:50,801 - Knowledge - INFO - Worker kw9 processing /app/data/newkinpogroup5515/55/b23195v/lu5-55/docs/v0.0.5/keyboard/UP_ARROW/meta.json
2026-02-25 00:30:50,935 - Knowledge - INFO - [LLM_CALL] Completed: index.html:chunk1, Duration: 239ms, PromptTokens: 4784, CompletionTokens: 59, Cost: $0.00050
2026-02-25 00:30:50,938 - Knowledge - INFO - Async storage completed for 6 embeddings
2026-02-25 00:30:50,939 - Knowledge - INFO - Worker kw6 processing /app/data/newkinpogroup5515/55/b23195v/lu5-55/docs/v0.0.5/mouse/mouseY/meta.json
2026-02-25 00:30:51,132 - Knowledge - INFO - Fast-tracked /app/data/newkinpogroup5515/55/b23195v/lu5-55/docs/v0.0.5/keyboard/UP_ARROW/meta.json (ext=.json, size=189)
2026-02-25 00:30:51,235 - Knowledge - INFO - done ingest for /app/data/newkinpogroup5515/55/b23195v/lu5-55/docs/v0.0.5/math/floor/index.html
2026-02-25 00:30:51,236 - Knowledge - INFO - Processing batch of 5 files
2026-02-25 00:30:51,236 - Knowledge - INFO - [kw11] Queue=109, InProgress=0, PendingWorkers=20/20, Completed=1255/1455 (86.3%)
2026-02-25 00:30:51,455 - Knowledge - INFO - Fast-tracked /app/data/newkinpogroup5515/55/b23195v/lu5-55/docs/v0.0.5/mouse/mouseY/meta.json (ext=.json, size=337)
2026-02-25 00:30:51,535 - Knowledge - INFO - Worker kw9 processing /app/data/newkinpogroup5515/55/b23195v/lu5-55/docs/v0.0.5/modules.json
2026-02-25 00:30:51,629 - Knowledge - INFO - Processing batch of 5 files
2026-02-25 00:30:51,726 - Knowledge - INFO - process ingested knowledge for /app/data/newkinpogroup5515/55/b23195v/lu5-55/docs/v0.0.5/shapes/vertex/meta.json
2026-02-25 00:30:51,807 - Knowledge - INFO - Batch sizing: calculated=5, max_allowed=10, queue=109, active_workers=20/20
2026-02-25 00:30:51,883 - Knowledge - INFO - Worker kw6 processing /app/data/newkinpogroup5515/55/b23195v/lu5-55/docs/v0.0.5/mouse/mouseReleased/index.html
2026-02-25 00:30:51,982 - Knowledge - INFO - Fast-tracked /app/data/newkinpogroup5515/55/b23195v/lu5-55/docs/v0.0.5/modules.json (ext=.json, size=2481)
2026-02-25 00:30:52,065 - Knowledge - INFO - process ingested knowledge for /app/data/newkinpogroup5515/55/b23195v/lu5-55/docs/v0.0.5/math/TWO_PI/meta.json
2026-02-25 00:30:52,161 - Knowledge - INFO - process ingested knowledge for /app/data/newkinpogroup5515/55/b23195v/lu5-55/docs/v0.0.5/shapes/rect/index.html
2026-02-25 00:30:52,256 - Knowledge - INFO - Async storing batch of 6 embeddings
2026-02-25 00:30:52,329 - Knowledge - INFO - Worker kw6 processing /app/data/newkinpogroup5515/55/b23195v/lu5-55/docs/v0.0.5/mouse/mouseReleased/meta.json
2026-02-25 00:30:52,510 - Knowledge - INFO - process ingested knowledge for /app/data/newkinpogroup5515/55/b23195v/lu5-55/docs/v0.0.5/math/randomSeed/index.html
2026-02-25 00:30:52,625 - Knowledge - INFO - process ingested knowledge for /app/data/newkinpogroup5515/55/b23195v/lu5-55/docs/v0.0.5/shapes/rect/meta.json
2026-02-25 00:30:52,626 - Knowledge - INFO - Async storage completed for 6 embeddings
2026-02-25 00:30:52,727 - Knowledge - INFO - Worker kw11 processing /app/data/newkinpogroup5515/55/b23195v/lu5-55/docs/v0.0.5/mouse/mouseX/meta.json
2026-02-25 00:30:52,808 - Knowledge - INFO - Fast-tracked /app/data/newkinpogroup5515/55/b23195v/lu5-55/docs/v0.0.5/mouse/mouseReleased/meta.json (ext=.json, size=682)
2026-02-25 00:30:52,902 - Knowledge - INFO - process ingested knowledge for /app/data/newkinpogroup5515/55/b23195v/lu5-55/docs/v0.0.5/math/randomSeed/meta.json
2026-02-25 00:30:53,003 - Knowledge - INFO - process ingested knowledge for /app/data/newkinpogroup5515/55/b23195v/lu5-55/docs/v0.0.5/shapes/square/index.html
2026-02-25 00:30:53,198 - Knowledge - INFO - [LLM_CALL] Completed: index.html:chunk1, Duration: 246ms, PromptTokens: 8868, CompletionTokens: 59, Cost: $0.00091
2026-02-25 00:30:53,284 - Knowledge - INFO - Fast-tracked /app/data/newkinpogroup5515/55/b23195v/lu5-55/docs/v0.0.5/mouse/mouseX/meta.json (ext=.json, size=337)
2026-02-25 00:30:53,363 - Knowledge - INFO - Worker kw6 processing /app/data/newkinpogroup5515/55/b23195v/lu5-55/docs/v0.0.5/mouse/mouseX/index.html
2026-02-25 00:30:53,448 - Knowledge - INFO - process ingested knowledge for /app/data/newkinpogroup5515/55/b23195v/lu5-55/docs/v0.0.5/math/floor/index.html
2026-02-25 00:30:53,540 - Knowledge - INFO - process ingested knowledge for /app/data/newkinpogroup5515/55/b23195v/lu5-55/docs/v0.0.5/shapes/square/meta.json
2026-02-25 00:30:53,638 - Knowledge - INFO - done ingest for /app/data/newkinpogroup5515/55/b23195v/lu5-55/docs/v0.0.5/shapes/index.html
2026-02-25 00:30:53,667 - Knowledge - INFO - Async storage completed for 6 embeddings
2026-02-25 00:30:53,730 - Knowledge - INFO - Worker kw11 processing /app/data/newkinpogroup5515/55/b23195v/lu5-55/docs/v0.0.5/mouse/mouseIsPressed/index.html
2026-02-25 00:30:53,900 - Knowledge - INFO - process ingested knowledge for /app/data/newkinpogroup5515/55/b23195v/lu5-55/docs/v0.0.5/math/floor/meta.json
2026-02-25 00:30:54,195 - Knowledge - INFO - Async storage completed for 6 embeddings
2026-02-25 00:30:54,274 - Knowledge - INFO - Worker kw11 processing /app/data/newkinpogroup5515/55/b23195v/lu5-55/docs/v0.0.5/mouse/mouseIsPressed/meta.json
2026-02-25 00:30:54,539 - Knowledge - INFO - Fast-tracked /app/data/newkinpogroup5515/55/b23195v/lu5-55/docs/v0.0.5/mouse/mouseIsPressed/meta.json (ext=.json, size=309)
2026-02-25 00:30:54,722 - Knowledge - INFO - [kw19] Queue=104, InProgress=0, PendingWorkers=20/20, Completed=1260/1455 (86.6%)
2026-02-25 00:30:54,735 - Knowledge - INFO - Worker kw11 processing /app/data/newkinpogroup5515/55/b23195v/lu5-55/docs/v0.0.5/mouse/index.html
2026-02-25 00:30:54,882 - Knowledge - INFO - Batch sizing: calculated=5, max_allowed=10, queue=104, active_workers=20/20
2026-02-25 00:30:54,985 - Knowledge - INFO - [kw8] Queue=104, InProgress=0, PendingWorkers=20/20, Completed=1260/1455 (86.6%)
2026-02-25 00:30:55,089 - Knowledge - INFO - Worker kw11 processing /app/data/newkinpogroup5515/55/b23195v/lu5-55/docs/v0.0.5/mouse/mousePressed/index.html
2026-02-25 00:30:55,094 - Knowledge - INFO - [LLM_CALL] Completed: index.html:chunk1, Duration: 415ms, PromptTokens: 4742, CompletionTokens: 59, Cost: $0.00050
2026-02-25 00:30:55,181 - Knowledge - INFO - Batch sizing: calculated=5, max_allowed=10, queue=104, active_workers=20/20
2026-02-25 00:30:55,456 - Knowledge - INFO - done ingest for /app/data/newkinpogroup5515/55/b23195v/lu5-55/docs/v0.0.5/math/constrain/index.html
2026-02-25 00:30:55,459 - Knowledge - INFO - Async storing batch of 5 embeddings
2026-02-25 00:30:55,580 - Knowledge - INFO - Async storing batch of 5 embeddings
2026-02-25 00:30:55,761 - Knowledge - INFO - Worker kw19 processing /app/data/newkinpogroup5515/55/b23195v/lu5-55/docs/v0.0.5/mouse/mousePressed/meta.json
2026-02-25 00:30:55,867 - Knowledge - INFO - Worker kw8 processing /app/data/newkinpogroup5515/55/b23195v/lu5-55/docs/v0.0.5/image/index.html
2026-02-25 00:30:55,967 - Knowledge - INFO - Fast-tracked /app/data/newkinpogroup5515/55/b23195v/lu5-55/docs/v0.0.5/mouse/mousePressed/meta.json (ext=.json, size=638)
2026-02-25 00:30:56,089 - Knowledge - INFO - Worker kw8 processing /app/data/newkinpogroup5515/55/b23195v/lu5-55/docs/v0.0.5/index.html
2026-02-25 00:30:56,174 - Knowledge - INFO - Worker kw19 processing /app/data/newkinpogroup5515/55/b23195v/lu5-55/docs/v0.0.5/image/image/index.html
2026-02-25 00:30:56,278 - Knowledge - INFO - Worker kw8 processing /app/data/newkinpogroup5515/55/b23195v/lu5-55/docs/v0.0.5/typography/textSize/index.html
2026-02-25 00:30:56,388 - Knowledge - INFO - [LLM_CALL] Completed: index.html:chunk1, Duration: 929ms, PromptTokens: 6496, CompletionTokens: 59, Cost: $0.00067
2026-02-25 00:30:56,508 - Knowledge - INFO - Worker kw19 processing /app/data/newkinpogroup5515/55/b23195v/lu5-55/docs/v0.0.5/image/image/meta.json
2026-02-25 00:30:56,612 - Knowledge - INFO - Worker kw8 processing /app/data/newkinpogroup5515/55/b23195v/lu5-55/docs/v0.0.5/typography/textSize/meta.json
2026-02-25 00:30:56,694 - Knowledge - INFO - done ingest for /app/data/newkinpogroup5515/55/b23195v/lu5-55/docs/v0.0.5/window/index.html
2026-02-25 00:30:56,788 - Knowledge - INFO - Fast-tracked /app/data/newkinpogroup5515/55/b23195v/lu5-55/docs/v0.0.5/image/image/meta.json (ext=.json, size=562)
2026-02-25 00:30:56,869 - Knowledge - INFO - Fast-tracked /app/data/newkinpogroup5515/55/b23195v/lu5-55/docs/v0.0.5/typography/textSize/meta.json (ext=.json, size=476)
2026-02-25 00:30:57,071 - Knowledge - INFO - Worker kw19 processing /app/data/newkinpogroup5515/55/b23195v/lu5-55/docs/v0.0.5/image/loadImage/index.html
2026-02-25 00:30:57,186 - Knowledge - INFO - Worker kw8 processing /app/data/newkinpogroup5515/55/b23195v/lu5-55/docs/v0.0.5/typography/textFont/index.html
2026-02-25 00:30:57,229 - Knowledge - INFO - done ingest for /app/data/newkinpogroup5515/55/b23195v/lu5-55/docs/v0.0.5/shapes/quad/index.html
2026-02-25 00:30:57,323 - Knowledge - INFO - Worker kw19 processing /app/data/newkinpogroup5515/55/b23195v/lu5-55/docs/v0.0.5/image/loadImage/meta.json
2026-02-25 00:30:57,771 - Knowledge - INFO - [LLM_CALL] Completed: index.html:chunk1, Duration: 337ms, PromptTokens: 4904, CompletionTokens: 59, Cost: $0.00051
2026-02-25 00:30:57,771 - Knowledge - INFO - Fast-tracked /app/data/newkinpogroup5515/55/b23195v/lu5-55/docs/v0.0.5/image/loadImage/meta.json (ext=.json, size=508)
2026-02-25 00:30:57,924 - Knowledge - INFO - done ingest for /app/data/newkinpogroup5515/55/b23195v/lu5-55/docs/v0.0.5/math/map/index.html
2026-02-25 00:30:58,116 - Knowledge - INFO - Processing batch of 5 files
2026-02-25 00:30:58,309 - Knowledge - INFO - process ingested knowledge for /app/data/newkinpogroup5515/55/b23195v/lu5-55/docs/v0.0.5/math/max/meta.json
2026-02-25 00:30:58,504 - Knowledge - INFO - process ingested knowledge for /app/data/newkinpogroup5515/55/b23195v/lu5-55/docs/v0.0.5/math/map/index.html
2026-02-25 00:30:58,702 - Knowledge - INFO - [LLM_CALL] Completed: index.html:chunk1, Duration: 666ms, PromptTokens: 4452, CompletionTokens: 59, Cost: $0.00047
2026-02-25 00:30:58,773 - Knowledge - INFO - process ingested knowledge for /app/data/newkinpogroup5515/55/b23195v/lu5-55/docs/v0.0.5/math/map/meta.json
2026-02-25 00:30:58,879 - Knowledge - INFO - Async storage completed for 6 embeddings
2026-02-25 00:30:58,907 - Knowledge - INFO - done ingest for /app/data/newkinpogroup5515/55/b23195v/lu5-55/docs/v0.0.5/math/TWO_PI/index.html
2026-02-25 00:30:59,004 - Knowledge - INFO - process ingested knowledge for /app/data/newkinpogroup5515/55/b23195v/lu5-55/docs/v0.0.5/math/constrain/index.html
2026-02-25 00:30:59,177 - Knowledge - INFO - done ingest for /app/data/newkinpogroup5515/55/b23195v/lu5-55/docs/v0.0.5/window/deltaTime/index.html
2026-02-25 00:30:59,660 - Knowledge - INFO - process ingested knowledge for /app/data/newkinpogroup5515/55/b23195v/lu5-55/docs/v0.0.5/math/constrain/meta.json
2026-02-25 00:30:59,676 - Knowledge - INFO - done ingest for /app/data/newkinpogroup5515/55/b23195v/lu5-55/docs/v0.0.5/math/min/index.html
2026-02-25 00:31:00,042 - Knowledge - INFO - done ingest for /app/data/newkinpogroup5515/55/b23195v/lu5-55/docs/v0.0.5/math/round/index.html
2026-02-25 00:31:00,250 - Knowledge - INFO - Processing batch of 5 files
2026-02-25 00:31:00,427 - Knowledge - INFO - process ingested knowledge for /app/data/newkinpogroup5515/55/b23195v/lu5-55/docs/v0.0.5/shapes/quad/index.html
2026-02-25 00:31:00,508 - Knowledge - INFO - [WEBSOCKET] Sent: Type=progress_update, Size: 296, Duration: 0ms
2026-02-25 00:31:00,613 - Knowledge - INFO - process ingested knowledge for /app/data/newkinpogroup5515/55/b23195v/lu5-55/docs/v0.0.5/shapes/quad/meta.json
2026-02-25 00:31:00,714 - Knowledge - INFO - [WEBSOCKET] Sent: Type=unknown, Size: ?, Duration: 205ms
2026-02-25 00:31:00,816 - Knowledge - INFO - process ingested knowledge for /app/data/newkinpogroup5515/55/b23195v/lu5-55/docs/v0.0.5/shapes/index.html
2026-02-25 00:31:00,923 - Knowledge - INFO - Progress: 87.3% | Files: 1270/1455 | Rate: 1.68 files/sec | Queue: 94
2026-02-25 00:31:01,013 - Knowledge - INFO - process ingested knowledge for /app/data/newkinpogroup5515/55/b23195v/lu5-55/docs/v0.0.5/math/round/index.html
2026-02-25 00:31:01,124 - Knowledge - INFO - [kw10] Queue=94, InProgress=0, PendingWorkers=20/20, Completed=1270/1455 (87.3%)
2026-02-25 00:31:01,224 - Knowledge - INFO - process ingested knowledge for /app/data/newkinpogroup5515/55/b23195v/lu5-55/docs/v0.0.5/math/round/meta.json
2026-02-25 00:31:01,309 - Knowledge - INFO - Batch sizing: calculated=4, max_allowed=10, queue=94, active_workers=20/20
2026-02-25 00:31:01,643 - Knowledge - INFO - Async storing batch of 5 embeddings
2026-02-25 00:31:01,703 - Knowledge - INFO - done ingest for /app/data/newkinpogroup5515/55/b23195v/lu5-55/docs/v0.0.5/math/ceil/index.html
2026-02-25 00:31:01,943 - Knowledge - INFO - Worker kw10 processing /app/data/newkinpogroup5515/55/b23195v/lu5-55/docs/v0.0.5/typography/textFont/meta.json
2026-02-25 00:31:01,957 - Knowledge - INFO - done ingest for /app/data/newkinpogroup5515/55/b23195v/lu5-55/docs/v0.0.5/window/frameRate/index.html
2026-02-25 00:31:02,206 - Knowledge - INFO - [kw14] Queue=90, InProgress=0, PendingWorkers=20/20, Completed=1270/1455 (87.3%)
2026-02-25 00:31:02,217 - Knowledge - INFO - Fast-tracked /app/data/newkinpogroup5515/55/b23195v/lu5-55/docs/v0.0.5/typography/textFont/meta.json (ext=.json, size=363)
2026-02-25 00:31:02,214 - Knowledge - INFO - done ingest for /app/data/newkinpogroup5515/55/b23195v/lu5-55/docs/v0.0.5/math/QUARTER_PI/index.html
2026-02-25 00:31:02,459 - Knowledge - INFO - Batch sizing: calculated=4, max_allowed=10, queue=90, active_workers=20/20
2026-02-25 00:31:02,591 - Knowledge - INFO - Worker kw10 processing /app/data/newkinpogroup5515/55/b23195v/lu5-55/docs/v0.0.5/typography/text/index.html
2026-02-25 00:31:02,724 - Knowledge - INFO - Processing batch of 5 files
2026-02-25 00:31:02,809 - Knowledge - INFO - Async storing batch of 5 embeddings
2026-02-25 00:31:02,890 - Knowledge - INFO - Worker kw10 processing /app/data/newkinpogroup5515/55/b23195v/lu5-55/docs/v0.0.5/typography/text/meta.json
2026-02-25 00:31:02,964 - Knowledge - INFO - process ingested knowledge for /app/data/newkinpogroup5515/55/b23195v/lu5-55/docs/v0.0.5/math/min/index.html
2026-02-25 00:31:03,072 - Knowledge - INFO - Worker kw14 processing /app/data/newkinpogroup5515/55/b23195v/lu5-55/docs/v0.0.5/typography/loadFont/index.html
2026-02-25 00:31:03,185 - Knowledge - INFO - Fast-tracked /app/data/newkinpogroup5515/55/b23195v/lu5-55/docs/v0.0.5/typography/text/meta.json (ext=.json, size=475)
2026-02-25 00:31:03,280 - Knowledge - INFO - process ingested knowledge for /app/data/newkinpogroup5515/55/b23195v/lu5-55/docs/v0.0.5/math/min/meta.json
2026-02-25 00:31:03,423 - Knowledge - INFO - Worker kw14 processing /app/data/newkinpogroup5515/55/b23195v/lu5-55/docs/v0.0.5/typography/loadFont/meta.json
2026-02-25 00:31:03,526 - Knowledge - INFO - Worker kw10 processing /app/data/newkinpogroup5515/55/b23195v/lu5-55/docs/v0.0.5/typography/index.html
2026-02-25 00:31:03,620 - Knowledge - INFO - process ingested knowledge for /app/data/newkinpogroup5515/55/b23195v/lu5-55/docs/v0.0.5/math/QUARTER_PI/index.html
2026-02-25 00:31:03,738 - Knowledge - INFO - Fast-tracked /app/data/newkinpogroup5515/55/b23195v/lu5-55/docs/v0.0.5/typography/loadFont/meta.json (ext=.json, size=547)
2026-02-25 00:31:03,796 - Knowledge - INFO - [LLM_CALL] Completed: index.html:chunk1, Duration: 758ms, PromptTokens: 4460, CompletionTokens: 59, Cost: $0.00047
2026-02-25 00:31:03,912 - Knowledge - INFO - process ingested knowledge for /app/data/newkinpogroup5515/55/b23195v/lu5-55/docs/v0.0.5/math/QUARTER_PI/meta.json
2026-02-25 00:31:04,042 - Knowledge - INFO - Worker kw14 processing /app/data/newkinpogroup5515/55/b23195v/lu5-55/docs/editor/index.html
2026-02-25 00:31:04,123 - Knowledge - INFO - done ingest for /app/data/newkinpogroup5515/55/b23195v/lu5-55/docs/v0.0.5/math/HALF_PI/index.html
2026-02-25 00:31:04,126 - Knowledge - INFO - [LLM_CALL] Completed: index.html:chunk1, Duration: 3ms, PromptTokens: 4652, CompletionTokens: 59, Cost: $0.00049
2026-02-25 00:31:04,205 - Knowledge - INFO - process ingested knowledge for /app/data/newkinpogroup5515/55/b23195v/lu5-55/docs/v0.0.5/math/TWO_PI/index.html
2026-02-25 00:31:04,288 - Knowledge - INFO - Worker kw14 processing /app/data/newkinpogroup5515/55/b23195v/lu5-55/docs/examples/luax.html
2026-02-25 00:31:04,456 - Knowledge - INFO - done ingest for /app/data/newkinpogroup5515/55/b23195v/lu5-55/docs/v0.0.5/window/height/index.html
2026-02-25 00:31:04,457 - Knowledge - INFO - Processing batch of 5 files
2026-02-25 00:31:04,656 - Knowledge - INFO - Fast-tracked /app/data/newkinpogroup5515/55/b23195v/lu5-55/docs/examples/luax.html (ext=.html, size=1356)
2026-02-25 00:31:04,800 - Knowledge - INFO - Processing batch of 6 files
2026-02-25 00:31:04,850 - Knowledge - INFO - process ingested knowledge for /app/data/newkinpogroup5515/55/b23195v/lu5-55/docs/v0.0.5/math/cos/meta.json
2026-02-25 00:31:05,049 - Knowledge - INFO - process ingested knowledge for /app/data/newkinpogroup5515/55/b23195v/lu5-55/docs/v0.0.5/window/height/index.html
2026-02-25 00:31:05,164 - Knowledge - INFO - process ingested knowledge for /app/data/newkinpogroup5515/55/b23195v/lu5-55/docs/v0.0.5/math/ceil/index.html
2026-02-25 00:31:05,213 - Knowledge - INFO - [kw4] Queue=86, InProgress=0, PendingWorkers=20/20, Completed=1286/1455 (88.4%)
2026-02-25 00:31:05,239 - Knowledge - INFO - process ingested knowledge for /app/data/newkinpogroup5515/55/b23195v/lu5-55/docs/v0.0.5/window/height/meta.json
2026-02-25 00:31:05,357 - Knowledge - INFO - process ingested knowledge for /app/data/newkinpogroup5515/55/b23195v/lu5-55/docs/v0.0.5/math/ceil/meta.json
2026-02-25 00:31:05,453 - Knowledge - INFO - Batch sizing: calculated=4, max_allowed=10, queue=86, active_workers=20/20
2026-02-25 00:31:05,560 - Knowledge - INFO - process ingested knowledge for /app/data/newkinpogroup5515/55/b23195v/lu5-55/docs/v0.0.5/window/deltaTime/index.html
2026-02-25 00:31:05,666 - Knowledge - INFO - process ingested knowledge for /app/data/newkinpogroup5515/55/b23195v/lu5-55/docs/v0.0.5/math/HALF_PI/index.html
2026-02-25 00:31:05,749 - Knowledge - INFO - Async storing batch of 5 embeddings
2026-02-25 00:31:05,830 - Knowledge - INFO - process ingested knowledge for /app/data/newkinpogroup5515/55/b23195v/lu5-55/docs/v0.0.5/window/deltaTime/meta.json
2026-02-25 00:31:05,913 - Knowledge - INFO - process ingested knowledge for /app/data/newkinpogroup5515/55/b23195v/lu5-55/docs/v0.0.5/math/HALF_PI/meta.json
2026-02-25 00:31:05,991 - Knowledge - INFO - Worker kw4 processing /app/data/newkinpogroup5515/55/b23195v/lu5-55/docs/examples/test.html
2026-02-25 00:31:06,134 - Knowledge - INFO - process ingested knowledge for /app/data/newkinpogroup5515/55/b23195v/lu5-55/docs/v0.0.5/window/index.html
2026-02-25 00:31:06,252 - Knowledge - INFO - Async storage completed for 6 embeddings
2026-02-25 00:31:06,308 - Knowledge - INFO - Fast-tracked /app/data/newkinpogroup5515/55/b23195v/lu5-55/docs/examples/test.html (ext=.html, size=1669)
2026-02-25 00:31:06,410 - Knowledge - INFO - process ingested knowledge for /app/data/newkinpogroup5515/55/b23195v/lu5-55/docs/v0.0.5/window/frameRate/index.html
2026-02-25 00:31:06,672 - Knowledge - INFO - Worker kw4 processing /app/data/newkinpogroup5515/55/b23195v/lu5-55/docs/examples/index.html
2026-02-25 00:31:06,741 - Knowledge - INFO - [kw18] Queue=82, InProgress=0, PendingWorkers=20/20, Completed=1286/1455 (88.4%)
2026-02-25 00:31:06,856 - Knowledge - INFO - Worker kw4 processing /app/data/newkinpogroup5515/55/b23195v/lu5-55/docs/examples/luax-test.lua
2026-02-25 00:31:06,959 - Knowledge - INFO - Batch sizing: calculated=4, max_allowed=10, queue=82, active_workers=20/20
2026-02-25 00:31:07,050 - Knowledge - INFO - Fast-tracked /app/data/newkinpogroup5515/55/b23195v/lu5-55/docs/examples/luax-test.lua (ext=.lua, size=1823)
2026-02-25 00:31:07,157 - Knowledge - INFO - Async storing batch of 5 embeddings
2026-02-25 00:31:07,244 - Knowledge - INFO - Worker kw4 processing /app/data/newkinpogroup5515/55/b23195v/lu5-55/site/pages/Module.lua
2026-02-25 00:31:07,338 - Knowledge - INFO - Worker kw18 processing /app/data/newkinpogroup5515/55/b23195v/lu5-55/site/pages/Home.lua
2026-02-25 00:31:07,398 - Knowledge - INFO - [kw5] Queue=78, InProgress=0, PendingWorkers=20/20, Completed=1286/1455 (88.4%)
2026-02-25 00:31:07,435 - Knowledge - INFO - Fast-tracked /app/data/newkinpogroup5515/55/b23195v/lu5-55/site/pages/Module.lua (ext=.lua, size=307)
2026-02-25 00:31:07,528 - Knowledge - INFO - Fast-tracked /app/data/newkinpogroup5515/55/b23195v/lu5-55/site/pages/Home.lua (ext=.lua, size=1746)
2026-02-25 00:31:07,600 - Knowledge - INFO - Batch sizing: calculated=4, max_allowed=10, queue=78, active_workers=20/20
2026-02-25 00:31:07,825 - Knowledge - INFO - Worker kw18 processing /app/data/newkinpogroup5515/55/b23195v/lu5-55/site/pages/Editor.lua
2026-02-25 00:31:07,935 - Knowledge - INFO - Async storing batch of 6 embeddings
2026-02-25 00:31:08,048 - Knowledge - INFO - Worker kw18 processing /app/data/newkinpogroup5515/55/b23195v/lu5-55/site/pages/Reference.lua
2026-02-25 00:31:08,157 - Knowledge - INFO - Worker kw5 processing /app/data/newkinpogroup5515/55/b23195v/lu5-55/site/static/css/docs.css
2026-02-25 00:31:08,258 - Knowledge - INFO - Fast-tracked /app/data/newkinpogroup5515/55/b23195v/lu5-55/site/pages/Reference.lua (ext=.lua, size=449)
2026-02-25 00:31:08,361 - Knowledge - INFO - Fast-tracked /app/data/newkinpogroup5515/55/b23195v/lu5-55/site/static/css/docs.css (ext=.css, size=6189)
2026-02-25 00:31:08,439 - Knowledge - INFO - Worker kw18 processing /app/data/newkinpogroup5515/55/b23195v/lu5-55/site/static/css/common.css
2026-02-25 00:31:08,645 - Knowledge - INFO - Worker kw5 processing /app/data/newkinpogroup5515/55/b23195v/lu5-55/site/static/css/editor-theme.css
2026-02-25 00:31:08,710 - Knowledge - INFO - [LLM_CALL] Completed: index.html:chunk1, Duration: 421ms, PromptTokens: 4430, CompletionTokens: 59, Cost: $0.00047
2026-02-25 00:31:08,722 - Knowledge - INFO - Fast-tracked /app/data/newkinpogroup5515/55/b23195v/lu5-55/site/static/css/common.css (ext=.css, size=1983)
2026-02-25 00:31:08,854 - Knowledge - INFO - Fast-tracked /app/data/newkinpogroup5515/55/b23195v/lu5-55/site/static/css/editor-theme.css (ext=.css, size=672)
2026-02-25 00:31:08,981 - Knowledge - INFO - done ingest for /app/data/newkinpogroup5515/55/b23195v/lu5-55/docs/v0.0.5/setting/pop/index.html
2026-02-25 00:31:09,174 - Knowledge - INFO - Worker kw5 processing /app/data/newkinpogroup5515/55/b23195v/lu5-55/site/static/css/lu5-hljs-theme.css
2026-02-25 00:31:09,386 - Knowledge - INFO - Fast-tracked /app/data/newkinpogroup5515/55/b23195v/lu5-55/site/static/css/lu5-hljs-theme.css (ext=.css, size=1329)
2026-02-25 00:31:09,546 - Knowledge - INFO - Worker kw5 processing /app/data/newkinpogroup5515/55/b23195v/lu5-55/site/static/js/menu.js
2026-02-25 00:31:09,766 - Knowledge - INFO - Fast-tracked /app/data/newkinpogroup5515/55/b23195v/lu5-55/site/static/js/menu.js (ext=.js, size=1229)
2026-02-25 00:31:09,946 - Knowledge - INFO - Async storage completed for 6 embeddings
2026-02-25 00:31:10,171 - Knowledge - INFO - Processing batch of 4 files
2026-02-25 00:31:10,343 - Knowledge - INFO - process ingested knowledge for /app/data/newkinpogroup5515/55/b23195v/lu5-55/site/static/css/docs.css
2026-02-25 00:31:10,455 - Knowledge - INFO - Async storage completed for 6 embeddings
2026-02-25 00:31:10,585 - Knowledge - INFO - process ingested knowledge for /app/data/newkinpogroup5515/55/b23195v/lu5-55/site/static/css/editor-theme.css
2026-02-25 00:31:10,817 - Knowledge - INFO - process ingested knowledge for /app/data/newkinpogroup5515/55/b23195v/lu5-55/site/static/css/lu5-hljs-theme.css
2026-02-25 00:31:11,041 - Knowledge - INFO - process ingested knowledge for /app/data/newkinpogroup5515/55/b23195v/lu5-55/site/static/js/menu.js
2026-02-25 00:31:11,339 - Knowledge - INFO - [LLM_CALL] Completed: index.html:chunk1, Duration: 1096ms, PromptTokens: 4440, CompletionTokens: 59, Cost: $0.00047
2026-02-25 00:31:11,532 - Knowledge - INFO - done ingest for /app/data/newkinpogroup5515/55/b23195v/lu5-55/docs/v0.0.5/keyboard/RIGHT_ARROW/index.html
2026-02-25 00:31:11,686 - Knowledge - INFO - Async storage completed for 6 embeddings
2026-02-25 00:31:11,711 - Knowledge - INFO - [kw5] Queue=74, InProgress=0, PendingWorkers=20/20, Completed=1290/1455 (88.7%)
2026-02-25 00:31:11,733 - Knowledge - INFO - Processing batch of 5 files
2026-02-25 00:31:11,780 - Knowledge - INFO - Async storage completed for 6 embeddings
2026-02-25 00:31:12,030 - Knowledge - INFO - Batch sizing: calculated=4, max_allowed=10, queue=74, active_workers=20/20
2026-02-25 00:31:12,115 - Knowledge - INFO - process ingested knowledge for /app/data/newkinpogroup5515/55/b23195v/lu5-55/docs/v0.0.5/setting/fill/meta.json
2026-02-25 00:31:12,367 - Knowledge - INFO - Async storing batch of 4 embeddings
2026-02-25 00:31:12,459 - Knowledge - INFO - process ingested knowledge for /app/data/newkinpogroup5515/55/b23195v/lu5-55/docs/v0.0.5/setting/pop/index.html
2026-02-25 00:31:12,544 - Knowledge - INFO - Worker kw5 processing /app/data/newkinpogroup5515/55/b23195v/lu5-55/site/static/js/image.js
2026-02-25 00:31:12,624 - Knowledge - INFO - process ingested knowledge for /app/data/newkinpogroup5515/55/b23195v/lu5-55/docs/v0.0.5/setting/pop/meta.json
2026-02-25 00:31:12,725 - Knowledge - INFO - Fast-tracked /app/data/newkinpogroup5515/55/b23195v/lu5-55/site/static/js/image.js (ext=.js, size=753)
2026-02-25 00:31:12,839 - Knowledge - INFO - process ingested knowledge for /app/data/newkinpogroup5515/55/b23195v/lu5-55/docs/v0.0.5/keyboard/RIGHT_ARROW/index.html
2026-02-25 00:31:12,952 - Knowledge - INFO - Worker kw5 processing /app/data/newkinpogroup5515/55/b23195v/lu5-55/site/static/js/search.js
2026-02-25 00:31:13,033 - Knowledge - INFO - process ingested knowledge for /app/data/newkinpogroup5515/55/b23195v/lu5-55/docs/v0.0.5/keyboard/RIGHT_ARROW/meta.json
2026-02-25 00:31:13,125 - Knowledge - INFO - Worker kw5 processing /app/data/newkinpogroup5515/55/b23195v/lu5-55/site/static/js/download.js
2026-02-25 00:31:13,345 - Knowledge - INFO - Fast-tracked /app/data/newkinpogroup5515/55/b23195v/lu5-55/site/static/js/download.js (ext=.js, size=1211)
2026-02-25 00:31:13,526 - Knowledge - INFO - Worker kw5 processing /app/data/newkinpogroup5515/55/b23195v/lu5-55/site/static/lib/lu5-wasm.min.js
2026-02-25 00:31:13,712 - Knowledge - INFO - Fast-tracked /app/data/newkinpogroup5515/55/b23195v/lu5-55/site/static/lib/lu5-wasm.min.js (ext=.js, size=18849)
2026-02-25 00:31:13,757 - Knowledge - INFO - Async storage completed for 6 embeddings
2026-02-25 00:31:13,950 - Knowledge - INFO - [kw7] Queue=70, InProgress=0, PendingWorkers=20/20, Completed=1295/1455 (89.0%)
2026-02-25 00:31:13,968 - Knowledge - INFO - [LLM_CALL] Completed: index.html:chunk1, Duration: 852ms, PromptTokens: 4440, CompletionTokens: 59, Cost: $0.00047
2026-02-25 00:31:14,234 - Knowledge - INFO - Batch sizing: calculated=4, max_allowed=10, queue=70, active_workers=20/20
2026-02-25 00:31:14,331 - Knowledge - INFO - done ingest for /app/data/newkinpogroup5515/55/b23195v/lu5-55/docs/v0.0.5/keyboard/LEFT_ARROW/index.html
2026-02-25 00:31:14,333 - Knowledge - INFO - [LLM_CALL] Completed: index.html:chunk1, Duration: 0ms, PromptTokens: 4832, CompletionTokens: 59, Cost: $0.00051
2026-02-25 00:31:14,655 - Knowledge - INFO - done ingest for /app/data/newkinpogroup5515/55/b23195v/lu5-55/docs/v0.0.5/math/random/index.html
2026-02-25 00:31:14,659 - Knowledge - INFO - Async storing batch of 5 embeddings
2026-02-25 00:31:14,659 - Knowledge - INFO - done ingest for /app/data/newkinpogroup5515/55/b23195v/lu5-55/docs/v0.0.5/math/max/index.html
2026-02-25 00:31:14,952 - Knowledge - INFO - Worker kw7 processing /app/data/newkinpogroup5515/55/b23195v/lu5-55/site/static/lib/lu5-wasm-lib.min.js
2026-02-25 00:31:15,127 - Knowledge - INFO - Fast-tracked /app/data/newkinpogroup5515/55/b23195v/lu5-55/site/static/lib/lu5-wasm-lib.min.js (ext=.js, size=17979)
2026-02-25 00:31:15,369 - Knowledge - INFO - Worker kw7 processing /app/data/newkinpogroup5515/55/b23195v/lu5-55/site/static/lib/lu5-console.js
2026-02-25 00:31:15,570 - Knowledge - INFO - Worker kw7 processing /app/data/newkinpogroup5515/55/b23195v/lu5-55/site/static/lib/lu5-editor.js
2026-02-25 00:31:15,861 - Knowledge - INFO - done ingest for /app/data/newkinpogroup5515/55/b23195v/lu5-55/docs/v0.0.5/setting/noStroke/index.html
2026-02-25 00:31:15,861 - Knowledge - INFO - Worker kw7 processing /app/data/newkinpogroup5515/55/b23195v/lu5-55/site/static/lib/lu5-console.min.js
2026-02-25 00:31:16,154 - Knowledge - INFO - Fast-tracked /app/data/newkinpogroup5515/55/b23195v/lu5-55/site/static/lib/lu5-console.min.js (ext=.js, size=3408)
2026-02-25 00:31:16,344 - Knowledge - INFO - done ingest for /app/data/newkinpogroup5515/55/b23195v/lu5-55/docs/v0.0.5/keyboard/keyReleased/index.html
2026-02-25 00:31:16,539 - Knowledge - INFO - Processing batch of 5 files
2026-02-25 00:31:16,712 - Knowledge - INFO - done ingest for /app/data/newkinpogroup5515/55/b23195v/lu5-55/docs/v0.0.5/math/cos/index.html
2026-02-25 00:31:16,760 - Knowledge - INFO - process ingested knowledge for /app/data/newkinpogroup5515/55/b23195v/lu5-55/docs/v0.0.5/keyboard/ENTER/meta.json
2026-02-25 00:31:17,031 - Knowledge - INFO - process ingested knowledge for /app/data/newkinpogroup5515/55/b23195v/lu5-55/docs/v0.0.5/keyboard/keyReleased/index.html
2026-02-25 00:31:17,062 - Knowledge - INFO - Async storage completed for 6 embeddings
2026-02-25 00:31:17,074 - Knowledge - INFO - done ingest for /app/data/newkinpogroup5515/55/b23195v/lu5-55/docs/v0.0.5/math/abs/index.html
2026-02-25 00:31:17,257 - Knowledge - INFO - process ingested knowledge for /app/data/newkinpogroup5515/55/b23195v/lu5-55/docs/v0.0.5/keyboard/keyReleased/meta.json
2026-02-25 00:31:17,594 - Knowledge - INFO - process ingested knowledge for /app/data/newkinpogroup5515/55/b23195v/lu5-55/docs/v0.0.5/keyboard/LEFT_ARROW/index.html
2026-02-25 00:31:17,783 - Knowledge - INFO - process ingested knowledge for /app/data/newkinpogroup5515/55/b23195v/lu5-55/docs/v0.0.5/keyboard/LEFT_ARROW/meta.json
2026-02-25 00:31:18,029 - Knowledge - INFO - done ingest for /app/data/newkinpogroup5515/55/b23195v/lu5-55/docs/v0.0.5/setting/index.html
2026-02-25 00:31:18,502 - Knowledge - INFO - [WEBSOCKET] Sent: Type=progress_update, Size: 294, Duration: 0ms
2026-02-25 00:31:18,762 - Knowledge - INFO - [WEBSOCKET] Sent: Type=unknown, Size: ?, Duration: 260ms
2026-02-25 00:31:19,065 - Knowledge - INFO - Progress: 89.3% | Files: 1300/1455 | Rate: 1.68 files/sec | Queue: 66
2026-02-25 00:31:19,065 - Knowledge - INFO - done ingest for /app/data/newkinpogroup5515/55/b23195v/lu5-55/docs/v0.0.5/math/PI/index.html
2026-02-25 00:31:19,229 - Knowledge - INFO - [kw20] Queue=66, InProgress=0, PendingWorkers=20/20, Completed=1300/1455 (89.3%)
2026-02-25 00:31:19,429 - Knowledge - INFO - Processing batch of 5 files
2026-02-25 00:31:19,429 - Knowledge - INFO - Batch sizing: calculated=4, max_allowed=10, queue=66, active_workers=20/20
2026-02-25 00:31:19,447 - Knowledge - INFO - done ingest for /app/data/newkinpogroup5515/55/b23195v/lu5-55/docs/v0.0.5/math/sin/index.html
2026-02-25 00:31:19,632 - Knowledge - INFO - done ingest for /app/data/newkinpogroup5515/55/b23195v/lu5-55/docs/v0.0.5/setting/background/index.html
2026-02-25 00:31:19,697 - Knowledge - INFO - process ingested knowledge for /app/data/newkinpogroup5515/55/b23195v/lu5-55/docs/v0.0.5/math/random/index.html
2026-02-25 00:31:19,876 - Knowledge - INFO - Async storing batch of 5 embeddings
2026-02-25 00:31:19,998 - Knowledge - INFO - Processing batch of 5 files
2026-02-25 00:31:20,134 - Knowledge - INFO - [LLM_CALL] Completed: index.html:chunk1, Duration: 249ms, PromptTokens: 4830, CompletionTokens: 59, Cost: $0.00051
2026-02-25 00:31:20,222 - Knowledge - INFO - process ingested knowledge for /app/data/newkinpogroup5515/55/b23195v/lu5-55/docs/v0.0.5/math/random/meta.json
2026-02-25 00:31:20,318 - Knowledge - INFO - Worker kw20 processing /app/data/newkinpogroup5515/55/b23195v/lu5-55/site/static/lib/codemirror.min.js
2026-02-25 00:31:20,382 - Knowledge - INFO - Async storage completed for 6 embeddings
2026-02-25 00:31:20,416 - Knowledge - INFO - process ingested knowledge for /app/data/newkinpogroup5515/55/b23195v/lu5-55/docs/v0.0.5/math/sin/index.html
2026-02-25 00:31:20,529 - Knowledge - INFO - done ingest for /app/data/newkinpogroup5515/55/b23195v/lu5-55/docs/v0.0.5/setting/fill/index.html
2026-02-25 00:31:20,629 - Knowledge - INFO - process ingested knowledge for /app/data/newkinpogroup5515/55/b23195v/lu5-55/docs/v0.0.5/math/PI/index.html
2026-02-25 00:31:20,719 - Knowledge - INFO - Fast-tracked /app/data/newkinpogroup5515/55/b23195v/lu5-55/site/static/lib/codemirror.min.js (ext=.js, size=588130)
2026-02-25 00:31:20,955 - Knowledge - INFO - process ingested knowledge for /app/data/newkinpogroup5515/55/b23195v/lu5-55/docs/v0.0.5/math/sin/meta.json
2026-02-25 00:31:21,043 - Knowledge - INFO - Processing batch of 5 files
2026-02-25 00:31:21,123 - Knowledge - INFO - process ingested knowledge for /app/data/newkinpogroup5515/55/b23195v/lu5-55/docs/v0.0.5/math/PI/meta.json
2026-02-25 00:31:21,219 - Knowledge - INFO - Worker kw20 processing /app/data/newkinpogroup5515/55/b23195v/lu5-55/site/static/lib/lu5-editor.min.js
2026-02-25 00:31:21,316 - Knowledge - INFO - process ingested knowledge for /app/data/newkinpogroup5515/55/b23195v/lu5-55/docs/v0.0.5/math/abs/index.html
2026-02-25 00:31:21,417 - Knowledge - INFO - process ingested knowledge for /app/data/newkinpogroup5515/55/b23195v/lu5-55/docs/v0.0.5/setting/noFill/meta.json
2026-02-25 00:31:21,519 - Knowledge - INFO - process ingested knowledge for /app/data/newkinpogroup5515/55/b23195v/lu5-55/docs/v0.0.5/math/cos/index.html
2026-02-25 00:31:21,616 - Knowledge - INFO - Fast-tracked /app/data/newkinpogroup5515/55/b23195v/lu5-55/site/static/lib/lu5-editor.min.js (ext=.js, size=10208)
2026-02-25 00:31:21,704 - Knowledge - INFO - process ingested knowledge for /app/data/newkinpogroup5515/55/b23195v/lu5-55/docs/v0.0.5/math/abs/meta.json
2026-02-25 00:31:21,826 - Knowledge - INFO - [LLM_CALL] Completed: index.html:chunk1, Duration: 843ms, PromptTokens: 4746, CompletionTokens: 59, Cost: $0.00050
2026-02-25 00:31:21,828 - Knowledge - INFO - process ingested knowledge for /app/data/newkinpogroup5515/55/b23195v/lu5-55/docs/v0.0.5/setting/noStroke/index.html
2026-02-25 00:31:22,054 - Knowledge - INFO - Worker kw20 processing /app/data/newkinpogroup5515/55/b23195v/lu5-55/site/components/Navigation.lua
2026-02-25 00:31:22,221 - Knowledge - INFO - process ingested knowledge for /app/data/newkinpogroup5515/55/b23195v/lu5-55/docs/v0.0.5/math/max/index.html
2026-02-25 00:31:22,287 - Knowledge - INFO - done ingest for /app/data/newkinpogroup5515/55/b23195v/lu5-55/docs/v0.0.5/setting/stroke/index.html
2026-02-25 00:31:22,419 - Knowledge - INFO - process ingested knowledge for /app/data/newkinpogroup5515/55/b23195v/lu5-55/docs/v0.0.5/setting/noStroke/meta.json
2026-02-25 00:31:22,458 - Knowledge - INFO - [kw12] Queue=62, InProgress=0, PendingWorkers=20/20, Completed=1315/1455 (90.4%)
2026-02-25 00:31:22,542 - Knowledge - INFO - Fast-tracked /app/data/newkinpogroup5515/55/b23195v/lu5-55/site/components/Navigation.lua (ext=.lua, size=834)
2026-02-25 00:31:22,814 - Knowledge - INFO - process ingested knowledge for /app/data/newkinpogroup5515/55/b23195v/lu5-55/docs/v0.0.5/setting/index.html
2026-02-25 00:31:22,923 - Knowledge - INFO - Batch sizing: calculated=4, max_allowed=10, queue=62, active_workers=20/20
2026-02-25 00:31:22,987 - Knowledge - INFO - done ingest for /app/data/newkinpogroup5515/55/b23195v/lu5-55/docs/v0.0.5/classes/index.html
2026-02-25 00:31:23,064 - Knowledge - INFO - Worker kw20 processing /app/data/newkinpogroup5515/55/b23195v/lu5-55/site/components/MethodCalls.lua
2026-02-25 00:31:23,247 - Knowledge - INFO - process ingested knowledge for /app/data/newkinpogroup5515/55/b23195v/lu5-55/docs/v0.0.5/setting/fill/index.html
2026-02-25 00:31:23,263 - Knowledge - INFO - Async storing batch of 5 embeddings
2026-02-25 00:31:23,274 - Knowledge - INFO - [kw16] Queue=58, InProgress=0, PendingWorkers=20/20, Completed=1315/1455 (90.4%)
2026-02-25 00:31:23,512 - Knowledge - INFO - Fast-tracked /app/data/newkinpogroup5515/55/b23195v/lu5-55/site/components/MethodCalls.lua (ext=.lua, size=1161)
2026-02-25 00:31:23,580 - Knowledge - INFO - Async storage completed for 5 embeddings
2026-02-25 00:31:23,710 - Knowledge - INFO - Worker kw12 processing /app/data/newkinpogroup5515/55/b23195v/lu5-55/site/components/ModuleSummary.lua
2026-02-25 00:31:23,714 - Knowledge - INFO - Async storage completed for 6 embeddings
2026-02-25 00:31:23,836 - Knowledge - INFO - Batch sizing: calculated=4, max_allowed=10, queue=58, active_workers=20/20
2026-02-25 00:31:23,938 - Knowledge - INFO - Async storage completed for 5 embeddings
2026-02-25 00:31:24,131 - Knowledge - INFO - Fast-tracked /app/data/newkinpogroup5515/55/b23195v/lu5-55/site/components/ModuleSummary.lua (ext=.lua, size=813)
2026-02-25 00:31:24,191 - Knowledge - INFO - [kw17] Queue=58, InProgress=0, PendingWorkers=20/20, Completed=1315/1455 (90.4%)
2026-02-25 00:31:24,362 - Knowledge - INFO - [LLM_CALL] Completed: index.html:chunk1, Duration: 960ms, PromptTokens: 4432, CompletionTokens: 59, Cost: $0.00047
2026-02-25 00:31:24,632 - Knowledge - INFO - Worker kw12 processing /app/data/newkinpogroup5515/55/b23195v/lu5-55/site/components/LU5Canvas.lua
2026-02-25 00:31:24,717 - Knowledge - INFO - Batch sizing: calculated=4, max_allowed=10, queue=58, active_workers=20/20
2026-02-25 00:31:24,817 - Knowledge - INFO - done ingest for /app/data/newkinpogroup5515/55/b23195v/lu5-55/docs/v0.0.5/setting/noFill/index.html
2026-02-25 00:31:24,819 - Knowledge - INFO - Async storing batch of 5 embeddings
2026-02-25 00:31:24,852 - Knowledge - INFO - Processing batch of 4 files
2026-02-25 00:31:24,909 - Knowledge - INFO - Fast-tracked /app/data/newkinpogroup5515/55/b23195v/lu5-55/site/components/LU5Canvas.lua (ext=.lua, size=1236)
2026-02-25 00:31:25,054 - Knowledge - INFO - done ingest for /app/data/newkinpogroup5515/55/b23195v/lu5-55/docs/v0.0.5/setting/push/index.html
2026-02-25 00:31:25,056 - Knowledge - INFO - Async storing batch of 5 embeddings
2026-02-25 00:31:25,153 - Knowledge - INFO - Processing batch of 5 files
2026-02-25 00:31:25,243 - Knowledge - INFO - Worker kw16 processing /app/data/newkinpogroup5515/55/b23195v/lu5-55/site/components/Home/PictureMosaic.lua
2026-02-25 00:31:25,321 - Knowledge - INFO - Async storage completed for 5 embeddings
2026-02-25 00:31:25,350 - Knowledge - INFO - process ingested knowledge for /app/data/newkinpogroup5515/55/b23195v/lu5-55/site/static/lib/codemirror.min.js
2026-02-25 00:31:25,400 - Knowledge - INFO - Async storage completed for 5 embeddings
2026-02-25 00:31:25,435 - Knowledge - INFO - Worker kw12 processing /app/data/newkinpogroup5515/55/b23195v/lu5-55/site/components/Method.lua
2026-02-25 00:31:25,645 - Knowledge - INFO - Worker kw17 processing /app/data/newkinpogroup5515/55/b23195v/lu5-55/site/components/Editor/Menubar.lua
2026-02-25 00:31:25,773 - Knowledge - INFO - process ingested knowledge for /app/data/newkinpogroup5515/55/b23195v/lu5-55/docs/v0.0.5/setting/background/index.html
2026-02-25 00:31:25,797 - Knowledge - INFO - Async storage completed for 6 embeddings
2026-02-25 00:31:25,906 - Knowledge - INFO - Fast-tracked /app/data/newkinpogroup5515/55/b23195v/lu5-55/site/components/Home/PictureMosaic.lua (ext=.lua, size=939)
2026-02-25 00:31:26,088 - Knowledge - INFO - [LLM_CALL] Completed: index.html:chunk1, Duration: 568ms, PromptTokens: 11822, CompletionTokens: 59, Cost: $0.00121
2026-02-25 00:31:26,117 - Knowledge - INFO - Async storage completed for 6 embeddings
2026-02-25 00:31:26,174 - Knowledge - INFO - process ingested knowledge for /app/data/newkinpogroup5515/55/b23195v/lu5-55/site/static/lib/lu5-editor.min.js
2026-02-25 00:31:26,404 - Knowledge - INFO - Worker kw12 processing /app/data/newkinpogroup5515/55/b23195v/lu5-55/site/components/Home/Download.lua
2026-02-25 00:31:26,588 - Knowledge - INFO - Fast-tracked /app/data/newkinpogroup5515/55/b23195v/lu5-55/site/components/Editor/Menubar.lua (ext=.lua, size=596)
2026-02-25 00:31:26,638 - Knowledge - INFO - process ingested knowledge for /app/data/newkinpogroup5515/55/b23195v/lu5-55/docs/v0.0.5/setting/background/meta.json
2026-02-25 00:31:26,904 - Knowledge - INFO - Worker kw16 processing /app/data/newkinpogroup5515/55/b23195v/lu5-55/site/components/Home/Releases.lua
2026-02-25 00:31:27,042 - Knowledge - INFO - done ingest for /app/data/newkinpogroup5515/55/b23195v/lu5-55/docs/v0.0.5/math/index.html
2026-02-25 00:31:27,042 - Knowledge - INFO - done ingest for /app/data/newkinpogroup5515/55/b23195v/lu5-55/docs/v0.0.5/setting/strokeWeight/index.html
2026-02-25 00:31:27,243 - Knowledge - INFO - process ingested knowledge for /app/data/newkinpogroup5515/55/b23195v/lu5-55/site/components/Navigation.lua
2026-02-25 00:31:27,359 - Knowledge - INFO - Fast-tracked /app/data/newkinpogroup5515/55/b23195v/lu5-55/site/components/Home/Download.lua (ext=.lua, size=1923)
2026-02-25 00:31:27,526 - Knowledge - INFO - Worker kw17 processing /app/data/newkinpogroup5515/55/b23195v/lu5-55/site/components/Editor/editor.css
2026-02-25 00:31:27,545 - Knowledge - INFO - [LLM_CALL] Completed: index.html:chunk1, Duration: 503ms, PromptTokens: 2900, CompletionTokens: 59, Cost: $0.00031
2026-02-25 00:31:27,610 - Knowledge - INFO - process ingested knowledge for /app/data/newkinpogroup5515/55/b23195v/lu5-55/docs/v0.0.5/setting/stroke/index.html
2026-02-25 00:31:27,743 - Knowledge - INFO - Worker kw16 processing /app/data/newkinpogroup5515/55/b23195v/lu5-55/site/components/Home/DocumentationIndex.lua
2026-02-25 00:31:28,122 - Knowledge - INFO - process ingested knowledge for /app/data/newkinpogroup5515/55/b23195v/lu5-55/site/components/MethodCalls.lua
2026-02-25 00:31:28,205 - Knowledge - INFO - Fast-tracked /app/data/newkinpogroup5515/55/b23195v/lu5-55/site/components/Method.lua (small file (2946 bytes))
2026-02-25 00:31:28,342 - Knowledge - INFO - Fast-tracked /app/data/newkinpogroup5515/55/b23195v/lu5-55/site/components/Editor/editor.css (ext=.css, size=2075)
2026-02-25 00:31:28,401 - Knowledge - INFO - done ingest for /app/data/newkinpogroup5515/55/b23195v/lu5-55/docs/examples/index.html
2026-02-25 00:31:28,403 - Knowledge - INFO - Processing batch of 5 files
2026-02-25 00:31:28,403 - Knowledge - INFO - [LLM_CALL] Completed: index.html:chunk1, Duration: 0ms, PromptTokens: 4772, CompletionTokens: 59, Cost: $0.00050
2026-02-25 00:31:28,490 - Knowledge - INFO - process ingested knowledge for /app/data/newkinpogroup5515/55/b23195v/lu5-55/docs/v0.0.5/setting/stroke/meta.json
2026-02-25 00:31:28,650 - Knowledge - INFO - Fast-tracked /app/data/newkinpogroup5515/55/b23195v/lu5-55/site/components/Home/DocumentationIndex.lua (ext=.lua, size=1182)
2026-02-25 00:31:28,827 - Knowledge - INFO - Async storage completed for 5 embeddings
2026-02-25 00:31:28,953 - Knowledge - INFO - Worker kw17 processing /app/data/newkinpogroup5515/55/b23195v/lu5-55/site/components/Editor/icon_play.lua
2026-02-25 00:31:29,166 - Knowledge - INFO - process ingested knowledge for /app/data/newkinpogroup5515/55/b23195v/lu5-55/docs/v0.0.5/classes/index.html
2026-02-25 00:31:29,286 - Knowledge - INFO - done ingest for /app/data/newkinpogroup5515/55/b23195v/lu5-55/docs/v0.0.5/image/loadImage/index.html
2026-02-25 00:31:29,287 - Knowledge - INFO - done ingest for /app/data/newkinpogroup5515/55/b23195v/lu5-55/docs/v0.0.5/keyboard/keyPressed/index.html
2026-02-25 00:31:29,287 - Knowledge - INFO - [LLM_CALL] Completed: Editor.lua:chunk1, Duration: 20229ms, PromptTokens: 3084, CompletionTokens: 310, Cost: $0.00043
2026-02-25 00:31:29,347 - Knowledge - INFO - Async storage completed for 4 embeddings
2026-02-25 00:31:29,366 - Knowledge - INFO - process ingested knowledge for /app/data/newkinpogroup5515/55/b23195v/lu5-55/docs/v0.0.5/setting/noFill/index.html
2026-02-25 00:31:29,472 - Knowledge - INFO - Worker kw16 processing /app/data/newkinpogroup5515/55/b23195v/lu5-55/site/components/MethodExample.lua
2026-02-25 00:31:29,664 - Knowledge - INFO - Fast-tracked /app/data/newkinpogroup5515/55/b23195v/lu5-55/site/components/Editor/icon_play.lua (ext=.lua, size=466)
2026-02-25 00:31:29,777 - Knowledge - INFO - process ingested knowledge for /app/data/newkinpogroup5515/55/b23195v/lu5-55/docs/v0.0.5/setting/strokeWeight/index.html
2026-02-25 00:31:30,066 - Knowledge - INFO - done ingest for /app/data/newkinpogroup5515/55/b23195v/lu5-55/site/pages/Editor.lua
2026-02-25 00:31:30,067 - Knowledge - INFO - done ingest for /app/data/newkinpogroup5515/55/b23195v/lu5-55/docs/v0.0.5/keyboard/DOWN_ARROW/index.html
2026-02-25 00:31:30,068 - Knowledge - INFO - done ingest for /app/data/newkinpogroup5515/55/b23195v/lu5-55/docs/v0.0.5/math/tan/index.html
2026-02-25 00:31:30,068 - Knowledge - INFO - Processing batch of 4 files
2026-02-25 00:31:30,069 - Knowledge - INFO - Processing batch of 4 files
2026-02-25 00:31:30,069 - Knowledge - INFO - [WEBSOCKET] Sent: Type=progress_update, Size: 295, Duration: 0ms
2026-02-25 00:31:30,345 - Knowledge - INFO - Fast-tracked /app/data/newkinpogroup5515/55/b23195v/lu5-55/site/components/MethodExample.lua (ext=.lua, size=518)
2026-02-25 00:31:30,434 - Knowledge - INFO - Worker kw17 processing /app/data/newkinpogroup5515/55/b23195v/lu5-55/site/components/Editor/icon_stop.lua
2026-02-25 00:31:30,535 - Knowledge - INFO - process ingested knowledge for /app/data/newkinpogroup5515/55/b23195v/lu5-55/docs/v0.0.5/setting/strokeWeight/meta.json
2026-02-25 00:31:30,852 - Knowledge - INFO - Async storage completed for 5 embeddings
2026-02-25 00:31:30,979 - Knowledge - INFO - process ingested knowledge for /app/data/newkinpogroup5515/55/b23195v/lu5-55/docs/examples/test.html
2026-02-25 00:31:31,078 - Knowledge - INFO - process ingested knowledge for /app/data/newkinpogroup5515/55/b23195v/lu5-55/site/components/ModuleSummary.lua
2026-02-25 00:31:31,199 - Knowledge - INFO - Processing batch of 4 files
2026-02-25 00:31:31,199 - Knowledge - INFO - done ingest for /app/data/newkinpogroup5515/55/b23195v/lu5-55/docs/v0.0.5/image/image/index.html
2026-02-25 00:31:31,200 - Knowledge - INFO - [WEBSOCKET] Sent: Type=unknown, Size: ?, Duration: 1131ms
2026-02-25 00:31:31,280 - Knowledge - INFO - Fast-tracked /app/data/newkinpogroup5515/55/b23195v/lu5-55/site/components/Home/Releases.lua (small file (2612 bytes))
2026-02-25 00:31:31,359 - Knowledge - INFO - Fast-tracked /app/data/newkinpogroup5515/55/b23195v/lu5-55/site/components/Editor/icon_stop.lua (ext=.lua, size=509)
2026-02-25 00:31:31,498 - Knowledge - INFO - process ingested knowledge for /app/data/newkinpogroup5515/55/b23195v/lu5-55/docs/v0.0.5/setting/push/index.html
2026-02-25 00:31:31,741 - Knowledge - INFO - process ingested knowledge for /app/data/newkinpogroup5515/55/b23195v/lu5-55/docs/examples/index.html
2026-02-25 00:31:31,853 - Knowledge - INFO - process ingested knowledge for /app/data/newkinpogroup5515/55/b23195v/lu5-55/site/components/LU5Canvas.lua
2026-02-25 00:31:31,984 - Knowledge - INFO - process ingested knowledge for /app/data/newkinpogroup5515/55/b23195v/lu5-55/site/pages/Home.lua
2026-02-25 00:31:32,201 - Knowledge - INFO - Progress: 91.9% | Files: 1346/1455 | Rate: 1.71 files/sec | Queue: 50
2026-02-25 00:31:32,202 - Knowledge - INFO - [kw3] Queue=50, InProgress=0, PendingWorkers=20/20, Completed=1346/1455 (92.5%)
2026-02-25 00:31:32,203 - Knowledge - INFO - done ingest for /app/data/newkinpogroup5515/55/b23195v/lu5-55/docs/v0.0.5/keyboard/UP_ARROW/index.html
2026-02-25 00:31:32,203 - Knowledge - INFO - done ingest for /app/data/newkinpogroup5515/55/b23195v/lu5-55/docs/v0.0.5/keyboard/keyHeld/index.html
2026-02-25 00:31:32,204 - Knowledge - INFO - done ingest for /app/data/newkinpogroup5515/55/b23195v/lu5-55/docs/v0.0.5/classes/class/index.html
2026-02-25 00:31:32,205 - Knowledge - INFO - Processing batch of 5 files
2026-02-25 00:31:32,318 - Knowledge - INFO - Async storage completed for 5 embeddings
2026-02-25 00:31:32,394 - Knowledge - INFO - Async storage completed for 5 embeddings
2026-02-25 00:31:32,512 - Knowledge - INFO - process ingested knowledge for /app/data/newkinpogroup5515/55/b23195v/lu5-55/docs/v0.0.5/setting/push/meta.json
2026-02-25 00:31:32,699 - Knowledge - INFO - process ingested knowledge for /app/data/newkinpogroup5515/55/b23195v/lu5-55/docs/examples/luax-test.lua
2026-02-25 00:31:32,796 - Knowledge - INFO - process ingested knowledge for /app/data/newkinpogroup5515/55/b23195v/lu5-55/site/components/Method.lua
2026-02-25 00:31:32,878 - Knowledge - INFO - process ingested knowledge for /app/data/newkinpogroup5515/55/b23195v/lu5-55/site/pages/Editor.lua
2026-02-25 00:31:33,031 - Knowledge - INFO - [kw20] Queue=50, InProgress=0, PendingWorkers=20/20, Completed=1346/1455 (92.5%)
2026-02-25 00:31:33,075 - Knowledge - INFO - done ingest for /app/data/newkinpogroup5515/55/b23195v/lu5-55/docs/v0.0.5/typography/loadFont/index.html
2026-02-25 00:31:33,159 - Knowledge - INFO - Batch sizing: calculated=4, max_allowed=10, queue=50, active_workers=20/20
2026-02-25 00:31:33,169 - Knowledge - INFO - Async storage completed for 5 embeddings
2026-02-25 00:31:33,271 - Knowledge - INFO - Processing batch of 5 files
2026-02-25 00:31:33,364 - Knowledge - INFO - Async storage completed for 6 embeddings
2026-02-25 00:31:33,511 - Knowledge - INFO - Processing batch of 5 files
2026-02-25 00:31:33,605 - Knowledge - INFO - process ingested knowledge for /app/data/newkinpogroup5515/55/b23195v/lu5-55/docs/v0.0.5/mouse/mousePressed/meta.json
2026-02-25 00:31:33,736 - Knowledge - INFO - Processing batch of 4 files
2026-02-25 00:31:33,842 - Knowledge - INFO - Processing batch of 4 files
2026-02-25 00:31:33,992 - Knowledge - INFO - done ingest for /app/data/newkinpogroup5515/55/b23195v/lu5-55/docs/v0.0.5/keyboard/ENTER/index.html
2026-02-25 00:31:34,073 - Knowledge - INFO - Async storage completed for 6 embeddings
2026-02-25 00:31:34,128 - Knowledge - INFO - process ingested knowledge for /app/data/newkinpogroup5515/55/b23195v/lu5-55/site/pages/Module.lua
2026-02-25 00:31:34,152 - Knowledge - INFO - process ingested knowledge for /app/data/newkinpogroup5515/55/b23195v/lu5-55/site/components/Home/Download.lua
2026-02-25 00:31:34,251 - Knowledge - INFO - process ingested knowledge for /app/data/newkinpogroup5515/55/b23195v/lu5-55/site/pages/Reference.lua
2026-02-25 00:31:34,344 - Knowledge - INFO - Batch sizing: calculated=4, max_allowed=10, queue=50, active_workers=20/20
2026-02-25 00:31:34,460 - Knowledge - INFO - Async storage completed for 6 embeddings
2026-02-25 00:31:34,601 - Knowledge - INFO - Async storing batch of 5 embeddings
2026-02-25 00:31:34,638 - Knowledge - INFO - [kw2] Queue=46, InProgress=0, PendingWorkers=20/20, Completed=1364/1455 (93.7%)
2026-02-25 00:31:34,721 - Knowledge - INFO - process ingested knowledge for /app/data/newkinpogroup5515/55/b23195v/lu5-55/docs/v0.0.5/keyboard/keyPressed/index.html
2026-02-25 00:31:34,880 - Knowledge - INFO - [LLM_CALL] Completed: search.js:chunk1, Duration: 20548ms, PromptTokens: 2808, CompletionTokens: 357, Cost: $0.00042
2026-02-25 00:31:34,978 - Knowledge - INFO - process ingested knowledge for /app/data/newkinpogroup5515/55/b23195v/lu5-55/docs/v0.0.5/math/tan/index.html
2026-02-25 00:31:35,098 - Knowledge - INFO - process ingested knowledge for /app/data/newkinpogroup5515/55/b23195v/lu5-55/docs/v0.0.5/image/image/index.html
2026-02-25 00:31:35,179 - Knowledge - INFO - process ingested knowledge for /app/data/newkinpogroup5515/55/b23195v/lu5-55/site/components/Home/PictureMosaic.lua
2026-02-25 00:31:35,277 - Knowledge - INFO - process ingested knowledge for /app/data/newkinpogroup5515/55/b23195v/lu5-55/site/components/Editor/Menubar.lua
2026-02-25 00:31:35,370 - Knowledge - INFO - Async storage completed for 5 embeddings
2026-02-25 00:31:35,986 - Knowledge - INFO - process ingested knowledge for /app/data/newkinpogroup5515/55/b23195v/lu5-55/site/static/css/common.css
2026-02-25 00:31:36,156 - Knowledge - INFO - Worker kw3 processing /app/data/newkinpogroup5515/55/b23195v/lu5-55/site/components/Editor/menubar.css
2026-02-25 00:31:36,251 - Knowledge - INFO - Batch sizing: calculated=4, max_allowed=10, queue=46, active_workers=20/20
2026-02-25 00:31:36,431 - Knowledge - INFO - process ingested knowledge for /app/data/newkinpogroup5515/55/b23195v/lu5-55/docs/v0.0.5/keyboard/keyPressed/meta.json
2026-02-25 00:31:36,476 - Knowledge - INFO - done ingest for /app/data/newkinpogroup5515/55/b23195v/lu5-55/site/static/js/search.js
2026-02-25 00:31:36,477 - Knowledge - INFO - [LLM_CALL] Completed: index.html:chunk1, Duration: 1816ms, PromptTokens: 5678, CompletionTokens: 59, Cost: $0.00059
2026-02-25 00:31:36,596 - Knowledge - INFO - process ingested knowledge for /app/data/newkinpogroup5515/55/b23195v/lu5-55/docs/v0.0.5/math/tan/meta.json
2026-02-25 00:31:36,678 - Knowledge - INFO - process ingested knowledge for /app/data/newkinpogroup5515/55/b23195v/lu5-55/docs/v0.0.5/image/image/meta.json
2026-02-25 00:31:36,777 - Knowledge - INFO - process ingested knowledge for /app/data/newkinpogroup5515/55/b23195v/lu5-55/site/components/Home/Releases.lua
2026-02-25 00:31:36,858 - Knowledge - INFO - process ingested knowledge for /app/data/newkinpogroup5515/55/b23195v/lu5-55/site/components/Editor/editor.css
2026-02-25 00:31:37,082 - Knowledge - INFO - Async storage completed for 5 embeddings
2026-02-25 00:31:37,181 - Knowledge - INFO - Fast-tracked /app/data/newkinpogroup5515/55/b23195v/lu5-55/site/components/Editor/menubar.css (ext=.css, size=817)
2026-02-25 00:31:37,443 - Knowledge - INFO - process ingested knowledge for /app/data/newkinpogroup5515/55/b23195v/lu5-55/docs/v0.0.5/keyboard/UP_ARROW/index.html
2026-02-25 00:31:37,600 - Knowledge - INFO - done ingest for /app/data/newkinpogroup5515/55/b23195v/lu5-55/docs/editor/index.html
2026-02-25 00:31:37,603 - Knowledge - INFO - Processing batch of 5 files
2026-02-25 00:31:37,603 - Knowledge - INFO - done ingest for /app/data/newkinpogroup5515/55/b23195v/lu5-55/docs/v0.0.5/typography/index.html
2026-02-25 00:31:37,603 - Knowledge - INFO - done ingest for /app/data/newkinpogroup5515/55/b23195v/lu5-55/docs/v0.0.5/mouse/index.html
2026-02-25 00:31:37,603 - Knowledge - INFO - Async storing batch of 4 embeddings
2026-02-25 00:31:37,604 - Knowledge - INFO - done ingest for /app/data/newkinpogroup5515/55/b23195v/lu5-55/docs/v0.0.5/keyboard/keyIsDown/index.html
2026-02-25 00:31:37,607 - Knowledge - INFO - [kw4] Queue=38, InProgress=0, PendingWorkers=20/20, Completed=1370/1455 (94.2%)
2026-02-25 00:31:37,608 - Knowledge - INFO - Async storing batch of 5 embeddings
2026-02-25 00:31:37,608 - Knowledge - INFO - done ingest for /app/data/newkinpogroup5515/55/b23195v/lu5-55/docs/v0.0.5/mouse/mouseX/index.html
2026-02-25 00:31:37,608 - Knowledge - INFO - [kw18] Queue=38, InProgress=0, PendingWorkers=20/20, Completed=1370/1455 (94.2%)
2026-02-25 00:31:37,610 - Knowledge - INFO - [WEBSOCKET] Sent: Type=progress_update, Size: 296, Duration: 2ms
2026-02-25 00:31:37,682 - Knowledge - INFO - process ingested knowledge for /app/data/newkinpogroup5515/55/b23195v/lu5-55/docs/v0.0.5/math/index.html
2026-02-25 00:31:37,785 - Knowledge - INFO - process ingested knowledge for /app/data/newkinpogroup5515/55/b23195v/lu5-55/docs/v0.0.5/image/loadImage/index.html
2026-02-25 00:31:37,863 - Knowledge - INFO - process ingested knowledge for /app/data/newkinpogroup5515/55/b23195v/lu5-55/site/components/Home/DocumentationIndex.lua
2026-02-25 00:31:37,969 - Knowledge - INFO - process ingested knowledge for /app/data/newkinpogroup5515/55/b23195v/lu5-55/site/components/Editor/icon_play.lua
2026-02-25 00:31:38,192 - Knowledge - INFO - Worker kw3 processing /app/data/newkinpogroup5515/55/b23195v/lu5-55/site/components/Editor/popup.css
2026-02-25 00:31:38,304 - Knowledge - INFO - process ingested knowledge for /app/data/newkinpogroup5515/55/b23195v/lu5-55/docs/v0.0.5/keyboard/UP_ARROW/meta.json
2026-02-25 00:31:38,501 - Knowledge - INFO - process ingested knowledge for /app/data/newkinpogroup5515/55/b23195v/lu5-55/docs/v0.0.5/keyboard/DOWN_ARROW/index.html
2026-02-25 00:31:38,890 - Knowledge - INFO - Worker kw20 processing /app/data/newkinpogroup5515/55/b23195v/lu5-55/site/config.lua
2026-02-25 00:31:39,126 - Knowledge - INFO - Batch sizing: calculated=4, max_allowed=10, queue=38, active_workers=20/20
2026-02-25 00:31:39,352 - Knowledge - INFO - Worker kw2 processing /app/data/newkinpogroup5515/55/b23195v/lu5-55/site/lib/file.lua
2026-02-25 00:31:39,614 - Knowledge - INFO - Batch sizing: calculated=4, max_allowed=10, queue=38, active_workers=20/20
2026-02-25 00:31:39,749 - Knowledge - INFO - Processing batch of 4 files
2026-02-25 00:31:39,749 - Knowledge - INFO - done ingest for /app/data/newkinpogroup5515/55/b23195v/lu5-55/docs/v0.0.5/mouse/mousePressed/index.html
2026-02-25 00:31:39,749 - Knowledge - INFO - done ingest for /app/data/newkinpogroup5515/55/b23195v/lu5-55/docs/v0.0.5/keyboard/index.html
2026-02-25 00:31:39,750 - Knowledge - INFO - done ingest for /app/data/newkinpogroup5515/55/b23195v/lu5-55/docs/v0.0.5/index.html
2026-02-25 00:31:39,759 - Knowledge - INFO - done ingest for /app/data/newkinpogroup5515/55/b23195v/lu5-55/docs/v0.0.5/mouse/mouseY/index.html
2026-02-25 00:31:39,763 - Knowledge - INFO - done ingest for /app/data/newkinpogroup5515/55/b23195v/lu5-55/docs/v0.0.5/typography/text/index.html
2026-02-25 00:31:39,763 - Knowledge - INFO - [WEBSOCKET] Sent: Type=unknown, Size: ?, Duration: 2159ms
2026-02-25 00:31:39,832 - Knowledge - INFO - process ingested knowledge for /app/data/newkinpogroup5515/55/b23195v/lu5-55/docs/v0.0.5/classes/class/index.html
2026-02-25 00:31:39,918 - Knowledge - INFO - process ingested knowledge for /app/data/newkinpogroup5515/55/b23195v/lu5-55/docs/v0.0.5/image/loadImage/meta.json
2026-02-25 00:31:40,014 - Knowledge - INFO - process ingested knowledge for /app/data/newkinpogroup5515/55/b23195v/lu5-55/site/components/MethodExample.lua
2026-02-25 00:31:40,142 - Knowledge - INFO - process ingested knowledge for /app/data/newkinpogroup5515/55/b23195v/lu5-55/site/components/Editor/icon_stop.lua
2026-02-25 00:31:40,241 - Knowledge - INFO - Fast-tracked /app/data/newkinpogroup5515/55/b23195v/lu5-55/site/components/Editor/popup.css (ext=.css, size=949)
2026-02-25 00:31:40,359 - Knowledge - INFO - process ingested knowledge for /app/data/newkinpogroup5515/55/b23195v/lu5-55/docs/v0.0.5/modules.json
2026-02-25 00:31:40,458 - Knowledge - INFO - process ingested knowledge for /app/data/newkinpogroup5515/55/b23195v/lu5-55/docs/v0.0.5/keyboard/DOWN_ARROW/meta.json
2026-02-25 00:31:40,574 - Knowledge - INFO - Worker kw20 processing /app/data/newkinpogroup5515/55/b23195v/lu5-55/site/layout/Head.lua
2026-02-25 00:31:40,764 - Knowledge - INFO - Worker kw2 processing /app/data/newkinpogroup5515/55/b23195v/lu5-55/site/lib/minify.lua
2026-02-25 00:31:40,947 - Knowledge - INFO - process ingested knowledge for /app/data/newkinpogroup5515/55/b23195v/lu5-55/docs/v0.0.5/typography/loadFont/index.html
2026-02-25 00:31:41,633 - Knowledge - INFO - Progress: 94.2% | Files: 1379/1455 | Rate: 1.74 files/sec | Queue: 30
2026-02-25 00:31:41,635 - Knowledge - INFO - Async storing batch of 4 embeddings
2026-02-25 00:31:41,635 - Knowledge - INFO - [LLM_CALL] Completed: lu5-editor.js:chunk1, Duration: 11566ms, PromptTokens: 5740, CompletionTokens: 435, Cost: $0.00075
2026-02-25 00:31:41,745 - Knowledge - INFO - process ingested knowledge for /app/data/newkinpogroup5515/55/b23195v/lu5-55/docs/v0.0.5/classes/class/meta.json
2026-02-25 00:31:42,111 - Knowledge - INFO - Worker kw3 processing /app/data/newkinpogroup5515/55/b23195v/lu5-55/site/components/SocialButton.lua
2026-02-25 00:31:42,384 - Knowledge - INFO - Worker kw20 processing /app/data/newkinpogroup5515/55/b23195v/lu5-55/site/layout/RootLayout.lua
2026-02-25 00:31:42,514 - Knowledge - INFO - Fast-tracked /app/data/newkinpogroup5515/55/b23195v/lu5-55/site/lib/minify.lua (ext=.lua, size=1091)
2026-02-25 00:31:42,609 - Knowledge - INFO - process ingested knowledge for /app/data/newkinpogroup5515/55/b23195v/lu5-55/docs/v0.0.5/keyboard/keyHeld/index.html
2026-02-25 00:31:42,771 - Knowledge - INFO - process ingested knowledge for /app/data/newkinpogroup5515/55/b23195v/lu5-55/docs/v0.0.5/typography/loadFont/meta.json
2026-02-25 00:31:42,788 - Knowledge - INFO - Worker kw4 processing /app/data/newkinpogroup5515/55/b23195v/lu5-55/site/lib/search.lua
2026-02-25 00:31:42,842 - Knowledge - INFO - [kw12] Queue=30, InProgress=0, PendingWorkers=20/20, Completed=1380/1455 (94.8%)
2026-02-25 00:31:42,898 - Knowledge - INFO - done ingest for /app/data/newkinpogroup5515/55/b23195v/lu5-55/site/static/lib/lu5-editor.js
2026-02-25 00:31:42,898 - Knowledge - INFO - Async storing batch of 4 embeddings
2026-02-25 00:31:42,899 - Knowledge - INFO - done ingest for /app/data/newkinpogroup5515/55/b23195v/lu5-55/docs/v0.0.5/mouse/mouseIsPressed/index.html
2026-02-25 00:31:42,900 - Knowledge - INFO - done ingest for /app/data/newkinpogroup5515/55/b23195v/lu5-55/docs/v0.0.5/keyboard/BACKSPACE/index.html
2026-02-25 00:31:42,900 - Knowledge - INFO - done ingest for /app/data/newkinpogroup5515/55/b23195v/lu5-55/docs/v0.0.5/typography/textSize/index.html
2026-02-25 00:31:42,900 - Knowledge - INFO - done ingest for /app/data/newkinpogroup5515/55/b23195v/lu5-55/docs/v0.0.5/mouse/mouseReleased/index.html
2026-02-25 00:31:42,901 - Knowledge - INFO - Processing batch of 4 files
2026-02-25 00:31:43,115 - Knowledge - INFO - [kw16] Queue=30, InProgress=0, PendingWorkers=20/20, Completed=1380/1455 (94.8%)
2026-02-25 00:31:43,116 - Knowledge - INFO - [kw19] Queue=30, InProgress=0, PendingWorkers=20/20, Completed=1381/1455 (94.9%)
2026-02-25 00:31:43,117 - Knowledge - INFO - Fast-tracked /app/data/newkinpogroup5515/55/b23195v/lu5-55/site/components/SocialButton.lua (ext=.lua, size=295)
2026-02-25 00:31:43,139 - Knowledge - INFO - Processing batch of 4 files
2026-02-25 00:31:43,224 - Knowledge - INFO - Worker kw20 processing /app/data/newkinpogroup5515/55/b23195v/lu5-55/site/README.md
2026-02-25 00:31:43,265 - Knowledge - INFO - [kw17] Queue=30, InProgress=0, PendingWorkers=20/20, Completed=1381/1455 (94.9%)
2026-02-25 00:31:43,313 - Knowledge - INFO - Worker kw2 processing /app/data/newkinpogroup5515/55/b23195v/lu5-55/site/lib/luax.lua
2026-02-25 00:31:43,483 - Knowledge - INFO - process ingested knowledge for /app/data/newkinpogroup5515/55/b23195v/lu5-55/docs/v0.0.5/keyboard/keyHeld/meta.json
2026-02-25 00:31:43,483 - Knowledge - INFO - [kw9] Queue=30, InProgress=0, PendingWorkers=20/20, Completed=1381/1455 (94.9%)
2026-02-25 00:31:43,586 - Knowledge - INFO - process ingested knowledge for /app/data/newkinpogroup5515/55/b23195v/lu5-55/docs/editor/index.html
2026-02-25 00:31:43,627 - Knowledge - INFO - Fast-tracked /app/data/newkinpogroup5515/55/b23195v/lu5-55/site/lib/search.lua (ext=.lua, size=721)
2026-02-25 00:31:43,713 - Knowledge - INFO - Batch sizing: calculated=4, max_allowed=10, queue=30, active_workers=20/20
2026-02-25 00:31:43,723 - Knowledge - INFO - [kw13] Queue=30, InProgress=0, PendingWorkers=20/20, Completed=1381/1455 (94.9%)
2026-02-25 00:31:43,949 - Knowledge - INFO - Worker kw18 processing /app/data/newkinpogroup5515/55/b23195v/lu5-55/README.md
2026-02-25 00:31:44,037 - Knowledge - INFO - [LLM_CALL] Completed: lu5-console.js:chunk1, Duration: 27688ms, PromptTokens: 3256, CompletionTokens: 482, Cost: $0.00052
2026-02-25 00:31:44,474 - Knowledge - INFO - process ingested knowledge for /app/data/newkinpogroup5515/55/b23195v/lu5-55/docs/v0.0.5/typography/textFont/meta.json
2026-02-25 00:31:44,598 - Knowledge - INFO - Batch sizing: calculated=4, max_allowed=10, queue=30, active_workers=20/20
2026-02-25 00:31:44,710 - Knowledge - INFO - Batch sizing: calculated=4, max_allowed=10, queue=30, active_workers=20/20
2026-02-25 00:31:44,819 - Knowledge - INFO - Worker kw3 processing /app/data/newkinpogroup5515/55/b23195v/lu5-55/site/tasks/build_docs.lua
2026-02-25 00:31:44,914 - Knowledge - INFO - process ingested knowledge for /app/data/newkinpogroup5515/55/b23195v/lu5-55/site/static/js/image.js
2026-02-25 00:31:44,999 - Knowledge - INFO - Fast-tracked /app/data/newkinpogroup5515/55/b23195v/lu5-55/site/README.md (ext=.md, size=498)
2026-02-25 00:31:45,090 - Knowledge - INFO - Batch sizing: calculated=4, max_allowed=10, queue=30, active_workers=20/20
2026-02-25 00:31:45,203 - Knowledge - INFO - Worker kw2 processing /app/data/newkinpogroup5515/55/b23195v/lu5-55/site/lib/json.lua
2026-02-25 00:31:45,291 - Knowledge - INFO - process ingested knowledge for /app/data/newkinpogroup5515/55/b23195v/lu5-55/docs/v0.0.5/keyboard/ENTER/index.html
2026-02-25 00:31:45,370 - Knowledge - INFO - Batch sizing: calculated=4, max_allowed=10, queue=30, active_workers=20/20
2026-02-25 00:31:45,494 - Knowledge - INFO - process ingested knowledge for /app/data/newkinpogroup5515/55/b23195v/lu5-55/docs/examples/luax.html
2026-02-25 00:31:45,611 - Knowledge - INFO - Worker kw4 processing /app/data/newkinpogroup5515/55/b23195v/lu5-55/site/lib/version.lua
2026-02-25 00:31:45,827 - Knowledge - INFO - Batch sizing: calculated=4, max_allowed=10, queue=30, active_workers=20/20
2026-02-25 00:31:45,924 - Knowledge - INFO - Fast-tracked /app/data/newkinpogroup5515/55/b23195v/lu5-55/README.md (ext=.md, size=1525)
2026-02-25 00:31:46,050 - Knowledge - INFO - done ingest for /app/data/newkinpogroup5515/55/b23195v/lu5-55/site/static/lib/lu5-console.js
2026-02-25 00:31:46,050 - Knowledge - INFO - Processing batch of 5 files
2026-02-25 00:31:46,050 - Knowledge - INFO - Processing batch of 5 files
2026-02-25 00:31:46,050 - Knowledge - INFO - done ingest for /app/data/newkinpogroup5515/55/b23195v/lu5-55/docs/v0.0.5/image/index.html
2026-02-25 00:31:46,050 - Knowledge - INFO - Processing batch of 5 files
2026-02-25 00:31:46,051 - Knowledge - INFO - Async storing batch of 4 embeddings
2026-02-25 00:31:46,122 - Knowledge - INFO - process ingested knowledge for /app/data/newkinpogroup5515/55/b23195v/lu5-55/docs/v0.0.5/typography/text/index.html
2026-02-25 00:31:46,225 - Knowledge - INFO - Async storing batch of 4 embeddings
2026-02-25 00:31:46,324 - Knowledge - INFO - Async storing batch of 5 embeddings
2026-02-25 00:31:46,507 - Knowledge - INFO - process ingested knowledge for /app/data/newkinpogroup5515/55/b23195v/lu5-55/site/static/js/search.js
2026-02-25 00:31:46,682 - Knowledge - INFO - Async storing batch of 4 embeddings
2026-02-25 00:31:46,774 - Knowledge - INFO - Fast-tracked /app/data/newkinpogroup5515/55/b23195v/lu5-55/site/lib/json.lua (ext=.lua, size=1574)
2026-02-25 00:31:47,002 - Knowledge - INFO - Async storing batch of 5 embeddings
2026-02-25 00:31:47,192 - Knowledge - INFO - Fast-tracked /app/data/newkinpogroup5515/55/b23195v/lu5-55/site/lib/version.lua (ext=.lua, size=1047)
2026-02-25 00:31:47,365 - Knowledge - INFO - Worker kw18 processing /app/data/newkinpogroup5515/55/b23195v/lu5-55/tests/math.lua
2026-02-25 00:31:47,386 - Knowledge - INFO - Async storing batch of 5 embeddings
2026-02-25 00:31:47,537 - Knowledge - INFO - process ingested knowledge for /app/data/newkinpogroup5515/55/b23195v/lu5-55/docs/v0.0.5/mouse/mouseX/meta.json
2026-02-25 00:31:47,541 - Knowledge - INFO - [kw1] Queue=6, InProgress=0, PendingWorkers=20/20, Completed=1397/1455 (96.0%)
2026-02-25 00:31:47,579 - Knowledge - INFO - Processing batch of 4 files
2026-02-25 00:31:47,652 - Knowledge - INFO - [WEBSOCKET] Sent: Type=progress_update, Size: 294, Duration: 0ms
2026-02-25 00:31:47,664 - Knowledge - INFO - Worker kw17 processing /app/data/newkinpogroup5515/55/b23195v/lu5-55/examples/math.lua
2026-02-25 00:31:47,901 - Knowledge - INFO - process ingested knowledge for /app/data/newkinpogroup5515/55/b23195v/lu5-55/docs/v0.0.5/mouse/mouseY/index.html
2026-02-25 00:31:47,989 - Knowledge - INFO - Worker kw12 processing /app/data/newkinpogroup5515/55/b23195v/lu5-55/ROADMAP.md
2026-02-25 00:31:48,099 - Knowledge - INFO - process ingested knowledge for /app/data/newkinpogroup5515/55/b23195v/lu5-55/docs/v0.0.5/typography/text/meta.json
2026-02-25 00:31:48,185 - Knowledge - INFO - Async storage completed for 5 embeddings
2026-02-25 00:31:48,195 - Knowledge - INFO - Worker kw16 processing /app/data/newkinpogroup5515/55/b23195v/lu5-55/examples/instances.lua
2026-02-25 00:31:48,284 - Knowledge - INFO - Worker kw19 processing /app/data/newkinpogroup5515/55/b23195v/lu5-55/examples/crop.lua
2026-02-25 00:31:48,397 - Knowledge - INFO - process ingested knowledge for /app/data/newkinpogroup5515/55/b23195v/lu5-55/site/static/js/download.js
2026-02-25 00:31:48,511 - Knowledge - INFO - process ingested knowledge for /app/data/newkinpogroup5515/55/b23195v/lu5-55/docs/v0.0.5/keyboard/BACKSPACE/index.html
2026-02-25 00:31:48,702 - Knowledge - INFO - Worker kw9 processing /app/data/newkinpogroup5515/55/b23195v/lu5-55/examples/mouse.lua
2026-02-25 00:31:48,785 - Knowledge - INFO - Worker kw4 processing /app/data/newkinpogroup5515/55/b23195v/lu5-55/site/lib/css.lua
2026-02-25 00:31:48,883 - Knowledge - INFO - Fast-tracked /app/data/newkinpogroup5515/55/b23195v/lu5-55/tests/math.lua (ext=.lua, size=795)
2026-02-25 00:31:48,979 - Knowledge - INFO - Worker kw13 processing /app/data/newkinpogroup5515/55/b23195v/lu5-55/examples/textWeb.lua
2026-02-25 00:31:49,075 - Knowledge - INFO - process ingested knowledge for /app/data/newkinpogroup5515/55/b23195v/lu5-55/docs/v0.0.5/mouse/mouseIsPressed/index.html
2026-02-25 00:31:49,188 - Knowledge - INFO - Batch sizing: calculated=4, max_allowed=10, queue=6, active_workers=20/20
2026-02-25 00:31:49,271 - Knowledge - INFO - process ingested knowledge for /app/data/newkinpogroup5515/55/b23195v/lu5-55/site/static/lib/lu5-wasm-lib.min.js
2026-02-25 00:31:49,375 - Knowledge - INFO - done ingest for /app/data/newkinpogroup5515/55/b23195v/lu5-55/docs/v0.0.5/typography/textFont/index.html
2026-02-25 00:31:49,376 - Knowledge - INFO - [WEBSOCKET] Sent: Type=unknown, Size: ?, Duration: 1724ms
2026-02-25 00:31:49,470 - Knowledge - INFO - Fast-tracked /app/data/newkinpogroup5515/55/b23195v/lu5-55/examples/math.lua (ext=.lua, size=1171)
2026-02-25 00:31:49,562 - Knowledge - INFO - process ingested knowledge for /app/data/newkinpogroup5515/55/b23195v/lu5-55/docs/v0.0.5/mouse/mouseY/meta.json
2026-02-25 00:31:49,654 - Knowledge - INFO - Fast-tracked /app/data/newkinpogroup5515/55/b23195v/lu5-55/ROADMAP.md (ext=.md, size=932)
2026-02-25 00:31:49,770 - Knowledge - INFO - process ingested knowledge for /app/data/newkinpogroup5515/55/b23195v/lu5-55/docs/v0.0.5/typography/index.html
2026-02-25 00:31:50,019 - Knowledge - INFO - Fast-tracked /app/data/newkinpogroup5515/55/b23195v/lu5-55/examples/instances.lua (ext=.lua, size=1260)
2026-02-25 00:31:50,121 - Knowledge - INFO - Fast-tracked /app/data/newkinpogroup5515/55/b23195v/lu5-55/examples/crop.lua (ext=.lua, size=778)
2026-02-25 00:31:50,199 - Knowledge - INFO - process ingested knowledge for /app/data/newkinpogroup5515/55/b23195v/lu5-55/site/static/lib/lu5-wasm.min.js
2026-02-25 00:31:50,294 - Knowledge - INFO - process ingested knowledge for /app/data/newkinpogroup5515/55/b23195v/lu5-55/docs/v0.0.5/keyboard/BACKSPACE/meta.json
2026-02-25 00:31:50,385 - Knowledge - INFO - Fast-tracked /app/data/newkinpogroup5515/55/b23195v/lu5-55/examples/mouse.lua (ext=.lua, size=763)
2026-02-25 00:31:50,465 - Knowledge - INFO - Fast-tracked /app/data/newkinpogroup5515/55/b23195v/lu5-55/site/lib/css.lua (ext=.lua, size=848)
2026-02-25 00:31:50,574 - Knowledge - INFO - Worker kw18 processing /app/data/newkinpogroup5515/55/b23195v/lu5-55/tests/vector.lua
2026-02-25 00:31:50,703 - Knowledge - INFO - Fast-tracked /app/data/newkinpogroup5515/55/b23195v/lu5-55/examples/textWeb.lua (ext=.lua, size=1399)
2026-02-25 00:31:50,814 - Knowledge - INFO - process ingested knowledge for /app/data/newkinpogroup5515/55/b23195v/lu5-55/docs/v0.0.5/mouse/mouseIsPressed/meta.json
2026-02-25 00:31:51,035 - Knowledge - INFO - process ingested knowledge for /app/data/newkinpogroup5515/55/b23195v/lu5-55/site/static/lib/lu5-console.js
2026-02-25 00:31:51,239 - Knowledge - INFO - Progress: 96.2% | Files: 1405/1455 | Rate: 1.75 files/sec | Queue: 2
2026-02-25 00:31:51,240 - Knowledge - INFO - Async storing batch of 5 embeddings
2026-02-25 00:31:51,240 - Knowledge - INFO - Processing batch of 5 files
2026-02-25 00:31:51,333 - Knowledge - INFO - Worker kw17 processing /app/data/newkinpogroup5515/55/b23195v/lu5-55/examples/grid.lua
2026-02-25 00:31:51,416 - Knowledge - INFO - process ingested knowledge for /app/data/newkinpogroup5515/55/b23195v/lu5-55/docs/v0.0.5/mouse/mouseReleased/index.html
2026-02-25 00:31:51,525 - Knowledge - INFO - Worker kw12 processing /app/data/newkinpogroup5515/55/b23195v/lu5-55/CONTRIBUTING.md
2026-02-25 00:31:51,696 - Knowledge - INFO - Worker kw16 processing /app/data/newkinpogroup5515/55/b23195v/lu5-55/examples/controls.lua
2026-02-25 00:31:51,800 - Knowledge - INFO - Worker kw19 processing /app/data/newkinpogroup5515/55/b23195v/lu5-55/examples/shapes.lua
2026-02-25 00:31:52,092 - Knowledge - INFO - process ingested knowledge for /app/data/newkinpogroup5515/55/b23195v/lu5-55/docs/v0.0.5/keyboard/keyIsDown/index.html
2026-02-25 00:31:52,095 - Knowledge - INFO - Worker kw9 processing /app/data/newkinpogroup5515/55/b23195v/lu5-55/examples/text.lua
2026-02-25 00:31:52,179 - Knowledge - INFO - [kw10] Queue=2, InProgress=0, PendingWorkers=20/20, Completed=1405/1455 (96.6%)
2026-02-25 00:31:52,208 - Knowledge - INFO - Worker kw4 processing /app/data/newkinpogroup5515/55/b23195v/lu5-55/site/lib/parse.lua
2026-02-25 00:31:52,298 - Knowledge - INFO - Fast-tracked /app/data/newkinpogroup5515/55/b23195v/lu5-55/tests/vector.lua (ext=.lua, size=3760)
2026-02-25 00:31:52,415 - Knowledge - INFO - [kw5] Queue=2, InProgress=0, PendingWorkers=20/20, Completed=1405/1455 (96.6%)
2026-02-25 00:31:52,426 - Knowledge - INFO - Worker kw13 processing /app/data/newkinpogroup5515/55/b23195v/lu5-55/examples/image.lua
2026-02-25 00:31:52,540 - Knowledge - INFO - process ingested knowledge for /app/data/newkinpogroup5515/55/b23195v/lu5-55/docs/v0.0.5/mouse/index.html
2026-02-25 00:31:52,624 - Knowledge - INFO - process ingested knowledge for /app/data/newkinpogroup5515/55/b23195v/lu5-55/site/static/lib/lu5-editor.js
2026-02-25 00:31:52,739 - Knowledge - INFO - [kw14] Queue=2, InProgress=0, PendingWorkers=20/20, Completed=1405/1455 (96.6%)
2026-02-25 00:31:52,833 - Knowledge - INFO - Worker kw1 processing /app/data/newkinpogroup5515/55/b23195v/lu5-55/examples/frameRate.lua
2026-02-25 00:31:52,940 - Knowledge - INFO - Async storage completed for 5 embeddings
2026-02-25 00:31:52,948 - Knowledge - INFO - process ingested knowledge for /app/data/newkinpogroup5515/55/b23195v/lu5-55/docs/v0.0.5/image/index.html
2026-02-25 00:31:53,035 - Knowledge - INFO - Fast-tracked /app/data/newkinpogroup5515/55/b23195v/lu5-55/examples/grid.lua (ext=.lua, size=570)
2026-02-25 00:31:53,108 - Knowledge - INFO - Async storage completed for 4 embeddings
2026-02-25 00:31:53,119 - Knowledge - INFO - process ingested knowledge for /app/data/newkinpogroup5515/55/b23195v/lu5-55/docs/v0.0.5/mouse/mouseReleased/meta.json
2026-02-25 00:31:53,237 - Knowledge - INFO - Fast-tracked /app/data/newkinpogroup5515/55/b23195v/lu5-55/CONTRIBUTING.md (ext=.md, size=1280)
2026-02-25 00:31:53,326 - Knowledge - INFO - Fast-tracked /app/data/newkinpogroup5515/55/b23195v/lu5-55/examples/controls.lua (ext=.lua, size=574)
2026-02-25 00:31:53,414 - Knowledge - INFO - Fast-tracked /app/data/newkinpogroup5515/55/b23195v/lu5-55/examples/shapes.lua (ext=.lua, size=1449)
2026-02-25 00:31:53,520 - Knowledge - INFO - process ingested knowledge for /app/data/newkinpogroup5515/55/b23195v/lu5-55/docs/v0.0.5/keyboard/keyIsDown/meta.json
2026-02-25 00:31:53,616 - Knowledge - INFO - Fast-tracked /app/data/newkinpogroup5515/55/b23195v/lu5-55/examples/text.lua (ext=.lua, size=1391)
2026-02-25 00:31:53,711 - Knowledge - INFO - Batch sizing: calculated=2, max_allowed=10, queue=2, active_workers=20/20
2026-02-25 00:31:53,788 - Knowledge - INFO - [LLM_CALL] Completed: build_docs.lua:chunk1, Duration: 7352ms, PromptTokens: 4142, CompletionTokens: 419, Cost: $0.00058
2026-02-25 00:31:53,924 - Knowledge - INFO - Worker kw18 processing /app/data/newkinpogroup5515/55/b23195v/lu5-55/tests/lib/assert.lua
2026-02-25 00:31:54,041 - Knowledge - INFO - Batch sizing: calculated=2, max_allowed=10, queue=2, active_workers=20/20
2026-02-25 00:31:54,132 - Knowledge - INFO - Fast-tracked /app/data/newkinpogroup5515/55/b23195v/lu5-55/examples/image.lua (ext=.lua, size=594)
2026-02-25 00:31:54,231 - Knowledge - INFO - process ingested knowledge for /app/data/newkinpogroup5515/55/b23195v/lu5-55/docs/v0.0.5/mouse/mousePressed/index.html
2026-02-25 00:31:54,334 - Knowledge - INFO - process ingested knowledge for /app/data/newkinpogroup5515/55/b23195v/lu5-55/site/static/lib/lu5-console.min.js
2026-02-25 00:31:54,429 - Knowledge - INFO - Batch sizing: calculated=2, max_allowed=10, queue=2, active_workers=20/20
2026-02-25 00:31:54,548 - Knowledge - INFO - Fast-tracked /app/data/newkinpogroup5515/55/b23195v/lu5-55/examples/frameRate.lua (ext=.lua, size=336)
2026-02-25 00:31:54,727 - Knowledge - INFO - process ingested knowledge for /app/data/newkinpogroup5515/55/b23195v/lu5-55/docs/v0.0.5/index.html
2026-02-25 00:31:54,808 - Knowledge - INFO - Worker kw17 processing /app/data/newkinpogroup5515/55/b23195v/lu5-55/examples/arc.lua
2026-02-25 00:31:54,980 - Knowledge - INFO - process ingested knowledge for /app/data/newkinpogroup5515/55/b23195v/lu5-55/docs/v0.0.5/mouse/mouseX/index.html
2026-02-25 00:31:55,075 - Knowledge - INFO - Worker kw12 processing /app/data/newkinpogroup5515/55/b23195v/lu5-55/BUILD.md
2026-02-25 00:31:55,174 - Knowledge - INFO - Worker kw16 processing /app/data/newkinpogroup5515/55/b23195v/lu5-55/examples/html_test.lua
2026-02-25 00:31:55,277 - Knowledge - INFO - Worker kw19 processing /app/data/newkinpogroup5515/55/b23195v/lu5-55/examples/colors.lua
2026-02-25 00:31:55,383 - Knowledge - INFO - process ingested knowledge for /app/data/newkinpogroup5515/55/b23195v/lu5-55/docs/v0.0.5/keyboard/index.html
2026-02-25 00:31:55,454 - Knowledge - INFO - Worker kw9 processing /app/data/newkinpogroup5515/55/b23195v/lu5-55/examples/events.lua
2026-02-25 00:31:55,678 - Knowledge - INFO - done ingest for /app/data/newkinpogroup5515/55/b23195v/lu5-55/site/tasks/build_docs.lua
2026-02-25 00:31:55,688 - Knowledge - INFO - Async storing batch of 4 embeddings
2026-02-25 00:31:55,831 - Knowledge - INFO - Fast-tracked /app/data/newkinpogroup5515/55/b23195v/lu5-55/tests/lib/assert.lua (ext=.lua, size=1303)
2026-02-25 00:31:55,940 - Knowledge - INFO - [LLM_CALL] Completed: config.lua:chunk1, Duration: 9354ms, PromptTokens: 2308, CompletionTokens: 59, Cost: $0.00025
2026-02-25 00:31:56,154 - Knowledge - INFO - Worker kw13 processing /app/data/newkinpogroup5515/55/b23195v/lu5-55/examples/vector.lua
2026-02-25 00:31:56,628 - Knowledge - INFO - Worker kw1 processing /app/data/newkinpogroup5515/55/b23195v/lu5-55/examples/3D.lua
2026-02-25 00:31:56,765 - Knowledge - INFO - Async storage completed for 4 embeddings
2026-02-25 00:31:56,779 - Knowledge - INFO - process ingested knowledge for /app/data/newkinpogroup5515/55/b23195v/lu5-55/docs/v0.0.5/typography/textSize/index.html
2026-02-25 00:31:56,800 - Knowledge - INFO - Fast-tracked /app/data/newkinpogroup5515/55/b23195v/lu5-55/examples/arc.lua (ext=.lua, size=291)
2026-02-25 00:31:56,982 - Knowledge - INFO - Fast-tracked /app/data/newkinpogroup5515/55/b23195v/lu5-55/BUILD.md (ext=.md, size=1694)
2026-02-25 00:31:57,076 - Knowledge - INFO - Fast-tracked /app/data/newkinpogroup5515/55/b23195v/lu5-55/examples/html_test.lua (ext=.lua, size=137)
2026-02-25 00:31:57,176 - Knowledge - INFO - Fast-tracked /app/data/newkinpogroup5515/55/b23195v/lu5-55/examples/colors.lua (ext=.lua, size=669)
2026-02-25 00:31:57,368 - Knowledge - INFO - Fast-tracked /app/data/newkinpogroup5515/55/b23195v/lu5-55/examples/events.lua (ext=.lua, size=697)
2026-02-25 00:31:57,574 - Knowledge - INFO - Worker kw10 processing /app/data/newkinpogroup5515/55/b23195v/lu5-55/examples/collisions.lua
2026-02-25 00:31:57,648 - Knowledge - INFO - Async storage completed for 4 embeddings
2026-02-25 00:31:57,732 - Knowledge - INFO - done ingest for /app/data/newkinpogroup5515/55/b23195v/lu5-55/site/config.lua
2026-02-25 00:31:57,739 - Knowledge - INFO - Processing batch of 4 files
2026-02-25 00:31:57,844 - Knowledge - INFO - Fast-tracked /app/data/newkinpogroup5515/55/b23195v/lu5-55/examples/vector.lua (ext=.lua, size=1167)
2026-02-25 00:31:57,930 - Knowledge - INFO - Fast-tracked /app/data/newkinpogroup5515/55/b23195v/lu5-55/examples/3D.lua (ext=.lua, size=729)
2026-02-25 00:31:58,166 - Knowledge - INFO - process ingested knowledge for /app/data/newkinpogroup5515/55/b23195v/lu5-55/docs/v0.0.5/typography/textSize/meta.json
2026-02-25 00:31:58,262 - Knowledge - INFO - Worker kw17 processing /app/data/newkinpogroup5515/55/b23195v/lu5-55/examples/model.lua
2026-02-25 00:31:58,339 - Knowledge - INFO - Worker kw12 processing /app/data/newkinpogroup5515/55/b23195v/lu5-55/examples/line.lua
2026-02-25 00:31:58,433 - Knowledge - INFO - Worker kw16 processing /app/data/newkinpogroup5515/55/b23195v/lu5-55/examples/pong.lua
2026-02-25 00:31:58,571 - Knowledge - INFO - Worker kw19 processing /app/data/newkinpogroup5515/55/b23195v/lu5-55/examples/point.lua
2026-02-25 00:31:58,680 - Knowledge - INFO - Worker kw9 processing /app/data/newkinpogroup5515/55/b23195v/lu5-55/examples/print.lua
2026-02-25 00:31:58,817 - Knowledge - INFO - Worker kw10 processing /app/data/newkinpogroup5515/55/b23195v/lu5-55/examples/customShapes.lua
2026-02-25 00:31:58,943 - Knowledge - INFO - Processing batch of 4 files
2026-02-25 00:31:59,111 - Knowledge - INFO - process ingested knowledge for /app/data/newkinpogroup5515/55/b23195v/lu5-55/site/components/Editor/menubar.css
2026-02-25 00:31:59,224 - Knowledge - INFO - Worker kw13 processing /app/data/newkinpogroup5515/55/b23195v/lu5-55/examples/mouseIsPressed.lua
2026-02-25 00:31:59,372 - Knowledge - INFO - Worker kw1 processing /app/data/newkinpogroup5515/55/b23195v/lu5-55/examples/text2.lua
2026-02-25 00:31:59,501 - Knowledge - INFO - process ingested knowledge for /app/data/newkinpogroup5515/55/b23195v/lu5-55/docs/v0.0.5/typography/textFont/index.html
2026-02-25 00:31:59,516 - Knowledge - INFO - [LLM_CALL] Completed: Head.lua:chunk1, Duration: 10141ms, PromptTokens: 3876, CompletionTokens: 213, Cost: $0.00047
2026-02-25 00:31:59,592 - Knowledge - INFO - Fast-tracked /app/data/newkinpogroup5515/55/b23195v/lu5-55/examples/model.lua (ext=.lua, size=417)
2026-02-25 00:31:59,734 - Knowledge - INFO - Fast-tracked /app/data/newkinpogroup5515/55/b23195v/lu5-55/examples/line.lua (ext=.lua, size=674)
2026-02-25 00:31:59,858 - Knowledge - INFO - Fast-tracked /app/data/newkinpogroup5515/55/b23195v/lu5-55/examples/pong.lua (ext=.lua, size=1298)
2026-02-25 00:31:59,941 - Knowledge - INFO - Fast-tracked /app/data/newkinpogroup5515/55/b23195v/lu5-55/examples/point.lua (ext=.lua, size=240)
2026-02-25 00:32:00,378 - Knowledge - INFO - Fast-tracked /app/data/newkinpogroup5515/55/b23195v/lu5-55/examples/print.lua (ext=.lua, size=932)
2026-02-25 00:32:00,510 - Knowledge - INFO - Fast-tracked /app/data/newkinpogroup5515/55/b23195v/lu5-55/examples/customShapes.lua (ext=.lua, size=355)
2026-02-25 00:32:00,660 - Knowledge - INFO - process ingested knowledge for /app/data/newkinpogroup5515/55/b23195v/lu5-55/README.md
2026-02-25 00:32:00,766 - Knowledge - INFO - process ingested knowledge for /app/data/newkinpogroup5515/55/b23195v/lu5-55/site/components/Editor/popup.css
2026-02-25 00:32:00,854 - Knowledge - INFO - Fast-tracked /app/data/newkinpogroup5515/55/b23195v/lu5-55/examples/mouseIsPressed.lua (ext=.lua, size=368)
2026-02-25 00:32:00,933 - Knowledge - INFO - Fast-tracked /app/data/newkinpogroup5515/55/b23195v/lu5-55/examples/text2.lua (ext=.lua, size=322)
2026-02-25 00:32:01,181 - Knowledge - INFO - done ingest for /app/data/newkinpogroup5515/55/b23195v/lu5-55/site/layout/Head.lua
2026-02-25 00:32:01,182 - Knowledge - INFO - [LLM_CALL] Completed: luax.lua:chunk1, Duration: 9914ms, PromptTokens: 5016, CompletionTokens: 524, Cost: $0.00071
2026-02-25 00:32:01,310 - Knowledge - INFO - Async storage completed for 4 embeddings
2026-02-25 00:32:01,395 - Knowledge - INFO - Async storage completed for 4 embeddings
2026-02-25 00:32:01,522 - Knowledge - INFO - Async storage completed for 4 embeddings
2026-02-25 00:32:01,601 - Knowledge - INFO - Async storage completed for 5 embeddings
2026-02-25 00:32:01,699 - Knowledge - INFO - Async storage completed for 5 embeddings
2026-02-25 00:32:01,811 - Knowledge - INFO - Fast-tracked /app/data/newkinpogroup5515/55/b23195v/lu5-55/examples/collisions.lua (small file (2795 bytes))
2026-02-25 00:32:01,911 - Knowledge - INFO - process ingested knowledge for /app/data/newkinpogroup5515/55/b23195v/lu5-55/tests/math.lua
2026-02-25 00:32:01,998 - Knowledge - INFO - process ingested knowledge for /app/data/newkinpogroup5515/55/b23195v/lu5-55/site/components/SocialButton.lua
2026-02-25 00:32:02,112 - Knowledge - INFO - Async storage completed for 5 embeddings
2026-02-25 00:32:02,213 - Knowledge - INFO - Worker kw1 processing /app/data/newkinpogroup5515/55/b23195v/lu5-55/examples/sphere.lua
2026-02-25 00:32:02,410 - Knowledge - INFO - done ingest for /app/data/newkinpogroup5515/55/b23195v/lu5-55/site/lib/luax.lua
2026-02-25 00:32:02,685 - Knowledge - INFO - Processing batch of 4 files
2026-02-25 00:32:02,882 - Knowledge - INFO - Processing batch of 4 files
2026-02-25 00:32:02,910 - Knowledge - INFO - [LLM_CALL] Completed: RootLayout.lua:chunk1, Duration: 11667ms, PromptTokens: 2754, CompletionTokens: 251, Cost: $0.00038
2026-02-25 00:32:03,115 - Knowledge - INFO - Async storage completed for 4 embeddings
2026-02-25 00:32:03,235 - Knowledge - INFO - process ingested knowledge for /app/data/newkinpogroup5515/55/b23195v/lu5-55/tests/vector.lua
2026-02-25 00:32:03,318 - Knowledge - INFO - process ingested knowledge for /app/data/newkinpogroup5515/55/b23195v/lu5-55/site/tasks/build_docs.lua
2026-02-25 00:32:03,548 - Knowledge - INFO - Fast-tracked /app/data/newkinpogroup5515/55/b23195v/lu5-55/examples/sphere.lua (ext=.lua, size=206)
2026-02-25 00:32:03,793 - Knowledge - INFO - process ingested knowledge for /app/data/newkinpogroup5515/55/b23195v/lu5-55/examples/math.lua
2026-02-25 00:32:03,949 - Knowledge - INFO - process ingested knowledge for /app/data/newkinpogroup5515/55/b23195v/lu5-55/ROADMAP.md
2026-02-25 00:32:04,065 - Knowledge - INFO - done ingest for /app/data/newkinpogroup5515/55/b23195v/lu5-55/site/layout/RootLayout.lua
2026-02-25 00:32:04,066 - Knowledge - INFO - Processing batch of 4 files
2026-02-25 00:32:04,068 - Knowledge - INFO - Processing batch of 4 files
2026-02-25 00:32:04,069 - Knowledge - INFO - Processing batch of 4 files
2026-02-25 00:32:04,069 - Knowledge - INFO - Processing batch of 4 files
2026-02-25 00:32:04,069 - Knowledge - INFO - [LLM_CALL] Completed: file.lua:chunk1, Duration: 14694ms, PromptTokens: 3002, CompletionTokens: 562, Cost: $0.00052
2026-02-25 00:32:04,249 - Knowledge - INFO - process ingested knowledge for /app/data/newkinpogroup5515/55/b23195v/lu5-55/tests/lib/assert.lua
2026-02-25 00:32:04,442 - Knowledge - INFO - Async storage completed for 5 embeddings
2026-02-25 00:32:04,585 - Knowledge - INFO - process ingested knowledge for /app/data/newkinpogroup5515/55/b23195v/lu5-55/examples/grid.lua
2026-02-25 00:32:04,711 - Knowledge - INFO - process ingested knowledge for /app/data/newkinpogroup5515/55/b23195v/lu5-55/CONTRIBUTING.md
2026-02-25 00:32:04,861 - Knowledge - INFO - process ingested knowledge for /app/data/newkinpogroup5515/55/b23195v/lu5-55/examples/instances.lua
2026-02-25 00:32:04,943 - Knowledge - INFO - process ingested knowledge for /app/data/newkinpogroup5515/55/b23195v/lu5-55/examples/crop.lua
2026-02-25 00:32:05,050 - Knowledge - INFO - process ingested knowledge for /app/data/newkinpogroup5515/55/b23195v/lu5-55/examples/mouse.lua
2026-02-25 00:32:05,137 - Knowledge - INFO - process ingested knowledge for /app/data/newkinpogroup5515/55/b23195v/lu5-55/examples/textWeb.lua
2026-02-25 00:32:05,216 - Knowledge - INFO - done ingest for /app/data/newkinpogroup5515/55/b23195v/lu5-55/site/lib/file.lua
2026-02-25 00:32:05,217 - Knowledge - INFO - Processing batch of 2 files
2026-02-25 00:32:05,217 - Knowledge - INFO - [LLM_CALL] Completed: parse.lua:chunk1, Duration: 9530ms, PromptTokens: 6668, CompletionTokens: 661, Cost: $0.00093
2026-02-25 00:32:05,617 - Knowledge - INFO - process ingested knowledge for /app/data/newkinpogroup5515/55/b23195v/lu5-55/examples/arc.lua
2026-02-25 00:32:05,625 - Knowledge - INFO - process ingested knowledge for /app/data/newkinpogroup5515/55/b23195v/lu5-55/BUILD.md
2026-02-25 00:32:05,732 - Knowledge - INFO - process ingested knowledge for /app/data/newkinpogroup5515/55/b23195v/lu5-55/examples/controls.lua
2026-02-25 00:32:05,800 - Knowledge - INFO - process ingested knowledge for /app/data/newkinpogroup5515/55/b23195v/lu5-55/examples/shapes.lua
2026-02-25 00:32:05,918 - Knowledge - INFO - process ingested knowledge for /app/data/newkinpogroup5515/55/b23195v/lu5-55/examples/text.lua
2026-02-25 00:32:06,042 - Knowledge - INFO - process ingested knowledge for /app/data/newkinpogroup5515/55/b23195v/lu5-55/examples/image.lua
2026-02-25 00:32:06,260 - Knowledge - INFO - process ingested knowledge for /app/data/newkinpogroup5515/55/b23195v/lu5-55/examples/collisions.lua
2026-02-25 00:32:06,374 - Knowledge - INFO - done ingest for /app/data/newkinpogroup5515/55/b23195v/lu5-55/site/lib/parse.lua
2026-02-25 00:32:06,376 - Knowledge - INFO - Processing batch of 4 files
2026-02-25 00:32:06,377 - Knowledge - INFO - Processing batch of 4 files
2026-02-25 00:32:06,377 - Knowledge - INFO - Processing batch of 4 files
2026-02-25 00:32:06,378 - Knowledge - INFO - [WEBSOCKET] Sent: Type=progress_update, Size: 276, Duration: 0ms
2026-02-25 00:32:06,478 - Knowledge - INFO - process ingested knowledge for /app/data/newkinpogroup5515/55/b23195v/lu5-55/examples/model.lua
2026-02-25 00:32:06,592 - Knowledge - INFO - process ingested knowledge for /app/data/newkinpogroup5515/55/b23195v/lu5-55/examples/line.lua
2026-02-25 00:32:06,710 - Knowledge - INFO - process ingested knowledge for /app/data/newkinpogroup5515/55/b23195v/lu5-55/examples/html_test.lua
2026-02-25 00:32:06,822 - Knowledge - INFO - process ingested knowledge for /app/data/newkinpogroup5515/55/b23195v/lu5-55/examples/colors.lua
2026-02-25 00:32:06,904 - Knowledge - INFO - process ingested knowledge for /app/data/newkinpogroup5515/55/b23195v/lu5-55/examples/events.lua
2026-02-25 00:32:06,985 - Knowledge - INFO - process ingested knowledge for /app/data/newkinpogroup5515/55/b23195v/lu5-55/examples/vector.lua
2026-02-25 00:32:07,072 - Knowledge - INFO - process ingested knowledge for /app/data/newkinpogroup5515/55/b23195v/lu5-55/examples/customShapes.lua
2026-02-25 00:32:07,243 - Knowledge - INFO - process ingested knowledge for /app/data/newkinpogroup5515/55/b23195v/lu5-55/site/config.lua
2026-02-25 00:32:07,375 - Knowledge - INFO - process ingested knowledge for /app/data/newkinpogroup5515/55/b23195v/lu5-55/examples/frameRate.lua
2026-02-25 00:32:07,480 - Knowledge - INFO - process ingested knowledge for /app/data/newkinpogroup5515/55/b23195v/lu5-55/site/lib/file.lua
2026-02-25 00:32:07,593 - Knowledge - INFO - Processing batch of 4 files
2026-02-25 00:32:07,593 - Knowledge - INFO - [WEBSOCKET] Sent: Type=unknown, Size: ?, Duration: 1215ms
2026-02-25 00:32:08,155 - Knowledge - INFO - process ingested knowledge for /app/data/newkinpogroup5515/55/b23195v/lu5-55/examples/point.lua
2026-02-25 00:32:08,155 - Knowledge - INFO - process ingested knowledge for /app/data/newkinpogroup5515/55/b23195v/lu5-55/examples/print.lua
2026-02-25 00:32:08,157 - Knowledge - INFO - process ingested knowledge for /app/data/newkinpogroup5515/55/b23195v/lu5-55/examples/pong.lua
2026-02-25 00:32:08,234 - Knowledge - INFO - process ingested knowledge for /app/data/newkinpogroup5515/55/b23195v/lu5-55/examples/mouseIsPressed.lua
2026-02-25 00:32:08,438 - Knowledge - INFO - process ingested knowledge for /app/data/newkinpogroup5515/55/b23195v/lu5-55/site/layout/Head.lua
2026-02-25 00:32:08,563 - Knowledge - INFO - process ingested knowledge for /app/data/newkinpogroup5515/55/b23195v/lu5-55/examples/3D.lua
2026-02-25 00:32:08,605 - Knowledge - INFO - process ingested knowledge for /app/data/newkinpogroup5515/55/b23195v/lu5-55/site/lib/minify.lua
2026-02-25 00:32:08,688 - Knowledge - INFO - process ingested knowledge for /app/data/newkinpogroup5515/55/b23195v/lu5-55/site/lib/search.lua
2026-02-25 00:32:08,780 - Knowledge - INFO - Progress: 99.7% | Files: 1455/1455 | Rate: 1.77 files/sec | Queue: 0
2026-02-25 00:32:09,280 - Knowledge - INFO - process ingested knowledge for /app/data/newkinpogroup5515/55/b23195v/lu5-55/site/layout/RootLayout.lua
2026-02-25 00:32:09,621 - Knowledge - INFO - process ingested knowledge for /app/data/newkinpogroup5515/55/b23195v/lu5-55/site/lib/luax.lua
2026-02-25 00:32:09,623 - Knowledge - INFO - process ingested knowledge for /app/data/newkinpogroup5515/55/b23195v/lu5-55/site/lib/version.lua
2026-02-25 00:32:09,623 - Knowledge - INFO - process ingested knowledge for /app/data/newkinpogroup5515/55/b23195v/lu5-55/examples/text2.lua
2026-02-25 00:32:09,897 - Knowledge - INFO - process ingested knowledge for /app/data/newkinpogroup5515/55/b23195v/lu5-55/site/README.md
2026-02-25 00:32:10,045 - Knowledge - INFO - process ingested knowledge for /app/data/newkinpogroup5515/55/b23195v/lu5-55/site/lib/json.lua
2026-02-25 00:32:10,055 - Knowledge - INFO - process ingested knowledge for /app/data/newkinpogroup5515/55/b23195v/lu5-55/site/lib/css.lua
2026-02-25 00:32:10,089 - Knowledge - INFO - process ingested knowledge for /app/data/newkinpogroup5515/55/b23195v/lu5-55/examples/sphere.lua
2026-02-25 00:32:10,546 - Knowledge - INFO - process ingested knowledge for /app/data/newkinpogroup5515/55/b23195v/lu5-55/site/lib/parse.lua
2026-02-25 00:32:11,319 - Knowledge - INFO - Knowledge creation complete
2026-02-25 00:32:11,476 - Knowledge - INFO - ==================================================
2026-02-25 00:32:11,718 - Knowledge - INFO - KNOWLEDGE GRAPH GENERATION PERFORMANCE SUMMARY
2026-02-25 00:32:11,891 - Knowledge - INFO - ==================================================
2026-02-25 00:32:12,040 - Knowledge - INFO - Total processing time: 828.31 seconds (13.81 minutes)
2026-02-25 00:32:12,215 - Knowledge - INFO - Files processed: 0
2026-02-25 00:32:12,381 - Knowledge - INFO - Processing rate: 0.00 files/second
2026-02-25 00:32:12,570 - Knowledge - INFO - 
[TIME_BREAKDOWN]
2026-02-25 00:32:12,796 - Knowledge - INFO - File Reading: 0.00s (0.0%)
2026-02-25 00:32:12,984 - Knowledge - INFO - LLM Processing: 1071.98s (129.4%)
2026-02-25 00:32:13,187 - Knowledge - INFO - MongoDB Operations: 0.00s (0.0%)
2026-02-25 00:32:13,393 - Knowledge - INFO - Redis Operations: 0.00s (0.0%)
2026-02-25 00:32:13,607 - Knowledge - INFO - WebSocket Communication: 42.42s (5.1%)
2026-02-25 00:32:13,830 - Knowledge - INFO - 
[LLM_STATS]
2026-02-25 00:32:13,998 - Knowledge - INFO - Total LLM calls: 301
2026-02-25 00:32:14,162 - Knowledge - INFO - Average LLM response time: 3561ms
2026-02-25 00:32:14,333 - Knowledge - INFO - Average prompt tokens: 5219.5
2026-02-25 00:32:14,568 - Knowledge - INFO - Average completion tokens: 105.3
2026-02-25 00:32:14,723 - Knowledge - INFO - Total prompt tokens: 1571080
2026-02-25 00:32:14,942 - Knowledge - INFO - Total completion tokens: 31688
2026-02-25 00:32:15,147 - Knowledge - INFO - Total LLM cost: $0.1698
2026-02-25 00:32:15,337 - Knowledge - INFO - 
[DATABASE_STATS]
2026-02-25 00:32:15,515 - Knowledge - INFO - MongoDB operations: 0
2026-02-25 00:32:15,675 - Knowledge - INFO - Redis operations: 0
2026-02-25 00:32:15,839 - Knowledge - INFO - 
[COMMUNICATION_STATS]
2026-02-25 00:32:16,015 - Knowledge - INFO - WebSocket messages sent: 81
2026-02-25 00:32:16,205 - Knowledge - INFO - Average message size: 147.1 bytes
2026-02-25 00:32:16,375 - Knowledge - INFO - 
[WORKER_STATS]
2026-02-25 00:32:16,559 - Knowledge - INFO - 
[FILE_TYPE_STATS]
2026-02-25 00:32:16,760 - Knowledge - INFO - 
[SLOWEST_FILES]
2026-02-25 00:32:16,962 - Knowledge - INFO - ==================================================
2026-02-25 00:32:17,155 - Knowledge - INFO - ==================================================
2026-02-25 00:32:17,355 - Knowledge - INFO - KNOWLEDGE GRAPH GENERATION PERFORMANCE SUMMARY
2026-02-25 00:32:17,527 - Knowledge - INFO - ==================================================
2026-02-25 00:32:17,711 - Knowledge - INFO - Total processing time: 834.05 seconds (13.90 minutes)
2026-02-25 00:32:17,920 - Knowledge - INFO - Files processed: 1455 of 1455
2026-02-25 00:32:18,123 - Knowledge - INFO - Processing rate: 1.74 files/second
2026-02-25 00:32:18,354 - Knowledge - INFO - WebSocket messages sent: 40
2026-02-25 00:32:18,504 - Knowledge - INFO - MongoDB operations: 1455
2026-02-25 00:32:18,669 - Knowledge - INFO - Average MongoDB ops per file: 1.00
2026-02-25 00:32:18,876 - Knowledge - INFO - LLM costs: $0.3260
2026-02-25 00:32:19,072 - Knowledge - INFO - Prompt tokens: 3064658
2026-02-25 00:32:19,280 - Knowledge - INFO - Completion tokens: 48762
2026-02-25 00:32:19,470 - Knowledge - INFO - Updating org costs, total cost: 0.32597060000000017
2026-02-25 00:32:19,643 - Knowledge - INFO - [WEBSOCKET] Sent: Type=progress_update, Size: 272, Duration: 0ms
2026-02-25 00:32:19,872 - Knowledge - INFO - Saving knowledge to Redis...
2026-02-25 00:32:21,188 - Knowledge - INFO - Knowledge saved to Redis successfully
